neigh,step,mean_best_norm,sd_best_norm,n_obs
n1,0,1.0,0.0,2460
n1,1,0.890496,0.023429,1460
n1,2,0.868362,0.025079,1889
n1,3,0.855331,0.025288,2224
n1,4,0.852621,0.025607,1748
n1,5,0.843332,0.025557,2208
n1,6,0.841378,0.025933,1885
n1,7,0.838728,0.025753,1814
n1,8,0.833629,0.025276,2094
n1,9,0.833287,0.025693,1775
n1,10,0.829796,0.025782,1855
n1,11,0.828501,0.025216,1852
n1,12,0.826657,0.02518,1869
n1,13,0.82532,0.025082,1794
n1,14,0.823385,0.025145,1815
n1,15,0.822893,0.024778,1765
n1,16,0.821431,0.02505,1757
n1,17,0.820577,0.024727,1728
n1,18,0.819866,0.024557,1718
n1,19,0.818455,0.024728,1713
n1,20,0.818252,0.024318,1682
n1,21,0.817628,0.024545,1638
n1,22,0.816983,0.024291,1622
n1,23,0.816246,0.024482,1600
n1,24,0.816193,0.024448,1552
n1,25,0.815407,0.024448,1557
n1,26,0.815485,0.024722,1473
n1,27,0.814579,0.0245,1484
n1,28,0.814671,0.02484,1402
n1,29,0.814461,0.024508,1394
n1,30,0.814092,0.024525,1324
n1,31,0.813982,0.024228,1286
n1,32,0.813819,0.024358,1244
n1,33,0.813435,0.024263,1241
n1,34,0.813859,0.024195,1199
n1,35,0.812822,0.02358,1137
n1,36,0.812857,0.023471,1117
n1,37,0.813373,0.023575,1075
n1,38,0.813125,0.023573,1064
n1,39,0.812707,0.023514,1059
n1,40,0.813501,0.023362,1015
n1,41,0.813672,0.023253,987
n1,42,0.813775,0.023276,974
n1,43,0.81449,0.023208,924
n1,44,0.815423,0.022673,886
n1,45,0.81644,0.022756,829
n1,46,0.818102,0.022799,741
n1,47,0.818951,0.022498,701
n1,48,0.819094,0.022345,606
n1,49,0.818741,0.021751,554
n1,50,0.820116,0.021473,500
n1,51,0.81865,0.021481,428
n1,52,0.81793,0.021252,357
n1,53,0.816824,0.021608,330
n1,54,0.817166,0.021115,325
n1,55,0.817146,0.02159,316
n1,56,0.815946,0.020689,276
n1,57,0.816232,0.020502,272
n1,58,0.815616,0.02103,238
n1,59,0.81884,0.019786,197
n1,60,0.819019,0.015608,159
n1,61,0.81951,0.014732,156
n1,62,0.821188,0.013283,123
n1,63,0.821626,0.012349,122
n1,64,0.825269,0.01018,90
n1,65,0.824806,0.010717,91
n1,66,0.826965,0.010385,30
n1,67,0.826817,0.010519,30
n1,68,0.826801,0.01055,30
n1,69,0.827013,0.010571,30
n1,70,0.826729,0.01029,30
n1,71,0.826547,0.010543,30
n1,72,0.826371,0.010532,30
n1,73,0.826319,0.01098,30
n1,74,0.82574,0.010761,30
n1,75,0.825562,0.010591,30
n2,0,1.0,0.0,2460
n2,1,0.87086,0.019082,1890
n2,2,0.852864,0.01932,2310
n2,3,0.843693,0.019573,2253
n2,4,0.837961,0.019459,2101
n2,5,0.832061,0.019507,2304
n2,6,0.828409,0.019898,2126
n2,7,0.825658,0.019747,2134
n2,8,0.822353,0.019727,2191
n2,9,0.820376,0.019869,2096
n2,10,0.818213,0.019973,2138
n2,11,0.816427,0.01991,2146
n2,12,0.814905,0.019965,2102
n2,13,0.813488,0.019832,2075
n2,14,0.812214,0.019904,2109
n2,15,0.811157,0.019765,2094
n2,16,0.809734,0.01982,2068
n2,17,0.809067,0.020149,2090
n2,18,0.807849,0.02002,2039
n2,19,0.807153,0.019962,2032
n2,20,0.8064,0.020147,2022
n2,21,0.805631,0.020138,2018
n2,22,0.804921,0.020122,2035
n2,23,0.804047,0.02023,1957
n2,24,0.80384,0.020394,1952
n2,25,0.803032,0.020517,1944
n2,26,0.80213,0.020335,1869
n2,27,0.800886,0.019872,1780
n2,28,0.799044,0.018737,1707
n2,29,0.798651,0.019086,1657
n2,30,0.798189,0.019065,1624
n2,31,0.798047,0.019036,1587
n2,32,0.797775,0.0189,1543
n2,33,0.797828,0.018987,1494
n2,34,0.796984,0.019094,1438
n2,35,0.796682,0.018984,1386
n2,36,0.79664,0.019107,1314
n2,37,0.795588,0.017998,1229
n2,38,0.795246,0.01805,1200
n2,39,0.795014,0.018224,1172
n2,40,0.793933,0.017853,1114
n2,41,0.793517,0.018046,1062
n2,42,0.793206,0.018105,1047
n2,43,0.792749,0.018101,1032
n2,44,0.792273,0.018183,996
n2,45,0.791991,0.018158,991
n2,46,0.790872,0.017745,958
n2,47,0.790734,0.017776,959
n2,48,0.790975,0.017834,867
n2,49,0.791037,0.017863,839
n2,50,0.79085,0.017846,840
n2,51,0.791682,0.017898,783
n2,52,0.790713,0.017386,690
n2,53,0.79056,0.017413,690
n2,54,0.791278,0.017083,661
n2,55,0.792382,0.016822,605
n2,56,0.791952,0.015283,510
n2,57,0.793594,0.01485,450
n2,58,0.793924,0.014334,360
n2,59,0.793704,0.014213,360
n2,60,0.79359,0.01417,360
n2,61,0.793354,0.012906,300
n2,62,0.79572,0.012482,210
n2,63,0.795504,0.012517,210
n2,64,0.795364,0.012595,210
n2,65,0.795192,0.012513,210
n2,66,0.795106,0.01252,210
n2,67,0.794931,0.012597,210
n2,68,0.794797,0.012522,210
n2,69,0.794601,0.012605,210
n2,70,0.795031,0.013053,180
n2,71,0.794898,0.013149,180
n2,72,0.796199,0.013467,150
n2,73,0.795801,0.014462,120
n2,74,0.795771,0.014391,120
n2,75,0.79419,0.015643,90
n2,76,0.794087,0.015628,90
n2,77,0.794055,0.015721,90
n2,78,0.794018,0.015728,90
n2,79,0.793907,0.015504,90
n2,80,0.793745,0.01553,90
n2,81,0.79362,0.015474,90
n2,82,0.799168,0.014874,60
n2,83,0.799052,0.01476,60
n2,84,0.798885,0.014947,60
n2,85,0.799083,0.01462,60
n2,86,0.798953,0.014668,60
n2,87,0.798814,0.014592,60
n2,88,0.798685,0.014616,60
n2,89,0.798583,0.014523,60
n2,90,0.798352,0.014479,60
n2,91,0.809913,0.009489,30
n3,0,1.0,0.0,2460
n3,1,0.900085,0.024986,2402
n3,2,0.884062,0.025766,2454
n3,3,0.873655,0.025854,2444
n3,4,0.866062,0.025851,2441
n3,5,0.860227,0.025713,2439
n3,6,0.855309,0.025601,2442
n3,7,0.851348,0.025334,2451
n3,8,0.847899,0.025042,2442
n3,9,0.844877,0.025022,2439
n3,10,0.842392,0.024768,2447
n3,11,0.84021,0.02466,2435
n3,12,0.838215,0.024543,2438
n3,13,0.836549,0.024261,2437
n3,14,0.834941,0.024041,2443
n3,15,0.833722,0.023958,2434
n3,16,0.832506,0.02378,2439
n3,17,0.831253,0.023608,2433
n3,18,0.830368,0.023422,2431
n3,19,0.829428,0.023326,2429
n3,20,0.828592,0.023122,2422
n3,21,0.827724,0.023149,2427
n3,22,0.827001,0.023133,2416
n3,23,0.826352,0.022971,2416
n3,24,0.82583,0.022916,2414
n3,25,0.825229,0.022766,2426
n3,26,0.824637,0.022751,2409
n3,27,0.824153,0.022698,2390
n3,28,0.823735,0.022681,2348
n3,29,0.823355,0.02279,2277
n3,30,0.82256,0.023077,2147
n3,31,0.82204,0.023319,2028
n3,32,0.821595,0.023569,1933
n3,33,0.820726,0.023715,1807
n3,34,0.820054,0.023398,1702
n3,35,0.819531,0.023432,1666
n3,36,0.819769,0.023681,1537
n3,37,0.819277,0.023825,1476
n3,38,0.819226,0.024289,1383
n3,39,0.819157,0.024431,1263
n3,40,0.819387,0.024592,1201
n3,41,0.819273,0.02479,1111
n3,42,0.82059,0.024852,1021
n3,43,0.822039,0.024208,960
n3,44,0.822489,0.024044,930
n3,45,0.822138,0.024018,930
n3,46,0.822293,0.024689,840
n3,47,0.822005,0.024606,840
n3,48,0.82182,0.024585,840
n3,49,0.820353,0.024186,810
n3,50,0.820118,0.024214,810
n3,51,0.819923,0.024121,810
n3,52,0.818944,0.024539,750
n3,53,0.81922,0.024647,720
n3,54,0.819507,0.025,690
n3,55,0.821159,0.02575,600
n3,56,0.820987,0.025801,540
n3,57,0.820775,0.025882,540
n3,58,0.820573,0.025886,540
n3,59,0.822138,0.025337,510
n3,60,0.822065,0.025304,510
n3,61,0.825001,0.024289,390
n3,62,0.828485,0.024217,330
n3,63,0.828282,0.02424,330
n3,64,0.828104,0.024091,330
n3,65,0.826186,0.024177,300
n3,66,0.82589,0.024201,300
n3,67,0.8225,0.025486,240
n3,68,0.828524,0.025622,180
n3,69,0.836087,0.019942,150
n3,70,0.835914,0.019905,150
n3,71,0.842963,0.01343,90
n3,72,0.842724,0.013435,90
n3,73,0.842405,0.013315,90
n3,74,0.842988,0.014891,60
n3,75,0.842836,0.01505,60
n3,76,0.842445,0.014813,60
n3,77,0.842382,0.014826,60
n3,78,0.842324,0.015019,60
n3,79,0.842189,0.014771,60
n3,80,0.841799,0.014669,60
n3,81,0.8417,0.014603,60
n3,82,0.841473,0.014832,60
n3,83,0.841144,0.014715,60
n3,84,0.841238,0.014861,60
n3,85,0.851695,0.011147,30
n3,86,0.851858,0.010789,30
n3,87,0.851165,0.011061,30
n3,88,0.850989,0.011132,30
n3,89,0.851177,0.011178,30
n3,90,0.851095,0.01087,30
n8,0,1.0,0.0,2460
n8,1,0.866784,0.019391,2297
n8,2,0.850535,0.019599,2443
n8,3,0.841317,0.019514,2394
n8,4,0.834909,0.019637,2402
n8,5,0.829934,0.019489,2392
n8,6,0.826369,0.019521,2399
n8,7,0.823159,0.019634,2378
n8,8,0.820471,0.019359,2371
n8,9,0.818506,0.019452,2367
n8,10,0.816572,0.019433,2367
n8,11,0.814722,0.019494,2365
n8,12,0.813223,0.019428,2358
n8,13,0.812017,0.019622,2351
n8,14,0.810586,0.019668,2327
n8,15,0.809786,0.01978,2337
n8,16,0.808593,0.019674,2320
n8,17,0.807866,0.019859,2334
n8,18,0.807155,0.019771,2333
n8,19,0.806292,0.01989,2319
n8,20,0.8055,0.019823,2284
n8,21,0.804797,0.020068,2256
n8,22,0.803918,0.019983,2205
n8,23,0.803242,0.020124,2146
n8,24,0.802402,0.020096,2096
n8,25,0.801909,0.020254,2056
n8,26,0.800433,0.01944,1989
n8,27,0.799616,0.019364,1951
n8,28,0.79905,0.019386,1885
n8,29,0.798431,0.019378,1858
n8,30,0.798317,0.019359,1819
n8,31,0.798062,0.019354,1807
n8,32,0.796355,0.018403,1723
n8,33,0.795432,0.017515,1630
n8,34,0.794711,0.017677,1515
n8,35,0.793501,0.017287,1441
n8,36,0.793655,0.017472,1353
n8,37,0.79392,0.017541,1207
n8,38,0.793742,0.017663,1148
n8,39,0.793689,0.017667,1142
n8,40,0.793853,0.017664,1110
n8,41,0.793963,0.017693,1080
n8,42,0.794237,0.017903,989
n8,43,0.79412,0.017922,933
n8,44,0.793487,0.018073,902
n8,45,0.792129,0.017771,841
n8,46,0.790878,0.017149,780
n8,47,0.790716,0.017163,780
n8,48,0.791101,0.017058,750
n8,49,0.79166,0.017296,690
n8,50,0.791275,0.017383,600
n8,51,0.792875,0.016938,540
n8,52,0.793315,0.016858,510
n8,53,0.791542,0.01683,450
n8,54,0.791439,0.016878,450
n8,55,0.791331,0.016894,450
n8,56,0.791079,0.016843,450
n8,57,0.791804,0.016924,420
n8,58,0.792445,0.01696,390
n8,59,0.792946,0.014592,330
n8,60,0.79418,0.014817,270
n8,61,0.794374,0.013,210
n8,62,0.794272,0.013068,210
n8,63,0.794166,0.013155,210
n8,64,0.794769,0.013311,180
n8,65,0.794627,0.013382,180
n8,66,0.794479,0.013386,180
n8,67,0.794688,0.013953,120
n8,68,0.794594,0.013981,120
n8,69,0.794441,0.014131,120
n8,70,0.794602,0.014129,120
n8,71,0.787973,0.008909,90
n8,72,0.787854,0.008981,90
n8,73,0.787701,0.00878,90
n8,74,0.787615,0.008671,90
n8,75,0.787578,0.008731,90
n8,76,0.786028,0.009082,60
n8,77,0.785971,0.009021,60
n8,78,0.782903,0.007946,30
n8,79,0.782826,0.007867,30
n8,80,0.782686,0.007804,30
n8,81,0.782386,0.00767,30
n8,82,0.782449,0.00777,30
next,0,1.0,0.0,2460
next,1,0.875297,0.019922,1529
next,2,0.854747,0.02088,2271
next,3,0.846344,0.0217,1985
next,4,0.83905,0.021554,2265
next,5,0.834948,0.021891,1998
next,6,0.831536,0.021427,2119
next,7,0.827852,0.022348,1987
next,8,0.825675,0.022006,2000
next,9,0.823383,0.022044,2020
next,10,0.821808,0.021992,1996
next,11,0.819595,0.022144,2027
next,12,0.81826,0.022094,1958
next,13,0.81679,0.022148,1941
next,14,0.815681,0.02186,1932
next,15,0.814628,0.021726,1977
next,16,0.813451,0.02197,1906
next,17,0.812327,0.021843,1876
next,18,0.811831,0.021804,1904
next,19,0.81074,0.022038,1887
next,20,0.810327,0.021651,1871
next,21,0.809988,0.021852,1869
next,22,0.808805,0.022105,1838
next,23,0.808587,0.021753,1831
next,24,0.807725,0.021919,1747
next,25,0.806905,0.021773,1750
next,26,0.806293,0.022042,1706
next,27,0.805775,0.021918,1669
next,28,0.805518,0.022036,1654
next,29,0.804884,0.02203,1643
next,30,0.803913,0.021527,1539
next,31,0.803681,0.021754,1495
next,32,0.803354,0.021861,1468
next,33,0.803744,0.021917,1354
next,34,0.802709,0.021507,1270
next,35,0.802786,0.021491,1219
next,36,0.802606,0.021682,1189
next,37,0.802685,0.021451,1157
next,38,0.802478,0.021442,1147
next,39,0.802301,0.021709,1101
next,40,0.802106,0.021722,1092
next,41,0.801269,0.021655,1061
next,42,0.801635,0.021456,1029
next,43,0.80076,0.020514,971
next,44,0.80045,0.020549,964
next,45,0.800867,0.020922,875
next,46,0.80063,0.021209,840
next,47,0.801344,0.021572,786
next,48,0.80106,0.021509,783
next,49,0.802564,0.021846,690
next,50,0.803112,0.021411,601
next,51,0.802833,0.02146,601
next,52,0.801146,0.020753,568
next,53,0.800983,0.020765,570
next,54,0.803675,0.019732,510
next,55,0.803832,0.019573,450
next,56,0.803749,0.01955,450
next,57,0.803064,0.019986,420
next,58,0.804601,0.018879,300
next,59,0.804346,0.019132,301
next,60,0.808003,0.015204,272
next,61,0.808088,0.014812,271
next,62,0.806902,0.015038,240
next,63,0.806813,0.01507,240
next,64,0.806527,0.015032,240
next,65,0.804622,0.014624,210
next,66,0.804574,0.014559,210
next,67,0.80449,0.014597,210
next,68,0.803359,0.015366,150
next,69,0.803249,0.01544,150
next,70,0.803059,0.015343,150
next,71,0.802858,0.015497,150
next,72,0.80284,0.015544,150
next,73,0.802685,0.015567,150
next,74,0.803835,0.016582,120
next,75,0.80882,0.015155,90
next,76,0.808666,0.015044,90
next,77,0.808498,0.014979,90
next,78,0.808468,0.01505,90
next,79,0.809676,0.016758,60
next,80,0.809627,0.016776,60
next,81,0.809402,0.01691,60
next,82,0.809196,0.017047,60
next,83,0.80904,0.017041,60
next,84,0.808976,0.017042,60
next,85,0.808916,0.016968,60
next,86,0.808886,0.016909,60
next,87,0.808553,0.017035,60
next,88,0.794388,0.009568,30
next,89,0.794284,0.009482,30
next,90,0.794097,0.009421,30
next,91,0.794395,0.009435,30
next,92,0.794521,0.009355,30
next,93,0.794507,0.009683,30
next,94,0.794237,0.009699,30
next,95,0.793773,0.009309,30
next,96,0.793787,0.009154,30
next,97,0.793658,0.009125,30
next,98,0.793587,0.009201,30
next,99,0.793351,0.009333,30
next,100,0.79319,0.009313,30
