# I-041 w6: 21 instances x 2 cells x 5 runs, one run per job
/opt/ijsp/crisp/IJSP/experiments/classic_jsp_2026/iter/I-041/setups/ta22_control_w6_p01.txt	I-041_w6_p01_control	ta22
/opt/ijsp/crisp/IJSP/experiments/classic_jsp_2026/iter/I-041/setups/ta22_control_w6_p02.txt	I-041_w6_p02_control	ta22
/opt/ijsp/crisp/IJSP/experiments/classic_jsp_2026/iter/I-041/setups/ta22_control_w6_p03.txt	I-041_w6_p03_control	ta22
/opt/ijsp/crisp/IJSP/experiments/classic_jsp_2026/iter/I-041/setups/ta22_control_w6_p04.txt	I-041_w6_p04_control	ta22
/opt/ijsp/crisp/IJSP/experiments/classic_jsp_2026/iter/I-041/setups/ta22_control_w6_p05.txt	I-041_w6_p05_control	ta22
/opt/ijsp/crisp/IJSP/experiments/classic_jsp_2026/iter/I-041/setups/ta22_side_w6_p01.txt	I-041_w6_p01_side	ta22
/opt/ijsp/crisp/IJSP/experiments/classic_jsp_2026/iter/I-041/setups/ta22_side_w6_p02.txt	I-041_w6_p02_side	ta22
/opt/ijsp/crisp/IJSP/experiments/classic_jsp_2026/iter/I-041/setups/ta22_side_w6_p03.txt	I-041_w6_p03_side	ta22
/opt/ijsp/crisp/IJSP/experiments/classic_jsp_2026/iter/I-041/setups/ta22_side_w6_p04.txt	I-041_w6_p04_side	ta22
/opt/ijsp/crisp/IJSP/experiments/classic_jsp_2026/iter/I-041/setups/ta22_side_w6_p05.txt	I-041_w6_p05_side	ta22
/opt/ijsp/crisp/IJSP/experiments/classic_jsp_2026/iter/I-041/setups/ta23_control_w6_p01.txt	I-041_w6_p01_control	ta23
/opt/ijsp/crisp/IJSP/experiments/classic_jsp_2026/iter/I-041/setups/ta23_control_w6_p02.txt	I-041_w6_p02_control	ta23
/opt/ijsp/crisp/IJSP/experiments/classic_jsp_2026/iter/I-041/setups/ta23_control_w6_p03.txt	I-041_w6_p03_control	ta23
/opt/ijsp/crisp/IJSP/experiments/classic_jsp_2026/iter/I-041/setups/ta23_control_w6_p04.txt	I-041_w6_p04_control	ta23
/opt/ijsp/crisp/IJSP/experiments/classic_jsp_2026/iter/I-041/setups/ta23_control_w6_p05.txt	I-041_w6_p05_control	ta23
/opt/ijsp/crisp/IJSP/experiments/classic_jsp_2026/iter/I-041/setups/ta23_side_w6_p01.txt	I-041_w6_p01_side	ta23
/opt/ijsp/crisp/IJSP/experiments/classic_jsp_2026/iter/I-041/setups/ta23_side_w6_p02.txt	I-041_w6_p02_side	ta23
/opt/ijsp/crisp/IJSP/experiments/classic_jsp_2026/iter/I-041/setups/ta23_side_w6_p03.txt	I-041_w6_p03_side	ta23
/opt/ijsp/crisp/IJSP/experiments/classic_jsp_2026/iter/I-041/setups/ta23_side_w6_p04.txt	I-041_w6_p04_side	ta23
/opt/ijsp/crisp/IJSP/experiments/classic_jsp_2026/iter/I-041/setups/ta23_side_w6_p05.txt	I-041_w6_p05_side	ta23
/opt/ijsp/crisp/IJSP/experiments/classic_jsp_2026/iter/I-041/setups/ta25_control_w6_p01.txt	I-041_w6_p01_control	ta25
/opt/ijsp/crisp/IJSP/experiments/classic_jsp_2026/iter/I-041/setups/ta25_control_w6_p02.txt	I-041_w6_p02_control	ta25
/opt/ijsp/crisp/IJSP/experiments/classic_jsp_2026/iter/I-041/setups/ta25_control_w6_p03.txt	I-041_w6_p03_control	ta25
/opt/ijsp/crisp/IJSP/experiments/classic_jsp_2026/iter/I-041/setups/ta25_control_w6_p04.txt	I-041_w6_p04_control	ta25
/opt/ijsp/crisp/IJSP/experiments/classic_jsp_2026/iter/I-041/setups/ta25_control_w6_p05.txt	I-041_w6_p05_control	ta25
/opt/ijsp/crisp/IJSP/experiments/classic_jsp_2026/iter/I-041/setups/ta25_side_w6_p01.txt	I-041_w6_p01_side	ta25
/opt/ijsp/crisp/IJSP/experiments/classic_jsp_2026/iter/I-041/setups/ta25_side_w6_p02.txt	I-041_w6_p02_side	ta25
/opt/ijsp/crisp/IJSP/experiments/classic_jsp_2026/iter/I-041/setups/ta25_side_w6_p03.txt	I-041_w6_p03_side	ta25
/opt/ijsp/crisp/IJSP/experiments/classic_jsp_2026/iter/I-041/setups/ta25_side_w6_p04.txt	I-041_w6_p04_side	ta25
/opt/ijsp/crisp/IJSP/experiments/classic_jsp_2026/iter/I-041/setups/ta25_side_w6_p05.txt	I-041_w6_p05_side	ta25
/opt/ijsp/crisp/IJSP/experiments/classic_jsp_2026/iter/I-041/setups/ta26_control_w6_p01.txt	I-041_w6_p01_control	ta26
/opt/ijsp/crisp/IJSP/experiments/classic_jsp_2026/iter/I-041/setups/ta26_control_w6_p02.txt	I-041_w6_p02_control	ta26
/opt/ijsp/crisp/IJSP/experiments/classic_jsp_2026/iter/I-041/setups/ta26_control_w6_p03.txt	I-041_w6_p03_control	ta26
/opt/ijsp/crisp/IJSP/experiments/classic_jsp_2026/iter/I-041/setups/ta26_control_w6_p04.txt	I-041_w6_p04_control	ta26
/opt/ijsp/crisp/IJSP/experiments/classic_jsp_2026/iter/I-041/setups/ta26_control_w6_p05.txt	I-041_w6_p05_control	ta26
/opt/ijsp/crisp/IJSP/experiments/classic_jsp_2026/iter/I-041/setups/ta26_side_w6_p01.txt	I-041_w6_p01_side	ta26
/opt/ijsp/crisp/IJSP/experiments/classic_jsp_2026/iter/I-041/setups/ta26_side_w6_p02.txt	I-041_w6_p02_side	ta26
/opt/ijsp/crisp/IJSP/experiments/classic_jsp_2026/iter/I-041/setups/ta26_side_w6_p03.txt	I-041_w6_p03_side	ta26
/opt/ijsp/crisp/IJSP/experiments/classic_jsp_2026/iter/I-041/setups/ta26_side_w6_p04.txt	I-041_w6_p04_side	ta26
/opt/ijsp/crisp/IJSP/experiments/classic_jsp_2026/iter/I-041/setups/ta26_side_w6_p05.txt	I-041_w6_p05_side	ta26
/opt/ijsp/crisp/IJSP/experiments/classic_jsp_2026/iter/I-041/setups/ta27_control_w6_p01.txt	I-041_w6_p01_control	ta27
/opt/ijsp/crisp/IJSP/experiments/classic_jsp_2026/iter/I-041/setups/ta27_control_w6_p02.txt	I-041_w6_p02_control	ta27
/opt/ijsp/crisp/IJSP/experiments/classic_jsp_2026/iter/I-041/setups/ta27_control_w6_p03.txt	I-041_w6_p03_control	ta27
/opt/ijsp/crisp/IJSP/experiments/classic_jsp_2026/iter/I-041/setups/ta27_control_w6_p04.txt	I-041_w6_p04_control	ta27
/opt/ijsp/crisp/IJSP/experiments/classic_jsp_2026/iter/I-041/setups/ta27_control_w6_p05.txt	I-041_w6_p05_control	ta27
/opt/ijsp/crisp/IJSP/experiments/classic_jsp_2026/iter/I-041/setups/ta27_side_w6_p01.txt	I-041_w6_p01_side	ta27
/opt/ijsp/crisp/IJSP/experiments/classic_jsp_2026/iter/I-041/setups/ta27_side_w6_p02.txt	I-041_w6_p02_side	ta27
/opt/ijsp/crisp/IJSP/experiments/classic_jsp_2026/iter/I-041/setups/ta27_side_w6_p03.txt	I-041_w6_p03_side	ta27
/opt/ijsp/crisp/IJSP/experiments/classic_jsp_2026/iter/I-041/setups/ta27_side_w6_p04.txt	I-041_w6_p04_side	ta27
/opt/ijsp/crisp/IJSP/experiments/classic_jsp_2026/iter/I-041/setups/ta27_side_w6_p05.txt	I-041_w6_p05_side	ta27
/opt/ijsp/crisp/IJSP/experiments/classic_jsp_2026/iter/I-041/setups/ta29_control_w6_p01.txt	I-041_w6_p01_control	ta29
/opt/ijsp/crisp/IJSP/experiments/classic_jsp_2026/iter/I-041/setups/ta29_control_w6_p02.txt	I-041_w6_p02_control	ta29
/opt/ijsp/crisp/IJSP/experiments/classic_jsp_2026/iter/I-041/setups/ta29_control_w6_p03.txt	I-041_w6_p03_control	ta29
/opt/ijsp/crisp/IJSP/experiments/classic_jsp_2026/iter/I-041/setups/ta29_control_w6_p04.txt	I-041_w6_p04_control	ta29
/opt/ijsp/crisp/IJSP/experiments/classic_jsp_2026/iter/I-041/setups/ta29_control_w6_p05.txt	I-041_w6_p05_control	ta29
/opt/ijsp/crisp/IJSP/experiments/classic_jsp_2026/iter/I-041/setups/ta29_side_w6_p01.txt	I-041_w6_p01_side	ta29
/opt/ijsp/crisp/IJSP/experiments/classic_jsp_2026/iter/I-041/setups/ta29_side_w6_p02.txt	I-041_w6_p02_side	ta29
/opt/ijsp/crisp/IJSP/experiments/classic_jsp_2026/iter/I-041/setups/ta29_side_w6_p03.txt	I-041_w6_p03_side	ta29
/opt/ijsp/crisp/IJSP/experiments/classic_jsp_2026/iter/I-041/setups/ta29_side_w6_p04.txt	I-041_w6_p04_side	ta29
/opt/ijsp/crisp/IJSP/experiments/classic_jsp_2026/iter/I-041/setups/ta29_side_w6_p05.txt	I-041_w6_p05_side	ta29
/opt/ijsp/crisp/IJSP/experiments/classic_jsp_2026/iter/I-041/setups/ta30_control_w6_p01.txt	I-041_w6_p01_control	ta30
/opt/ijsp/crisp/IJSP/experiments/classic_jsp_2026/iter/I-041/setups/ta30_control_w6_p02.txt	I-041_w6_p02_control	ta30
/opt/ijsp/crisp/IJSP/experiments/classic_jsp_2026/iter/I-041/setups/ta30_control_w6_p03.txt	I-041_w6_p03_control	ta30
/opt/ijsp/crisp/IJSP/experiments/classic_jsp_2026/iter/I-041/setups/ta30_control_w6_p04.txt	I-041_w6_p04_control	ta30
/opt/ijsp/crisp/IJSP/experiments/classic_jsp_2026/iter/I-041/setups/ta30_control_w6_p05.txt	I-041_w6_p05_control	ta30
/opt/ijsp/crisp/IJSP/experiments/classic_jsp_2026/iter/I-041/setups/ta30_side_w6_p01.txt	I-041_w6_p01_side	ta30
/opt/ijsp/crisp/IJSP/experiments/classic_jsp_2026/iter/I-041/setups/ta30_side_w6_p02.txt	I-041_w6_p02_side	ta30
/opt/ijsp/crisp/IJSP/experiments/classic_jsp_2026/iter/I-041/setups/ta30_side_w6_p03.txt	I-041_w6_p03_side	ta30
/opt/ijsp/crisp/IJSP/experiments/classic_jsp_2026/iter/I-041/setups/ta30_side_w6_p04.txt	I-041_w6_p04_side	ta30
/opt/ijsp/crisp/IJSP/experiments/classic_jsp_2026/iter/I-041/setups/ta30_side_w6_p05.txt	I-041_w6_p05_side	ta30
/opt/ijsp/crisp/IJSP/experiments/classic_jsp_2026/iter/I-041/setups/ta32_control_w6_p01.txt	I-041_w6_p01_control	ta32
/opt/ijsp/crisp/IJSP/experiments/classic_jsp_2026/iter/I-041/setups/ta32_control_w6_p02.txt	I-041_w6_p02_control	ta32
/opt/ijsp/crisp/IJSP/experiments/classic_jsp_2026/iter/I-041/setups/ta32_control_w6_p03.txt	I-041_w6_p03_control	ta32
/opt/ijsp/crisp/IJSP/experiments/classic_jsp_2026/iter/I-041/setups/ta32_control_w6_p04.txt	I-041_w6_p04_control	ta32
/opt/ijsp/crisp/IJSP/experiments/classic_jsp_2026/iter/I-041/setups/ta32_control_w6_p05.txt	I-041_w6_p05_control	ta32
/opt/ijsp/crisp/IJSP/experiments/classic_jsp_2026/iter/I-041/setups/ta32_side_w6_p01.txt	I-041_w6_p01_side	ta32
/opt/ijsp/crisp/IJSP/experiments/classic_jsp_2026/iter/I-041/setups/ta32_side_w6_p02.txt	I-041_w6_p02_side	ta32
/opt/ijsp/crisp/IJSP/experiments/classic_jsp_2026/iter/I-041/setups/ta32_side_w6_p03.txt	I-041_w6_p03_side	ta32
/opt/ijsp/crisp/IJSP/experiments/classic_jsp_2026/iter/I-041/setups/ta32_side_w6_p04.txt	I-041_w6_p04_side	ta32
/opt/ijsp/crisp/IJSP/experiments/classic_jsp_2026/iter/I-041/setups/ta32_side_w6_p05.txt	I-041_w6_p05_side	ta32
/opt/ijsp/crisp/IJSP/experiments/classic_jsp_2026/iter/I-041/setups/ta33_control_w6_p01.txt	I-041_w6_p01_control	ta33
/opt/ijsp/crisp/IJSP/experiments/classic_jsp_2026/iter/I-041/setups/ta33_control_w6_p02.txt	I-041_w6_p02_control	ta33
/opt/ijsp/crisp/IJSP/experiments/classic_jsp_2026/iter/I-041/setups/ta33_control_w6_p03.txt	I-041_w6_p03_control	ta33
/opt/ijsp/crisp/IJSP/experiments/classic_jsp_2026/iter/I-041/setups/ta33_control_w6_p04.txt	I-041_w6_p04_control	ta33
/opt/ijsp/crisp/IJSP/experiments/classic_jsp_2026/iter/I-041/setups/ta33_control_w6_p05.txt	I-041_w6_p05_control	ta33
/opt/ijsp/crisp/IJSP/experiments/classic_jsp_2026/iter/I-041/setups/ta33_side_w6_p01.txt	I-041_w6_p01_side	ta33
/opt/ijsp/crisp/IJSP/experiments/classic_jsp_2026/iter/I-041/setups/ta33_side_w6_p02.txt	I-041_w6_p02_side	ta33
/opt/ijsp/crisp/IJSP/experiments/classic_jsp_2026/iter/I-041/setups/ta33_side_w6_p03.txt	I-041_w6_p03_side	ta33
/opt/ijsp/crisp/IJSP/experiments/classic_jsp_2026/iter/I-041/setups/ta33_side_w6_p04.txt	I-041_w6_p04_side	ta33
/opt/ijsp/crisp/IJSP/experiments/classic_jsp_2026/iter/I-041/setups/ta33_side_w6_p05.txt	I-041_w6_p05_side	ta33
/opt/ijsp/crisp/IJSP/experiments/classic_jsp_2026/iter/I-041/setups/ta34_control_w6_p01.txt	I-041_w6_p01_control	ta34
/opt/ijsp/crisp/IJSP/experiments/classic_jsp_2026/iter/I-041/setups/ta34_control_w6_p02.txt	I-041_w6_p02_control	ta34
/opt/ijsp/crisp/IJSP/experiments/classic_jsp_2026/iter/I-041/setups/ta34_control_w6_p03.txt	I-041_w6_p03_control	ta34
/opt/ijsp/crisp/IJSP/experiments/classic_jsp_2026/iter/I-041/setups/ta34_control_w6_p04.txt	I-041_w6_p04_control	ta34
/opt/ijsp/crisp/IJSP/experiments/classic_jsp_2026/iter/I-041/setups/ta34_control_w6_p05.txt	I-041_w6_p05_control	ta34
/opt/ijsp/crisp/IJSP/experiments/classic_jsp_2026/iter/I-041/setups/ta34_side_w6_p01.txt	I-041_w6_p01_side	ta34
/opt/ijsp/crisp/IJSP/experiments/classic_jsp_2026/iter/I-041/setups/ta34_side_w6_p02.txt	I-041_w6_p02_side	ta34
/opt/ijsp/crisp/IJSP/experiments/classic_jsp_2026/iter/I-041/setups/ta34_side_w6_p03.txt	I-041_w6_p03_side	ta34
/opt/ijsp/crisp/IJSP/experiments/classic_jsp_2026/iter/I-041/setups/ta34_side_w6_p04.txt	I-041_w6_p04_side	ta34
/opt/ijsp/crisp/IJSP/experiments/classic_jsp_2026/iter/I-041/setups/ta34_side_w6_p05.txt	I-041_w6_p05_side	ta34
/opt/ijsp/crisp/IJSP/experiments/classic_jsp_2026/iter/I-041/setups/ta40_control_w6_p01.txt	I-041_w6_p01_control	ta40
/opt/ijsp/crisp/IJSP/experiments/classic_jsp_2026/iter/I-041/setups/ta40_control_w6_p02.txt	I-041_w6_p02_control	ta40
/opt/ijsp/crisp/IJSP/experiments/classic_jsp_2026/iter/I-041/setups/ta40_control_w6_p03.txt	I-041_w6_p03_control	ta40
/opt/ijsp/crisp/IJSP/experiments/classic_jsp_2026/iter/I-041/setups/ta40_control_w6_p04.txt	I-041_w6_p04_control	ta40
/opt/ijsp/crisp/IJSP/experiments/classic_jsp_2026/iter/I-041/setups/ta40_control_w6_p05.txt	I-041_w6_p05_control	ta40
/opt/ijsp/crisp/IJSP/experiments/classic_jsp_2026/iter/I-041/setups/ta40_side_w6_p01.txt	I-041_w6_p01_side	ta40
/opt/ijsp/crisp/IJSP/experiments/classic_jsp_2026/iter/I-041/setups/ta40_side_w6_p02.txt	I-041_w6_p02_side	ta40
/opt/ijsp/crisp/IJSP/experiments/classic_jsp_2026/iter/I-041/setups/ta40_side_w6_p03.txt	I-041_w6_p03_side	ta40
/opt/ijsp/crisp/IJSP/experiments/classic_jsp_2026/iter/I-041/setups/ta40_side_w6_p04.txt	I-041_w6_p04_side	ta40
/opt/ijsp/crisp/IJSP/experiments/classic_jsp_2026/iter/I-041/setups/ta40_side_w6_p05.txt	I-041_w6_p05_side	ta40
/opt/ijsp/crisp/IJSP/experiments/classic_jsp_2026/iter/I-041/setups/ta41_control_w6_p01.txt	I-041_w6_p01_control	ta41
/opt/ijsp/crisp/IJSP/experiments/classic_jsp_2026/iter/I-041/setups/ta41_control_w6_p02.txt	I-041_w6_p02_control	ta41
/opt/ijsp/crisp/IJSP/experiments/classic_jsp_2026/iter/I-041/setups/ta41_control_w6_p03.txt	I-041_w6_p03_control	ta41
/opt/ijsp/crisp/IJSP/experiments/classic_jsp_2026/iter/I-041/setups/ta41_control_w6_p04.txt	I-041_w6_p04_control	ta41
/opt/ijsp/crisp/IJSP/experiments/classic_jsp_2026/iter/I-041/setups/ta41_control_w6_p05.txt	I-041_w6_p05_control	ta41
/opt/ijsp/crisp/IJSP/experiments/classic_jsp_2026/iter/I-041/setups/ta41_side_w6_p01.txt	I-041_w6_p01_side	ta41
/opt/ijsp/crisp/IJSP/experiments/classic_jsp_2026/iter/I-041/setups/ta41_side_w6_p02.txt	I-041_w6_p02_side	ta41
/opt/ijsp/crisp/IJSP/experiments/classic_jsp_2026/iter/I-041/setups/ta41_side_w6_p03.txt	I-041_w6_p03_side	ta41
/opt/ijsp/crisp/IJSP/experiments/classic_jsp_2026/iter/I-041/setups/ta41_side_w6_p04.txt	I-041_w6_p04_side	ta41
/opt/ijsp/crisp/IJSP/experiments/classic_jsp_2026/iter/I-041/setups/ta41_side_w6_p05.txt	I-041_w6_p05_side	ta41
/opt/ijsp/crisp/IJSP/experiments/classic_jsp_2026/iter/I-041/setups/ta42_control_w6_p01.txt	I-041_w6_p01_control	ta42
/opt/ijsp/crisp/IJSP/experiments/classic_jsp_2026/iter/I-041/setups/ta42_control_w6_p02.txt	I-041_w6_p02_control	ta42
/opt/ijsp/crisp/IJSP/experiments/classic_jsp_2026/iter/I-041/setups/ta42_control_w6_p03.txt	I-041_w6_p03_control	ta42
/opt/ijsp/crisp/IJSP/experiments/classic_jsp_2026/iter/I-041/setups/ta42_control_w6_p04.txt	I-041_w6_p04_control	ta42
/opt/ijsp/crisp/IJSP/experiments/classic_jsp_2026/iter/I-041/setups/ta42_control_w6_p05.txt	I-041_w6_p05_control	ta42
/opt/ijsp/crisp/IJSP/experiments/classic_jsp_2026/iter/I-041/setups/ta42_side_w6_p01.txt	I-041_w6_p01_side	ta42
/opt/ijsp/crisp/IJSP/experiments/classic_jsp_2026/iter/I-041/setups/ta42_side_w6_p02.txt	I-041_w6_p02_side	ta42
/opt/ijsp/crisp/IJSP/experiments/classic_jsp_2026/iter/I-041/setups/ta42_side_w6_p03.txt	I-041_w6_p03_side	ta42
/opt/ijsp/crisp/IJSP/experiments/classic_jsp_2026/iter/I-041/setups/ta42_side_w6_p04.txt	I-041_w6_p04_side	ta42
/opt/ijsp/crisp/IJSP/experiments/classic_jsp_2026/iter/I-041/setups/ta42_side_w6_p05.txt	I-041_w6_p05_side	ta42
/opt/ijsp/crisp/IJSP/experiments/classic_jsp_2026/iter/I-041/setups/ta43_control_w6_p01.txt	I-041_w6_p01_control	ta43
/opt/ijsp/crisp/IJSP/experiments/classic_jsp_2026/iter/I-041/setups/ta43_control_w6_p02.txt	I-041_w6_p02_control	ta43
/opt/ijsp/crisp/IJSP/experiments/classic_jsp_2026/iter/I-041/setups/ta43_control_w6_p03.txt	I-041_w6_p03_control	ta43
/opt/ijsp/crisp/IJSP/experiments/classic_jsp_2026/iter/I-041/setups/ta43_control_w6_p04.txt	I-041_w6_p04_control	ta43
/opt/ijsp/crisp/IJSP/experiments/classic_jsp_2026/iter/I-041/setups/ta43_control_w6_p05.txt	I-041_w6_p05_control	ta43
/opt/ijsp/crisp/IJSP/experiments/classic_jsp_2026/iter/I-041/setups/ta43_side_w6_p01.txt	I-041_w6_p01_side	ta43
/opt/ijsp/crisp/IJSP/experiments/classic_jsp_2026/iter/I-041/setups/ta43_side_w6_p02.txt	I-041_w6_p02_side	ta43
/opt/ijsp/crisp/IJSP/experiments/classic_jsp_2026/iter/I-041/setups/ta43_side_w6_p03.txt	I-041_w6_p03_side	ta43
/opt/ijsp/crisp/IJSP/experiments/classic_jsp_2026/iter/I-041/setups/ta43_side_w6_p04.txt	I-041_w6_p04_side	ta43
/opt/ijsp/crisp/IJSP/experiments/classic_jsp_2026/iter/I-041/setups/ta43_side_w6_p05.txt	I-041_w6_p05_side	ta43
/opt/ijsp/crisp/IJSP/experiments/classic_jsp_2026/iter/I-041/setups/ta44_control_w6_p01.txt	I-041_w6_p01_control	ta44
/opt/ijsp/crisp/IJSP/experiments/classic_jsp_2026/iter/I-041/setups/ta44_control_w6_p02.txt	I-041_w6_p02_control	ta44
/opt/ijsp/crisp/IJSP/experiments/classic_jsp_2026/iter/I-041/setups/ta44_control_w6_p03.txt	I-041_w6_p03_control	ta44
/opt/ijsp/crisp/IJSP/experiments/classic_jsp_2026/iter/I-041/setups/ta44_control_w6_p04.txt	I-041_w6_p04_control	ta44
/opt/ijsp/crisp/IJSP/experiments/classic_jsp_2026/iter/I-041/setups/ta44_control_w6_p05.txt	I-041_w6_p05_control	ta44
/opt/ijsp/crisp/IJSP/experiments/classic_jsp_2026/iter/I-041/setups/ta44_side_w6_p01.txt	I-041_w6_p01_side	ta44
/opt/ijsp/crisp/IJSP/experiments/classic_jsp_2026/iter/I-041/setups/ta44_side_w6_p02.txt	I-041_w6_p02_side	ta44
/opt/ijsp/crisp/IJSP/experiments/classic_jsp_2026/iter/I-041/setups/ta44_side_w6_p03.txt	I-041_w6_p03_side	ta44
/opt/ijsp/crisp/IJSP/experiments/classic_jsp_2026/iter/I-041/setups/ta44_side_w6_p04.txt	I-041_w6_p04_side	ta44
/opt/ijsp/crisp/IJSP/experiments/classic_jsp_2026/iter/I-041/setups/ta44_side_w6_p05.txt	I-041_w6_p05_side	ta44
/opt/ijsp/crisp/IJSP/experiments/classic_jsp_2026/iter/I-041/setups/ta45_control_w6_p01.txt	I-041_w6_p01_control	ta45
/opt/ijsp/crisp/IJSP/experiments/classic_jsp_2026/iter/I-041/setups/ta45_control_w6_p02.txt	I-041_w6_p02_control	ta45
/opt/ijsp/crisp/IJSP/experiments/classic_jsp_2026/iter/I-041/setups/ta45_control_w6_p03.txt	I-041_w6_p03_control	ta45
/opt/ijsp/crisp/IJSP/experiments/classic_jsp_2026/iter/I-041/setups/ta45_control_w6_p04.txt	I-041_w6_p04_control	ta45
/opt/ijsp/crisp/IJSP/experiments/classic_jsp_2026/iter/I-041/setups/ta45_control_w6_p05.txt	I-041_w6_p05_control	ta45
/opt/ijsp/crisp/IJSP/experiments/classic_jsp_2026/iter/I-041/setups/ta45_side_w6_p01.txt	I-041_w6_p01_side	ta45
/opt/ijsp/crisp/IJSP/experiments/classic_jsp_2026/iter/I-041/setups/ta45_side_w6_p02.txt	I-041_w6_p02_side	ta45
/opt/ijsp/crisp/IJSP/experiments/classic_jsp_2026/iter/I-041/setups/ta45_side_w6_p03.txt	I-041_w6_p03_side	ta45
/opt/ijsp/crisp/IJSP/experiments/classic_jsp_2026/iter/I-041/setups/ta45_side_w6_p04.txt	I-041_w6_p04_side	ta45
/opt/ijsp/crisp/IJSP/experiments/classic_jsp_2026/iter/I-041/setups/ta45_side_w6_p05.txt	I-041_w6_p05_side	ta45
/opt/ijsp/crisp/IJSP/experiments/classic_jsp_2026/iter/I-041/setups/ta46_control_w6_p01.txt	I-041_w6_p01_control	ta46
/opt/ijsp/crisp/IJSP/experiments/classic_jsp_2026/iter/I-041/setups/ta46_control_w6_p02.txt	I-041_w6_p02_control	ta46
/opt/ijsp/crisp/IJSP/experiments/classic_jsp_2026/iter/I-041/setups/ta46_control_w6_p03.txt	I-041_w6_p03_control	ta46
/opt/ijsp/crisp/IJSP/experiments/classic_jsp_2026/iter/I-041/setups/ta46_control_w6_p04.txt	I-041_w6_p04_control	ta46
/opt/ijsp/crisp/IJSP/experiments/classic_jsp_2026/iter/I-041/setups/ta46_control_w6_p05.txt	I-041_w6_p05_control	ta46
/opt/ijsp/crisp/IJSP/experiments/classic_jsp_2026/iter/I-041/setups/ta46_side_w6_p01.txt	I-041_w6_p01_side	ta46
/opt/ijsp/crisp/IJSP/experiments/classic_jsp_2026/iter/I-041/setups/ta46_side_w6_p02.txt	I-041_w6_p02_side	ta46
/opt/ijsp/crisp/IJSP/experiments/classic_jsp_2026/iter/I-041/setups/ta46_side_w6_p03.txt	I-041_w6_p03_side	ta46
/opt/ijsp/crisp/IJSP/experiments/classic_jsp_2026/iter/I-041/setups/ta46_side_w6_p04.txt	I-041_w6_p04_side	ta46
/opt/ijsp/crisp/IJSP/experiments/classic_jsp_2026/iter/I-041/setups/ta46_side_w6_p05.txt	I-041_w6_p05_side	ta46
/opt/ijsp/crisp/IJSP/experiments/classic_jsp_2026/iter/I-041/setups/ta47_control_w6_p01.txt	I-041_w6_p01_control	ta47
/opt/ijsp/crisp/IJSP/experiments/classic_jsp_2026/iter/I-041/setups/ta47_control_w6_p02.txt	I-041_w6_p02_control	ta47
/opt/ijsp/crisp/IJSP/experiments/classic_jsp_2026/iter/I-041/setups/ta47_control_w6_p03.txt	I-041_w6_p03_control	ta47
/opt/ijsp/crisp/IJSP/experiments/classic_jsp_2026/iter/I-041/setups/ta47_control_w6_p04.txt	I-041_w6_p04_control	ta47
/opt/ijsp/crisp/IJSP/experiments/classic_jsp_2026/iter/I-041/setups/ta47_control_w6_p05.txt	I-041_w6_p05_control	ta47
/opt/ijsp/crisp/IJSP/experiments/classic_jsp_2026/iter/I-041/setups/ta47_side_w6_p01.txt	I-041_w6_p01_side	ta47
/opt/ijsp/crisp/IJSP/experiments/classic_jsp_2026/iter/I-041/setups/ta47_side_w6_p02.txt	I-041_w6_p02_side	ta47
/opt/ijsp/crisp/IJSP/experiments/classic_jsp_2026/iter/I-041/setups/ta47_side_w6_p03.txt	I-041_w6_p03_side	ta47
/opt/ijsp/crisp/IJSP/experiments/classic_jsp_2026/iter/I-041/setups/ta47_side_w6_p04.txt	I-041_w6_p04_side	ta47
/opt/ijsp/crisp/IJSP/experiments/classic_jsp_2026/iter/I-041/setups/ta47_side_w6_p05.txt	I-041_w6_p05_side	ta47
/opt/ijsp/crisp/IJSP/experiments/classic_jsp_2026/iter/I-041/setups/ta48_control_w6_p01.txt	I-041_w6_p01_control	ta48
/opt/ijsp/crisp/IJSP/experiments/classic_jsp_2026/iter/I-041/setups/ta48_control_w6_p02.txt	I-041_w6_p02_control	ta48
/opt/ijsp/crisp/IJSP/experiments/classic_jsp_2026/iter/I-041/setups/ta48_control_w6_p03.txt	I-041_w6_p03_control	ta48
/opt/ijsp/crisp/IJSP/experiments/classic_jsp_2026/iter/I-041/setups/ta48_control_w6_p04.txt	I-041_w6_p04_control	ta48
/opt/ijsp/crisp/IJSP/experiments/classic_jsp_2026/iter/I-041/setups/ta48_control_w6_p05.txt	I-041_w6_p05_control	ta48
/opt/ijsp/crisp/IJSP/experiments/classic_jsp_2026/iter/I-041/setups/ta48_side_w6_p01.txt	I-041_w6_p01_side	ta48
/opt/ijsp/crisp/IJSP/experiments/classic_jsp_2026/iter/I-041/setups/ta48_side_w6_p02.txt	I-041_w6_p02_side	ta48
/opt/ijsp/crisp/IJSP/experiments/classic_jsp_2026/iter/I-041/setups/ta48_side_w6_p03.txt	I-041_w6_p03_side	ta48
/opt/ijsp/crisp/IJSP/experiments/classic_jsp_2026/iter/I-041/setups/ta48_side_w6_p04.txt	I-041_w6_p04_side	ta48
/opt/ijsp/crisp/IJSP/experiments/classic_jsp_2026/iter/I-041/setups/ta48_side_w6_p05.txt	I-041_w6_p05_side	ta48
/opt/ijsp/crisp/IJSP/experiments/classic_jsp_2026/iter/I-041/setups/ta49_control_w6_p01.txt	I-041_w6_p01_control	ta49
/opt/ijsp/crisp/IJSP/experiments/classic_jsp_2026/iter/I-041/setups/ta49_control_w6_p02.txt	I-041_w6_p02_control	ta49
/opt/ijsp/crisp/IJSP/experiments/classic_jsp_2026/iter/I-041/setups/ta49_control_w6_p03.txt	I-041_w6_p03_control	ta49
/opt/ijsp/crisp/IJSP/experiments/classic_jsp_2026/iter/I-041/setups/ta49_control_w6_p04.txt	I-041_w6_p04_control	ta49
/opt/ijsp/crisp/IJSP/experiments/classic_jsp_2026/iter/I-041/setups/ta49_control_w6_p05.txt	I-041_w6_p05_control	ta49
/opt/ijsp/crisp/IJSP/experiments/classic_jsp_2026/iter/I-041/setups/ta49_side_w6_p01.txt	I-041_w6_p01_side	ta49
/opt/ijsp/crisp/IJSP/experiments/classic_jsp_2026/iter/I-041/setups/ta49_side_w6_p02.txt	I-041_w6_p02_side	ta49
/opt/ijsp/crisp/IJSP/experiments/classic_jsp_2026/iter/I-041/setups/ta49_side_w6_p03.txt	I-041_w6_p03_side	ta49
/opt/ijsp/crisp/IJSP/experiments/classic_jsp_2026/iter/I-041/setups/ta49_side_w6_p04.txt	I-041_w6_p04_side	ta49
/opt/ijsp/crisp/IJSP/experiments/classic_jsp_2026/iter/I-041/setups/ta49_side_w6_p05.txt	I-041_w6_p05_side	ta49
/opt/ijsp/crisp/IJSP/experiments/classic_jsp_2026/iter/I-041/setups/ta50_control_w6_p01.txt	I-041_w6_p01_control	ta50
/opt/ijsp/crisp/IJSP/experiments/classic_jsp_2026/iter/I-041/setups/ta50_control_w6_p02.txt	I-041_w6_p02_control	ta50
/opt/ijsp/crisp/IJSP/experiments/classic_jsp_2026/iter/I-041/setups/ta50_control_w6_p03.txt	I-041_w6_p03_control	ta50
/opt/ijsp/crisp/IJSP/experiments/classic_jsp_2026/iter/I-041/setups/ta50_control_w6_p04.txt	I-041_w6_p04_control	ta50
/opt/ijsp/crisp/IJSP/experiments/classic_jsp_2026/iter/I-041/setups/ta50_control_w6_p05.txt	I-041_w6_p05_control	ta50
/opt/ijsp/crisp/IJSP/experiments/classic_jsp_2026/iter/I-041/setups/ta50_side_w6_p01.txt	I-041_w6_p01_side	ta50
/opt/ijsp/crisp/IJSP/experiments/classic_jsp_2026/iter/I-041/setups/ta50_side_w6_p02.txt	I-041_w6_p02_side	ta50
/opt/ijsp/crisp/IJSP/experiments/classic_jsp_2026/iter/I-041/setups/ta50_side_w6_p03.txt	I-041_w6_p03_side	ta50
/opt/ijsp/crisp/IJSP/experiments/classic_jsp_2026/iter/I-041/setups/ta50_side_w6_p04.txt	I-041_w6_p04_side	ta50
/opt/ijsp/crisp/IJSP/experiments/classic_jsp_2026/iter/I-041/setups/ta50_side_w6_p05.txt	I-041_w6_p05_side	ta50
