algo,inst,run,t_fin,v90,v_fin
abce3,ft10,1,60.000,940.000,940.000
abce3,ft10,2,60.000,949.000,949.000
abce3,ft10,3,60.000,960.500,960.500
abce3,ft10,4,60.000,955.000,955.000
abce3,ft10,5,60.000,945.000,945.000
abce3,ft10,6,60.000,954.000,954.000
abce3,ft10,7,60.016,949.000,949.000
abce3,ft10,8,60.000,940.000,940.000
abce3,ft10,9,60.000,939.000,939.000
abce3,ft10,10,60.000,952.000,952.000
abce3,ft10,11,60.000,950.000,950.000
abce3,ft10,12,60.016,939.000,939.000
abce3,ft10,13,60.000,939.000,939.000
abce3,ft10,14,60.000,939.000,939.000
abce3,ft10,15,60.000,955.000,955.000
abce3,ft10,16,60.000,969.000,969.000
abce3,ft10,17,60.000,969.000,969.000
abce3,ft10,18,60.000,954.000,954.000
abce3,ft10,19,60.000,951.500,950.500
abce3,ft10,20,60.000,956.500,956.500
abce3,ft10,21,60.000,957.000,957.000
abce3,ft10,22,60.000,960.500,960.500
abce3,ft10,23,60.000,954.000,954.000
abce3,ft10,24,60.000,962.500,962.500
abce3,ft10,25,60.000,939.000,939.000
abce3,ft10,26,60.000,939.000,935.500
abce3,ft10,27,60.000,963.000,963.000
abce3,ft10,28,60.000,939.000,939.000
abce3,ft10,29,60.000,969.000,969.000
abce3,ft10,30,60.016,950.000,950.000
abce3,tai15_15_01,1,60.000,1304.000,1304.000
abce3,tai15_15_01,2,55.016,1306.000,1306.000
abce3,tai15_15_01,3,60.016,1307.000,1304.000
abce3,tai15_15_01,4,55.016,1322.000,1322.000
abce3,tai15_15_01,5,60.016,1319.500,1306.500
abce3,tai15_15_01,6,60.016,1304.500,1304.500
abce3,tai15_15_01,7,60.000,1293.000,1293.000
abce3,tai15_15_01,8,55.031,1335.500,1335.000
abce3,tai15_15_01,9,60.000,1294.500,1294.500
abce3,tai15_15_01,10,55.031,1300.500,1294.500
abce3,tai15_15_01,11,60.000,1306.000,1306.000
abce3,tai15_15_01,12,55.000,1290.500,1290.500
abce3,tai15_15_01,13,60.016,1313.000,1300.000
abce3,tai15_15_01,14,60.016,1301.000,1285.500
abce3,tai15_15_01,15,60.000,1333.500,1293.500
abce3,tai15_15_01,16,55.016,1324.500,1321.000
abce3,tai15_15_01,17,55.000,1325.000,1289.500
abce3,tai15_15_01,18,55.016,1302.500,1302.500
abce3,tai15_15_01,19,60.000,1298.500,1298.500
abce3,tai15_15_01,20,55.016,1308.500,1308.500
abce3,tai15_15_01,21,60.000,1310.000,1310.000
abce3,tai15_15_01,22,55.016,1287.500,1287.500
abce3,tai15_15_01,23,60.000,1304.000,1304.000
abce3,tai15_15_01,24,55.016,1315.000,1315.000
abce3,tai15_15_01,25,55.016,1323.000,1292.000
abce3,tai15_15_01,26,55.000,1300.000,1300.000
abce3,tai15_15_01,27,60.000,1314.500,1314.500
abce3,tai15_15_01,28,55.000,1327.000,1327.000
abce3,tai15_15_01,29,60.000,1296.000,1296.000
abce3,tai15_15_01,30,60.000,1308.500,1304.500
abce3,tai15_15_02,1,55.031,1304.000,1303.500
abce3,tai15_15_02,2,55.047,1289.000,1289.000
abce3,tai15_15_02,3,60.016,1306.000,1294.000
abce3,tai15_15_02,4,55.000,1310.000,1284.500
abce3,tai15_15_02,5,60.000,1291.500,1291.500
abce3,tai15_15_02,6,60.000,1275.000,1275.000
abce3,tai15_15_02,7,55.016,1298.000,1298.000
abce3,tai15_15_02,8,55.031,1292.500,1292.500
abce3,tai15_15_02,9,60.016,1278.500,1278.500
abce3,tai15_15_02,10,60.000,1293.500,1293.500
abce3,tai15_15_02,11,55.031,1300.000,1275.500
abce3,tai15_15_02,12,60.000,1277.000,1277.000
abce3,tai15_15_02,13,60.000,1297.500,1297.500
abce3,tai15_15_02,14,55.016,1313.000,1313.000
abce3,tai15_15_02,15,60.031,1298.000,1298.000
abce3,tai15_15_02,16,60.000,1281.000,1281.000
abce3,tai15_15_02,17,60.016,1303.500,1295.000
abce3,tai15_15_02,18,60.000,1298.500,1288.500
abce3,tai15_15_02,19,60.000,1288.500,1288.500
abce3,tai15_15_02,20,60.016,1290.000,1290.000
abce3,tai15_15_02,21,60.000,1280.500,1280.500
abce3,tai15_15_02,22,55.031,1308.000,1301.000
abce3,tai15_15_02,23,60.000,1292.000,1292.000
abce3,tai15_15_02,24,60.000,1297.000,1297.000
abce3,tai15_15_02,25,60.000,1277.500,1277.500
abce3,tai15_15_02,26,60.016,1297.500,1297.500
abce3,tai15_15_02,27,55.016,1290.000,1290.000
abce3,tai15_15_02,28,55.000,1287.500,1287.500
abce3,tai15_15_02,29,55.016,1289.000,1289.000
abce3,tai15_15_02,30,55.031,1325.000,1303.000
abce3,tai15_15_03,1,60.000,1263.500,1263.500
abce3,tai15_15_03,2,55.016,1309.000,1309.000
abce3,tai15_15_03,3,60.000,1315.000,1294.500
abce3,tai15_15_03,4,60.000,1284.000,1284.000
abce3,tai15_15_03,5,55.016,1279.500,1279.500
abce3,tai15_15_03,6,60.000,1300.000,1285.000
abce3,tai15_15_03,7,60.000,1295.000,1295.000
abce3,tai15_15_03,8,60.000,1293.500,1293.500
abce3,tai15_15_03,9,55.000,1303.000,1282.000
abce3,tai15_15_03,10,55.016,1292.500,1288.000
abce3,tai15_15_03,11,60.000,1288.500,1261.000
abce3,tai15_15_03,12,55.016,1296.000,1286.500
abce3,tai15_15_03,13,60.000,1297.500,1284.500
abce3,tai15_15_03,14,60.016,1280.000,1270.500
abce3,tai15_15_03,15,60.000,1287.000,1282.000
abce3,tai15_15_03,16,60.000,1284.000,1284.000
abce3,tai15_15_03,17,60.016,1280.500,1280.500
abce3,tai15_15_03,18,55.031,1281.000,1281.000
abce3,tai15_15_03,19,55.031,1292.000,1292.000
abce3,tai15_15_03,20,60.000,1311.000,1280.000
abce3,tai15_15_03,21,60.016,1287.000,1287.000
abce3,tai15_15_03,22,60.016,1289.500,1289.500
abce3,tai15_15_03,23,60.000,1281.500,1281.500
abce3,tai15_15_03,24,55.016,1307.000,1279.500
abce3,tai15_15_03,25,60.016,1297.500,1297.500
abce3,tai15_15_03,26,55.000,1277.500,1277.500
abce3,tai15_15_03,27,60.016,1280.000,1280.000
abce3,tai15_15_03,28,55.016,1274.000,1274.000
abce3,tai15_15_03,29,60.000,1285.000,1285.000
abce3,tai15_15_03,30,60.016,1263.000,1263.000
abce3,tai15_15_04,1,55.016,1245.500,1245.500
abce3,tai15_15_04,2,60.000,1251.500,1251.000
abce3,tai15_15_04,3,60.031,1279.500,1260.500
abce3,tai15_15_04,4,55.000,1263.000,1263.000
abce3,tai15_15_04,5,60.000,1248.000,1244.500
abce3,tai15_15_04,6,60.016,1243.000,1243.000
abce3,tai15_15_04,7,55.000,1248.000,1248.000
abce3,tai15_15_04,8,60.000,1231.500,1231.500
abce3,tai15_15_04,9,60.016,1236.000,1236.000
abce3,tai15_15_04,10,55.031,1252.500,1252.500
abce3,tai15_15_04,11,55.031,1276.000,1268.000
abce3,tai15_15_04,12,55.000,1236.000,1236.000
abce3,tai15_15_04,13,55.016,1256.000,1256.000
abce3,tai15_15_04,14,60.000,1253.500,1243.000
abce3,tai15_15_04,15,60.016,1241.000,1241.000
abce3,tai15_15_04,16,55.031,1257.500,1257.500
abce3,tai15_15_04,17,55.000,1244.500,1244.500
abce3,tai15_15_04,18,60.000,1246.500,1246.500
abce3,tai15_15_04,19,55.000,1222.500,1222.500
abce3,tai15_15_04,20,55.000,1244.000,1244.000
abce3,tai15_15_04,21,55.000,1247.000,1247.000
abce3,tai15_15_04,22,55.016,1255.000,1255.000
abce3,tai15_15_04,23,60.000,1264.000,1240.000
abce3,tai15_15_04,24,55.031,1243.000,1243.000
abce3,tai15_15_04,25,55.031,1239.000,1239.000
abce3,tai15_15_04,26,60.000,1244.500,1244.500
abce3,tai15_15_04,27,60.000,1251.500,1251.500
abce3,tai15_15_04,28,60.000,1239.500,1239.500
abce3,tai15_15_04,29,60.000,1246.000,1246.000
abce3,tai15_15_04,30,55.031,1210.000,1210.000
abce3,tai15_15_05,1,55.031,1277.000,1277.000
abce3,tai15_15_05,2,60.016,1272.000,1272.000
abce3,tai15_15_05,3,55.000,1301.000,1301.000
abce3,tai15_15_05,4,55.016,1280.000,1280.000
abce3,tai15_15_05,5,60.016,1273.000,1273.000
abce3,tai15_15_05,6,55.000,1305.000,1288.000
abce3,tai15_15_05,7,55.000,1310.000,1310.000
abce3,tai15_15_05,8,55.000,1263.500,1263.500
abce3,tai15_15_05,9,55.031,1264.000,1264.000
abce3,tai15_15_05,10,55.000,1284.500,1284.500
abce3,tai15_15_05,11,55.016,1279.000,1279.000
abce3,tai15_15_05,12,60.016,1281.500,1281.500
abce3,tai15_15_05,13,55.016,1279.500,1279.500
abce3,tai15_15_05,14,55.000,1282.000,1270.500
abce3,tai15_15_05,15,55.016,1264.500,1264.500
abce3,tai15_15_05,16,60.000,1287.500,1287.500
abce3,tai15_15_05,17,60.000,1286.500,1275.000
abce3,tai15_15_05,18,60.016,1269.500,1269.500
abce3,tai15_15_05,19,60.000,1289.500,1278.000
abce3,tai15_15_05,20,60.000,1277.500,1277.500
abce3,tai15_15_05,21,60.016,1303.000,1303.000
abce3,tai15_15_05,22,60.000,1263.500,1263.500
abce3,tai15_15_05,23,60.000,1273.500,1273.500
abce3,tai15_15_05,24,55.000,1309.000,1274.000
abce3,tai15_15_05,25,60.000,1302.500,1302.500
abce3,tai15_15_05,26,60.000,1303.500,1291.500
abce3,tai15_15_05,27,60.000,1283.500,1269.500
abce3,tai15_15_05,28,60.000,1293.000,1288.000
abce3,tai15_15_05,29,55.000,1282.500,1282.500
abce3,tai15_15_05,30,60.016,1290.500,1290.500
abce3,tai15_15_06,1,60.000,1294.000,1294.000
abce3,tai15_15_06,2,55.016,1306.000,1306.000
abce3,tai15_15_06,3,60.000,1290.500,1290.500
abce3,tai15_15_06,4,55.000,1299.000,1299.000
abce3,tai15_15_06,5,55.000,1303.500,1271.500
abce3,tai15_15_06,6,60.000,1314.000,1314.000
abce3,tai15_15_06,7,55.016,1301.500,1296.500
abce3,tai15_15_06,8,60.000,1295.000,1295.000
abce3,tai15_15_06,9,60.016,1294.000,1294.000
abce3,tai15_15_06,10,55.016,1313.500,1309.500
abce3,tai15_15_06,11,55.000,1312.000,1298.000
abce3,tai15_15_06,12,55.000,1310.000,1304.000
abce3,tai15_15_06,13,60.000,1316.500,1292.000
abce3,tai15_15_06,14,55.031,1306.000,1303.000
abce3,tai15_15_06,15,60.016,1284.000,1284.000
abce3,tai15_15_06,16,55.000,1323.000,1309.500
abce3,tai15_15_06,17,60.016,1309.000,1300.500
abce3,tai15_15_06,18,60.000,1308.000,1308.000
abce3,tai15_15_06,19,55.000,1301.000,1301.000
abce3,tai15_15_06,20,55.016,1295.000,1295.000
abce3,tai15_15_06,21,60.016,1292.500,1292.500
abce3,tai15_15_06,22,60.000,1304.000,1304.000
abce3,tai15_15_06,23,55.031,1326.500,1326.500
abce3,tai15_15_06,24,55.000,1306.500,1306.500
abce3,tai15_15_06,25,60.016,1311.500,1311.500
abce3,tai15_15_06,26,60.000,1309.000,1282.500
abce3,tai15_15_06,27,60.016,1315.500,1311.500
abce3,tai15_15_06,28,60.000,1316.000,1316.000
abce3,tai15_15_06,29,60.016,1282.500,1282.500
abce3,tai15_15_06,30,60.000,1322.000,1310.000
abce3,tai15_15_07,1,60.016,1274.500,1274.500
abce3,tai15_15_07,2,60.000,1268.000,1268.000
abce3,tai15_15_07,3,55.016,1277.500,1260.000
abce3,tai15_15_07,4,60.000,1294.500,1281.500
abce3,tai15_15_07,5,60.000,1287.500,1270.000
abce3,tai15_15_07,6,60.016,1277.500,1272.000
abce3,tai15_15_07,7,60.000,1282.500,1282.500
abce3,tai15_15_07,8,60.031,1272.500,1261.500
abce3,tai15_15_07,9,60.000,1280.000,1280.000
abce3,tai15_15_07,10,60.000,1280.500,1269.000
abce3,tai15_15_07,11,60.016,1263.500,1263.500
abce3,tai15_15_07,12,60.016,1270.500,1264.500
abce3,tai15_15_07,13,60.000,1285.500,1277.500
abce3,tai15_15_07,14,55.016,1271.500,1271.500
abce3,tai15_15_07,15,60.000,1277.500,1277.500
abce3,tai15_15_07,16,60.000,1281.000,1276.500
abce3,tai15_15_07,17,60.000,1279.000,1279.000
abce3,tai15_15_07,18,60.000,1284.500,1280.500
abce3,tai15_15_07,19,60.000,1303.500,1300.500
abce3,tai15_15_07,20,60.016,1289.000,1289.000
abce3,tai15_15_07,21,55.000,1274.000,1274.000
abce3,tai15_15_07,22,60.000,1275.500,1275.500
abce3,tai15_15_07,23,55.031,1280.000,1280.000
abce3,tai15_15_07,24,60.016,1273.500,1273.500
abce3,tai15_15_07,25,60.000,1290.000,1285.500
abce3,tai15_15_07,26,60.000,1272.500,1272.500
abce3,tai15_15_07,27,55.000,1285.000,1277.500
abce3,tai15_15_07,28,55.000,1282.500,1271.000
abce3,tai15_15_07,29,60.000,1266.000,1266.000
abce3,tai15_15_07,30,55.016,1291.000,1285.500
abce3,tai15_15_08,1,55.000,1287.000,1287.000
abce3,tai15_15_08,2,60.000,1291.000,1290.000
abce3,tai15_15_08,3,60.016,1252.500,1252.500
abce3,tai15_15_08,4,55.016,1276.500,1276.500
abce3,tai15_15_08,5,55.031,1285.000,1281.000
abce3,tai15_15_08,6,60.000,1299.000,1287.500
abce3,tai15_15_08,7,60.016,1279.000,1279.000
abce3,tai15_15_08,8,60.016,1253.000,1253.000
abce3,tai15_15_08,9,55.016,1263.500,1263.500
abce3,tai15_15_08,10,55.016,1289.000,1289.000
abce3,tai15_15_08,11,55.016,1288.500,1276.500
abce3,tai15_15_08,12,55.031,1285.500,1270.000
abce3,tai15_15_08,13,60.000,1286.500,1286.500
abce3,tai15_15_08,14,60.016,1302.000,1281.000
abce3,tai15_15_08,15,60.000,1285.000,1285.000
abce3,tai15_15_08,16,55.016,1269.000,1269.000
abce3,tai15_15_08,17,55.016,1310.500,1310.500
abce3,tai15_15_08,18,60.000,1256.500,1256.500
abce3,tai15_15_08,19,60.000,1297.000,1275.500
abce3,tai15_15_08,20,55.000,1283.000,1283.000
abce3,tai15_15_08,21,60.000,1289.000,1289.000
abce3,tai15_15_08,22,55.016,1292.500,1279.000
abce3,tai15_15_08,23,60.000,1293.500,1283.500
abce3,tai15_15_08,24,55.000,1297.500,1295.000
abce3,tai15_15_08,25,55.016,1291.000,1284.000
abce3,tai15_15_08,26,55.016,1289.000,1289.000
abce3,tai15_15_08,27,55.016,1281.000,1281.000
abce3,tai15_15_08,28,55.031,1266.000,1266.000
abce3,tai15_15_08,29,60.000,1298.500,1294.000
abce3,tai15_15_08,30,55.016,1276.500,1276.500
abce3,tai15_15_09,1,60.000,1353.000,1353.000
abce3,tai15_15_09,2,60.016,1367.000,1367.000
abce3,tai15_15_09,3,60.000,1345.000,1345.000
abce3,tai15_15_09,4,60.031,1364.000,1356.000
abce3,tai15_15_09,5,55.016,1338.500,1338.500
abce3,tai15_15_09,6,55.016,1389.500,1389.500
abce3,tai15_15_09,7,55.016,1354.500,1354.500
abce3,tai15_15_09,8,60.000,1391.500,1391.500
abce3,tai15_15_09,9,60.016,1370.500,1370.500
abce3,tai15_15_09,10,60.000,1379.000,1379.000
abce3,tai15_15_09,11,60.000,1351.000,1351.000
abce3,tai15_15_09,12,60.000,1374.000,1374.000
abce3,tai15_15_09,13,60.000,1346.000,1346.000
abce3,tai15_15_09,14,60.000,1371.000,1368.000
abce3,tai15_15_09,15,60.000,1394.500,1382.000
abce3,tai15_15_09,16,55.000,1368.500,1368.500
abce3,tai15_15_09,17,55.000,1364.000,1364.000
abce3,tai15_15_09,18,60.000,1368.500,1368.500
abce3,tai15_15_09,19,55.000,1400.500,1381.000
abce3,tai15_15_09,20,60.000,1381.500,1378.000
abce3,tai15_15_09,21,60.016,1343.000,1343.000
abce3,tai15_15_09,22,60.016,1354.000,1354.000
abce3,tai15_15_09,23,60.016,1381.500,1381.500
abce3,tai15_15_09,24,55.000,1377.000,1377.000
abce3,tai15_15_09,25,60.016,1366.500,1349.500
abce3,tai15_15_09,26,55.016,1349.500,1349.500
abce3,tai15_15_09,27,55.000,1367.500,1367.500
abce3,tai15_15_09,28,55.016,1384.500,1360.000
abce3,tai15_15_09,29,60.016,1349.500,1349.500
abce3,tai15_15_09,30,55.000,1391.500,1367.000
abce3,tai15_15_10,1,55.031,1324.500,1324.500
abce3,tai15_15_10,2,60.016,1315.000,1288.500
abce3,tai15_15_10,3,60.000,1297.500,1297.500
abce3,tai15_15_10,4,55.016,1310.000,1278.000
abce3,tai15_15_10,5,60.000,1303.500,1303.500
abce3,tai15_15_10,6,55.000,1328.500,1328.500
abce3,tai15_15_10,7,60.000,1307.000,1307.000
abce3,tai15_15_10,8,55.031,1299.000,1299.000
abce3,tai15_15_10,9,60.000,1296.000,1296.000
abce3,tai15_15_10,10,55.000,1331.000,1331.000
abce3,tai15_15_10,11,60.000,1325.000,1325.000
abce3,tai15_15_10,12,60.000,1322.000,1316.000
abce3,tai15_15_10,13,60.000,1329.500,1329.500
abce3,tai15_15_10,14,60.000,1309.000,1309.000
abce3,tai15_15_10,15,60.000,1309.000,1309.000
abce3,tai15_15_10,16,60.016,1329.500,1307.000
abce3,tai15_15_10,17,55.016,1315.000,1315.000
abce3,tai15_15_10,18,60.016,1326.000,1326.000
abce3,tai15_15_10,19,55.031,1342.000,1342.000
abce3,tai15_15_10,20,60.000,1326.000,1307.000
abce3,tai15_15_10,21,60.000,1309.500,1309.500
abce3,tai15_15_10,22,60.000,1304.000,1304.000
abce3,tai15_15_10,23,60.000,1334.500,1320.000
abce3,tai15_15_10,24,60.000,1324.500,1324.500
abce3,tai15_15_10,25,60.000,1310.500,1310.500
abce3,tai15_15_10,26,60.000,1308.000,1308.000
abce3,tai15_15_10,27,60.000,1329.000,1314.500
abce3,tai15_15_10,28,55.000,1305.500,1305.500
abce3,tai15_15_10,29,55.000,1312.500,1312.500
abce3,tai15_15_10,30,55.016,1328.500,1321.500
abce3,tai20_20_01,1,55.031,1827.000,1827.000
abce3,tai20_20_01,2,55.016,1784.000,1784.000
abce3,tai20_20_01,3,60.000,1770.500,1770.500
abce3,tai20_20_01,4,60.031,1799.500,1799.500
abce3,tai20_20_01,5,60.031,1768.500,1768.500
abce3,tai20_20_01,6,55.078,1805.500,1805.500
abce3,tai20_20_01,7,55.078,1759.000,1759.000
abce3,tai20_20_01,8,60.016,1808.000,1808.000
abce3,tai20_20_01,9,60.047,1815.000,1815.000
abce3,tai20_20_01,10,60.031,1802.000,1802.000
abce3,tai20_20_01,11,55.016,1808.000,1808.000
abce3,tai20_20_01,12,55.000,1817.000,1817.000
abce3,tai20_20_01,13,60.031,1774.500,1774.500
abce3,tai20_20_01,14,60.031,1770.500,1770.500
abce3,tai20_20_01,15,60.031,1798.500,1798.500
abce3,tai20_20_01,16,60.047,1800.000,1800.000
abce3,tai20_20_01,17,60.016,1818.500,1818.500
abce3,tai20_20_01,18,60.016,1793.500,1793.500
abce3,tai20_20_01,19,55.047,1810.500,1810.500
abce3,tai20_20_01,20,60.047,1828.500,1828.500
abce3,tai20_20_01,21,55.047,1803.000,1803.000
abce3,tai20_20_01,22,60.016,1803.500,1803.500
abce3,tai20_20_01,23,60.016,1787.000,1787.000
abce3,tai20_20_01,24,60.000,1813.000,1813.000
abce3,tai20_20_01,25,60.000,1860.000,1860.000
abce3,tai20_20_01,26,60.000,1761.500,1761.500
abce3,tai20_20_01,27,60.016,1770.500,1770.500
abce3,tai20_20_01,28,60.000,1811.000,1811.000
abce3,tai20_20_01,29,55.016,1795.000,1795.000
abce3,tai20_20_01,30,60.031,1813.000,1813.000
abce3,tai20_20_02,1,55.000,1749.500,1749.500
abce3,tai20_20_02,2,55.000,1733.500,1733.500
abce3,tai20_20_02,3,60.000,1733.000,1733.000
abce3,tai20_20_02,4,55.062,1794.500,1794.500
abce3,tai20_20_02,5,60.016,1724.500,1724.500
abce3,tai20_20_02,6,60.016,1717.500,1717.500
abce3,tai20_20_02,7,60.047,1735.000,1735.000
abce3,tai20_20_02,8,55.078,1746.500,1746.500
abce3,tai20_20_02,9,60.047,1765.500,1765.500
abce3,tai20_20_02,10,55.047,1712.500,1712.500
abce3,tai20_20_02,11,60.000,1755.000,1755.000
abce3,tai20_20_02,12,60.031,1771.500,1771.500
abce3,tai20_20_02,13,60.000,1726.500,1726.500
abce3,tai20_20_02,14,60.016,1712.500,1712.500
abce3,tai20_20_02,15,55.078,1707.000,1707.000
abce3,tai20_20_02,16,55.000,1730.500,1730.500
abce3,tai20_20_02,17,60.000,1719.000,1719.000
abce3,tai20_20_02,18,55.000,1719.500,1719.500
abce3,tai20_20_02,19,60.000,1767.500,1767.500
abce3,tai20_20_02,20,60.031,1736.000,1736.000
abce3,tai20_20_02,21,60.047,1746.000,1746.000
abce3,tai20_20_02,22,55.016,1733.500,1733.500
abce3,tai20_20_02,23,60.031,1731.500,1731.500
abce3,tai20_20_02,24,60.031,1722.500,1722.500
abce3,tai20_20_02,25,60.016,1763.000,1763.000
abce3,tai20_20_02,26,60.031,1725.000,1725.000
abce3,tai20_20_02,27,60.031,1771.000,1771.000
abce3,tai20_20_02,28,60.016,1774.000,1774.000
abce3,tai20_20_02,29,60.047,1772.500,1772.500
abce3,tai20_20_02,30,55.000,1759.000,1759.000
abce3,tai20_20_03,1,60.031,1702.000,1702.000
abce3,tai20_20_03,2,55.094,1691.000,1691.000
abce3,tai20_20_03,3,55.016,1687.000,1687.000
abce3,tai20_20_03,4,60.062,1740.000,1740.000
abce3,tai20_20_03,5,60.016,1723.000,1723.000
abce3,tai20_20_03,6,60.016,1665.500,1665.500
abce3,tai20_20_03,7,60.031,1748.000,1748.000
abce3,tai20_20_03,8,60.016,1718.000,1718.000
abce3,tai20_20_03,9,60.016,1671.500,1671.500
abce3,tai20_20_03,10,60.031,1679.000,1679.000
abce3,tai20_20_03,11,60.000,1737.000,1737.000
abce3,tai20_20_03,12,60.000,1744.500,1744.500
abce3,tai20_20_03,13,60.031,1709.000,1709.000
abce3,tai20_20_03,14,60.000,1740.000,1740.000
abce3,tai20_20_03,15,60.016,1674.500,1674.500
abce3,tai20_20_03,16,55.062,1696.500,1696.500
abce3,tai20_20_03,17,60.016,1694.000,1694.000
abce3,tai20_20_03,18,60.031,1722.000,1722.000
abce3,tai20_20_03,19,55.031,1686.000,1686.000
abce3,tai20_20_03,20,55.047,1667.500,1667.500
abce3,tai20_20_03,21,60.000,1706.500,1706.500
abce3,tai20_20_03,22,60.031,1751.500,1751.500
abce3,tai20_20_03,23,60.000,1729.000,1729.000
abce3,tai20_20_03,24,55.062,1714.500,1714.500
abce3,tai20_20_03,25,55.047,1721.500,1721.500
abce3,tai20_20_03,26,55.062,1693.000,1693.000
abce3,tai20_20_03,27,60.000,1697.000,1697.000
abce3,tai20_20_03,28,60.016,1698.500,1698.500
abce3,tai20_20_03,29,60.000,1729.000,1729.000
abce3,tai20_20_03,30,55.000,1717.500,1717.500
abce3,tai20_20_04,1,60.047,1821.000,1821.000
abce3,tai20_20_04,2,60.031,1786.000,1786.000
abce3,tai20_20_04,3,60.062,1771.500,1771.500
abce3,tai20_20_04,4,60.016,1805.500,1805.500
abce3,tai20_20_04,5,60.047,1804.500,1804.500
abce3,tai20_20_04,6,55.016,1796.000,1796.000
abce3,tai20_20_04,7,60.031,1823.500,1823.500
abce3,tai20_20_04,8,55.000,1796.000,1796.000
abce3,tai20_20_04,9,60.031,1739.500,1739.500
abce3,tai20_20_04,10,55.047,1792.500,1792.500
abce3,tai20_20_04,11,60.031,1773.000,1773.000
abce3,tai20_20_04,12,60.000,1806.000,1806.000
abce3,tai20_20_04,13,55.031,1734.500,1734.500
abce3,tai20_20_04,14,55.031,1767.500,1767.500
abce3,tai20_20_04,15,60.047,1773.000,1773.000
abce3,tai20_20_04,16,60.047,1782.500,1782.500
abce3,tai20_20_04,17,55.031,1777.500,1777.500
abce3,tai20_20_04,18,60.016,1777.000,1777.000
abce3,tai20_20_04,19,55.000,1783.500,1783.500
abce3,tai20_20_04,20,60.000,1826.000,1826.000
abce3,tai20_20_04,21,55.047,1768.000,1768.000
abce3,tai20_20_04,22,60.047,1748.000,1748.000
abce3,tai20_20_04,23,60.016,1783.000,1783.000
abce3,tai20_20_04,24,55.031,1775.500,1775.500
abce3,tai20_20_04,25,55.016,1807.000,1807.000
abce3,tai20_20_04,26,60.031,1788.500,1788.500
abce3,tai20_20_04,27,55.031,1786.000,1786.000
abce3,tai20_20_04,28,60.000,1791.500,1791.500
abce3,tai20_20_04,29,60.016,1830.000,1830.000
abce3,tai20_20_04,30,60.016,1799.000,1799.000
abce3,tai20_20_05,1,55.031,1732.500,1732.500
abce3,tai20_20_05,2,60.016,1750.500,1750.500
abce3,tai20_20_05,3,60.031,1753.000,1753.000
abce3,tai20_20_05,4,55.078,1716.500,1716.500
abce3,tai20_20_05,5,55.000,1737.500,1737.500
abce3,tai20_20_05,6,60.016,1754.000,1754.000
abce3,tai20_20_05,7,60.016,1754.500,1754.500
abce3,tai20_20_05,8,55.062,1732.000,1732.000
abce3,tai20_20_05,9,60.016,1691.000,1691.000
abce3,tai20_20_05,10,60.016,1756.500,1756.500
abce3,tai20_20_05,11,55.031,1773.500,1773.500
abce3,tai20_20_05,12,55.016,1741.000,1741.000
abce3,tai20_20_05,13,55.062,1785.500,1785.500
abce3,tai20_20_05,14,60.031,1769.000,1769.000
abce3,tai20_20_05,15,60.031,1750.500,1750.500
abce3,tai20_20_05,16,60.047,1755.500,1755.500
abce3,tai20_20_05,17,60.016,1743.000,1743.000
abce3,tai20_20_05,18,60.016,1777.500,1777.500
abce3,tai20_20_05,19,60.016,1746.000,1746.000
abce3,tai20_20_05,20,55.078,1744.000,1744.000
abce3,tai20_20_05,21,60.031,1756.000,1756.000
abce3,tai20_20_05,22,60.000,1748.000,1748.000
abce3,tai20_20_05,23,60.078,1745.500,1745.500
abce3,tai20_20_05,24,55.047,1764.000,1764.000
abce3,tai20_20_05,25,60.062,1725.000,1725.000
abce3,tai20_20_05,26,60.047,1760.500,1760.500
abce3,tai20_20_05,27,60.000,1748.500,1748.500
abce3,tai20_20_05,28,60.062,1704.500,1704.500
abce3,tai20_20_05,29,60.047,1762.000,1762.000
abce3,tai20_20_05,30,60.031,1761.500,1761.500
abce3,tai20_20_06,1,60.016,1801.000,1801.000
abce3,tai20_20_06,2,60.016,1807.500,1807.500
abce3,tai20_20_06,3,60.000,1814.000,1814.000
abce3,tai20_20_06,4,60.016,1835.000,1835.000
abce3,tai20_20_06,5,60.000,1772.500,1772.500
abce3,tai20_20_06,6,60.047,1815.000,1815.000
abce3,tai20_20_06,7,55.000,1800.500,1800.500
abce3,tai20_20_06,8,55.000,1814.000,1814.000
abce3,tai20_20_06,9,60.016,1787.000,1787.000
abce3,tai20_20_06,10,60.016,1843.500,1843.500
abce3,tai20_20_06,11,60.047,1771.000,1771.000
abce3,tai20_20_06,12,60.031,1788.000,1788.000
abce3,tai20_20_06,13,60.000,1803.500,1803.500
abce3,tai20_20_06,14,55.016,1790.500,1790.500
abce3,tai20_20_06,15,55.016,1818.500,1818.500
abce3,tai20_20_06,16,60.125,1844.500,1844.500
abce3,tai20_20_06,17,60.047,1810.000,1810.000
abce3,tai20_20_06,18,60.000,1816.500,1816.500
abce3,tai20_20_06,19,60.031,1837.500,1837.500
abce3,tai20_20_06,20,55.047,1792.000,1792.000
abce3,tai20_20_06,21,60.031,1820.000,1820.000
abce3,tai20_20_06,22,60.031,1792.000,1792.000
abce3,tai20_20_06,23,60.047,1823.000,1823.000
abce3,tai20_20_06,24,55.000,1780.000,1780.000
abce3,tai20_20_06,25,55.000,1845.000,1845.000
abce3,tai20_20_06,26,60.016,1779.500,1779.500
abce3,tai20_20_06,27,55.062,1818.500,1818.500
abce3,tai20_20_06,28,60.047,1800.500,1800.500
abce3,tai20_20_06,29,60.000,1783.500,1783.500
abce3,tai20_20_06,30,60.031,1818.000,1818.000
abce3,tai20_20_07,1,60.000,1840.000,1840.000
abce3,tai20_20_07,2,60.031,1818.000,1818.000
abce3,tai20_20_07,3,60.047,1847.000,1847.000
abce3,tai20_20_07,4,60.031,1833.000,1833.000
abce3,tai20_20_07,5,60.031,1823.000,1823.000
abce3,tai20_20_07,6,55.000,1847.000,1847.000
abce3,tai20_20_07,7,60.047,1848.000,1848.000
abce3,tai20_20_07,8,60.062,1802.000,1802.000
abce3,tai20_20_07,9,60.016,1837.000,1837.000
abce3,tai20_20_07,10,55.000,1820.500,1820.500
abce3,tai20_20_07,11,55.000,1851.000,1851.000
abce3,tai20_20_07,12,60.016,1817.500,1817.500
abce3,tai20_20_07,13,60.047,1833.000,1833.000
abce3,tai20_20_07,14,60.031,1822.500,1822.500
abce3,tai20_20_07,15,55.031,1820.000,1820.000
abce3,tai20_20_07,16,55.047,1898.000,1898.000
abce3,tai20_20_07,17,60.047,1864.500,1864.500
abce3,tai20_20_07,18,55.016,1857.000,1857.000
abce3,tai20_20_07,19,55.031,1821.000,1821.000
abce3,tai20_20_07,20,60.000,1815.500,1815.500
abce3,tai20_20_07,21,60.031,1868.000,1868.000
abce3,tai20_20_07,22,60.031,1853.500,1853.500
abce3,tai20_20_07,23,60.031,1860.000,1860.000
abce3,tai20_20_07,24,55.062,1854.000,1854.000
abce3,tai20_20_07,25,60.016,1832.500,1832.500
abce3,tai20_20_07,26,60.000,1849.000,1849.000
abce3,tai20_20_07,27,60.047,1849.000,1849.000
abce3,tai20_20_07,28,60.016,1827.000,1827.000
abce3,tai20_20_07,29,60.016,1840.000,1840.000
abce3,tai20_20_07,30,60.047,1823.500,1823.500
abce3,tai20_20_08,1,60.000,1747.000,1747.000
abce3,tai20_20_08,2,55.078,1770.000,1770.000
abce3,tai20_20_08,3,60.031,1734.000,1734.000
abce3,tai20_20_08,4,60.016,1736.500,1736.500
abce3,tai20_20_08,5,60.016,1747.000,1747.000
abce3,tai20_20_08,6,60.031,1751.500,1751.500
abce3,tai20_20_08,7,60.016,1738.000,1738.000
abce3,tai20_20_08,8,55.062,1721.000,1721.000
abce3,tai20_20_08,9,55.000,1765.000,1765.000
abce3,tai20_20_08,10,55.062,1770.000,1770.000
abce3,tai20_20_08,11,60.031,1760.000,1760.000
abce3,tai20_20_08,12,60.031,1750.500,1750.500
abce3,tai20_20_08,13,60.031,1737.500,1737.500
abce3,tai20_20_08,14,55.062,1759.500,1759.500
abce3,tai20_20_08,15,55.031,1768.000,1768.000
abce3,tai20_20_08,16,60.047,1749.000,1749.000
abce3,tai20_20_08,17,60.000,1752.000,1752.000
abce3,tai20_20_08,18,60.031,1757.500,1757.500
abce3,tai20_20_08,19,60.000,1760.500,1760.500
abce3,tai20_20_08,20,60.031,1726.000,1726.000
abce3,tai20_20_08,21,55.047,1757.000,1757.000
abce3,tai20_20_08,22,60.031,1769.500,1769.500
abce3,tai20_20_08,23,60.047,1771.000,1771.000
abce3,tai20_20_08,24,60.000,1760.500,1760.500
abce3,tai20_20_08,25,60.031,1730.500,1730.500
abce3,tai20_20_08,26,60.000,1722.000,1722.000
abce3,tai20_20_08,27,60.031,1749.500,1749.500
abce3,tai20_20_08,28,55.062,1805.000,1805.000
abce3,tai20_20_08,29,60.016,1737.000,1737.000
abce3,tai20_20_08,30,60.031,1725.000,1725.000
abce3,tai20_20_09,1,55.000,1793.500,1793.500
abce3,tai20_20_09,2,55.000,1750.500,1750.500
abce3,tai20_20_09,3,60.016,1771.500,1771.500
abce3,tai20_20_09,4,60.031,1732.500,1732.500
abce3,tai20_20_09,5,55.016,1772.000,1772.000
abce3,tai20_20_09,6,60.031,1788.000,1788.000
abce3,tai20_20_09,7,55.062,1789.500,1789.500
abce3,tai20_20_09,8,55.016,1788.000,1788.000
abce3,tai20_20_09,9,55.062,1758.500,1758.500
abce3,tai20_20_09,10,60.047,1770.000,1770.000
abce3,tai20_20_09,11,60.000,1789.000,1789.000
abce3,tai20_20_09,12,60.000,1753.500,1753.500
abce3,tai20_20_09,13,55.000,1802.500,1802.500
abce3,tai20_20_09,14,60.031,1776.500,1776.500
abce3,tai20_20_09,15,60.000,1779.000,1779.000
abce3,tai20_20_09,16,55.016,1766.500,1766.500
abce3,tai20_20_09,17,60.016,1763.500,1763.500
abce3,tai20_20_09,18,55.047,1783.500,1783.500
abce3,tai20_20_09,19,60.000,1807.500,1807.500
abce3,tai20_20_09,20,60.016,1748.500,1748.500
abce3,tai20_20_09,21,60.000,1739.500,1739.500
abce3,tai20_20_09,22,60.047,1780.500,1780.500
abce3,tai20_20_09,23,60.031,1754.000,1754.000
abce3,tai20_20_09,24,55.016,1778.000,1778.000
abce3,tai20_20_09,25,55.047,1751.500,1751.500
abce3,tai20_20_09,26,60.031,1752.000,1752.000
abce3,tai20_20_09,27,60.016,1750.500,1750.500
abce3,tai20_20_09,28,55.031,1778.000,1778.000
abce3,tai20_20_09,29,60.000,1746.000,1746.000
abce3,tai20_20_09,30,55.062,1748.500,1748.500
abce3,tai20_20_10,1,60.016,1775.500,1775.500
abce3,tai20_20_10,2,60.016,1722.500,1722.500
abce3,tai20_20_10,3,60.047,1734.500,1734.500
abce3,tai20_20_10,4,60.000,1749.500,1749.500
abce3,tai20_20_10,5,55.047,1706.500,1706.500
abce3,tai20_20_10,6,55.000,1714.500,1714.500
abce3,tai20_20_10,7,60.000,1756.000,1756.000
abce3,tai20_20_10,8,60.000,1739.500,1739.500
abce3,tai20_20_10,9,60.016,1711.000,1711.000
abce3,tai20_20_10,10,60.000,1715.500,1715.500
abce3,tai20_20_10,11,60.047,1746.500,1746.500
abce3,tai20_20_10,12,55.031,1733.500,1733.500
abce3,tai20_20_10,13,55.031,1716.000,1716.000
abce3,tai20_20_10,14,60.031,1753.000,1753.000
abce3,tai20_20_10,15,55.047,1704.000,1704.000
abce3,tai20_20_10,16,60.047,1711.500,1711.500
abce3,tai20_20_10,17,60.000,1788.000,1788.000
abce3,tai20_20_10,18,55.078,1732.000,1732.000
abce3,tai20_20_10,19,60.047,1752.000,1752.000
abce3,tai20_20_10,20,55.016,1720.000,1720.000
abce3,tai20_20_10,21,60.016,1724.000,1724.000
abce3,tai20_20_10,22,60.000,1741.000,1741.000
abce3,tai20_20_10,23,55.031,1694.000,1694.000
abce3,tai20_20_10,24,60.000,1694.500,1694.500
abce3,tai20_20_10,25,55.047,1702.500,1702.500
abce3,tai20_20_10,26,55.000,1732.500,1732.500
abce3,tai20_20_10,27,60.031,1740.000,1740.000
abce3,tai20_20_10,28,60.016,1727.000,1727.000
abce3,tai20_20_10,29,55.047,1703.000,1703.000
abce3,tai20_20_10,30,60.000,1746.000,1746.000
abce3,tai30_15_01,1,60.078,1925.000,1925.000
abce3,tai30_15_01,2,60.000,2012.000,2012.000
abce3,tai30_15_01,3,60.016,1988.000,1988.000
abce3,tai30_15_01,4,60.047,1909.000,1909.000
abce3,tai30_15_01,5,60.047,1951.000,1951.000
abce3,tai30_15_01,6,60.047,1934.500,1934.500
abce3,tai30_15_01,7,55.078,1969.000,1969.000
abce3,tai30_15_01,8,55.031,1947.000,1947.000
abce3,tai30_15_01,9,60.000,1925.000,1925.000
abce3,tai30_15_01,10,55.031,1952.500,1952.500
abce3,tai30_15_01,11,60.031,1966.500,1966.500
abce3,tai30_15_01,12,55.062,1955.000,1955.000
abce3,tai30_15_01,13,55.047,1909.000,1909.000
abce3,tai30_15_01,14,60.016,1967.500,1967.500
abce3,tai30_15_01,15,60.031,1930.000,1930.000
abce3,tai30_15_01,16,55.078,1951.500,1951.500
abce3,tai30_15_01,17,60.047,1999.000,1999.000
abce3,tai30_15_01,18,60.000,1936.500,1936.500
abce3,tai30_15_01,19,60.000,1966.000,1966.000
abce3,tai30_15_01,20,60.031,1961.500,1961.500
abce3,tai30_15_01,21,60.031,1888.500,1888.500
abce3,tai30_15_01,22,60.031,1915.500,1915.500
abce3,tai30_15_01,23,55.062,1953.000,1953.000
abce3,tai30_15_01,24,60.031,1923.000,1923.000
abce3,tai30_15_01,25,60.047,1971.000,1971.000
abce3,tai30_15_01,26,60.000,1947.000,1947.000
abce3,tai30_15_01,27,60.000,1941.000,1941.000
abce3,tai30_15_01,28,60.062,1967.000,1967.000
abce3,tai30_15_01,29,60.016,1930.500,1930.500
abce3,tai30_15_01,30,60.031,1959.500,1959.500
abce3,tai30_15_02,1,60.000,2022.000,2022.000
abce3,tai30_15_02,2,55.062,2075.000,2075.000
abce3,tai30_15_02,3,55.047,2006.500,2006.500
abce3,tai30_15_02,4,60.062,2011.500,2011.500
abce3,tai30_15_02,5,60.000,2060.000,2060.000
abce3,tai30_15_02,6,55.062,2050.500,2050.500
abce3,tai30_15_02,7,60.016,2022.500,2022.500
abce3,tai30_15_02,8,60.047,2020.000,2020.000
abce3,tai30_15_02,9,60.047,2088.500,2088.500
abce3,tai30_15_02,10,60.016,2056.500,2056.500
abce3,tai30_15_02,11,55.062,2027.000,2027.000
abce3,tai30_15_02,12,55.062,2004.500,2004.500
abce3,tai30_15_02,13,60.047,2003.500,2003.500
abce3,tai30_15_02,14,60.016,2027.000,2027.000
abce3,tai30_15_02,15,60.016,2017.000,2017.000
abce3,tai30_15_02,16,55.078,2054.000,2054.000
abce3,tai30_15_02,17,55.031,1977.500,1977.500
abce3,tai30_15_02,18,55.031,2052.000,2052.000
abce3,tai30_15_02,19,60.031,2077.000,2077.000
abce3,tai30_15_02,20,60.000,2013.000,2013.000
abce3,tai30_15_02,21,60.031,2051.500,2051.500
abce3,tai30_15_02,22,60.031,2086.000,2086.000
abce3,tai30_15_02,23,55.031,2100.500,2100.500
abce3,tai30_15_02,24,55.047,2032.000,2032.000
abce3,tai30_15_02,25,60.078,2050.000,2050.000
abce3,tai30_15_02,26,60.000,2024.000,2024.000
abce3,tai30_15_02,27,60.031,2064.500,2064.500
abce3,tai30_15_02,28,60.016,2044.000,2044.000
abce3,tai30_15_02,29,60.062,2052.500,2052.500
abce3,tai30_15_02,30,60.016,2080.000,2080.000
abce3,tai30_15_03,1,60.000,2036.500,2036.500
abce3,tai30_15_03,2,60.062,2028.000,2028.000
abce3,tai30_15_03,3,60.000,2026.500,2026.500
abce3,tai30_15_03,4,60.031,2064.000,2064.000
abce3,tai30_15_03,5,60.047,2047.500,2047.500
abce3,tai30_15_03,6,60.047,2024.500,2024.500
abce3,tai30_15_03,7,55.000,2058.000,2058.000
abce3,tai30_15_03,8,60.062,2059.500,2059.500
abce3,tai30_15_03,9,60.016,2017.500,2017.500
abce3,tai30_15_03,10,55.016,2038.000,2038.000
abce3,tai30_15_03,11,60.047,2049.000,2049.000
abce3,tai30_15_03,12,60.016,2040.500,2040.500
abce3,tai30_15_03,13,60.047,2071.000,2071.000
abce3,tai30_15_03,14,60.016,2074.000,2074.000
abce3,tai30_15_03,15,60.047,1994.000,1994.000
abce3,tai30_15_03,16,60.016,2019.000,2019.000
abce3,tai30_15_03,17,55.000,2059.000,2059.000
abce3,tai30_15_03,18,60.047,2038.000,2038.000
abce3,tai30_15_03,19,60.016,2010.500,2010.500
abce3,tai30_15_03,20,60.000,2059.500,2059.500
abce3,tai30_15_03,21,60.016,2042.000,2042.000
abce3,tai30_15_03,22,60.047,2023.500,2023.500
abce3,tai30_15_03,23,60.047,2018.000,2018.000
abce3,tai30_15_03,24,60.016,2061.000,2061.000
abce3,tai30_15_03,25,55.109,2107.000,2107.000
abce3,tai30_15_03,26,60.016,2077.500,2077.500
abce3,tai30_15_03,27,60.062,2045.500,2045.500
abce3,tai30_15_03,28,55.016,2049.000,2049.000
abce3,tai30_15_03,29,60.000,2029.000,2029.000
abce3,tai30_15_03,30,60.000,1971.000,1971.000
abce3,tai30_15_04,1,60.047,2022.000,2022.000
abce3,tai30_15_04,2,55.031,2035.500,2035.500
abce3,tai30_15_04,3,60.016,2040.500,2040.500
abce3,tai30_15_04,4,60.047,2011.000,2011.000
abce3,tai30_15_04,5,60.000,2043.000,2043.000
abce3,tai30_15_04,6,55.016,2021.000,2021.000
abce3,tai30_15_04,7,60.016,2009.500,2009.500
abce3,tai30_15_04,8,60.031,2068.500,2068.500
abce3,tai30_15_04,9,55.094,2044.500,2044.500
abce3,tai30_15_04,10,55.047,2043.000,2043.000
abce3,tai30_15_04,11,60.047,2024.500,2024.500
abce3,tai30_15_04,12,60.031,2029.500,2029.500
abce3,tai30_15_04,13,60.000,2027.500,2027.500
abce3,tai30_15_04,14,60.047,2023.500,2023.500
abce3,tai30_15_04,15,60.000,2020.500,2020.500
abce3,tai30_15_04,16,60.000,2035.000,2035.000
abce3,tai30_15_04,17,60.016,2017.500,2017.500
abce3,tai30_15_04,18,60.016,2053.500,2053.500
abce3,tai30_15_04,19,60.031,2063.000,2063.000
abce3,tai30_15_04,20,55.016,2028.000,2028.000
abce3,tai30_15_04,21,60.000,2068.500,2068.500
abce3,tai30_15_04,22,60.031,2005.000,2005.000
abce3,tai30_15_04,23,55.109,2024.000,2024.000
abce3,tai30_15_04,24,60.031,2018.500,2018.500
abce3,tai30_15_04,25,60.047,2093.500,2093.500
abce3,tai30_15_04,26,55.047,2049.500,2049.500
abce3,tai30_15_04,27,55.078,2049.500,2049.500
abce3,tai30_15_04,28,60.031,1989.500,1989.500
abce3,tai30_15_04,29,60.047,1998.000,1998.000
abce3,tai30_15_04,30,55.062,2041.500,2041.500
abce3,tai30_15_05,1,55.047,2095.500,2095.500
abce3,tai30_15_05,2,60.031,2097.500,2097.500
abce3,tai30_15_05,3,60.016,2083.500,2083.500
abce3,tai30_15_05,4,55.031,2067.000,2067.000
abce3,tai30_15_05,5,55.062,2086.000,2086.000
abce3,tai30_15_05,6,60.000,2055.500,2055.500
abce3,tai30_15_05,7,60.047,2114.500,2114.500
abce3,tai30_15_05,8,60.000,2108.000,2108.000
abce3,tai30_15_05,9,60.062,2087.000,2087.000
abce3,tai30_15_05,10,55.094,2095.000,2095.000
abce3,tai30_15_05,11,55.078,2109.500,2109.500
abce3,tai30_15_05,12,55.031,2109.000,2109.000
abce3,tai30_15_05,13,60.047,2124.000,2124.000
abce3,tai30_15_05,14,60.047,2107.000,2107.000
abce3,tai30_15_05,15,55.062,2054.000,2054.000
abce3,tai30_15_05,16,55.047,2074.000,2074.000
abce3,tai30_15_05,17,55.000,2086.000,2086.000
abce3,tai30_15_05,18,60.000,2060.000,2060.000
abce3,tai30_15_05,19,55.078,2101.000,2101.000
abce3,tai30_15_05,20,60.047,2113.000,2113.000
abce3,tai30_15_05,21,55.094,2100.000,2100.000
abce3,tai30_15_05,22,60.016,2066.000,2066.000
abce3,tai30_15_05,23,55.016,2088.500,2088.500
abce3,tai30_15_05,24,60.031,2101.000,2101.000
abce3,tai30_15_05,25,55.078,2073.000,2073.000
abce3,tai30_15_05,26,60.047,2060.000,2060.000
abce3,tai30_15_05,27,55.031,2103.500,2103.500
abce3,tai30_15_05,28,60.016,2068.500,2068.500
abce3,tai30_15_05,29,60.000,2059.500,2059.500
abce3,tai30_15_05,30,55.031,2067.500,2067.500
abce3,tai30_15_06,1,60.031,2038.500,2038.500
abce3,tai30_15_06,2,55.094,2084.000,2084.000
abce3,tai30_15_06,3,60.047,2039.500,2039.500
abce3,tai30_15_06,4,60.047,2033.000,2033.000
abce3,tai30_15_06,5,60.016,1997.500,1997.500
abce3,tai30_15_06,6,60.047,2007.000,2007.000
abce3,tai30_15_06,7,60.016,2026.000,2026.000
abce3,tai30_15_06,8,60.062,2006.500,2006.500
abce3,tai30_15_06,9,60.016,2045.000,2045.000
abce3,tai30_15_06,10,60.016,2013.500,2013.500
abce3,tai30_15_06,11,60.031,2031.000,2031.000
abce3,tai30_15_06,12,55.062,2083.500,2083.500
abce3,tai30_15_06,13,55.000,2069.000,2069.000
abce3,tai30_15_06,14,55.031,2036.000,2036.000
abce3,tai30_15_06,15,60.047,2031.500,2031.500
abce3,tai30_15_06,16,60.078,2036.500,2036.500
abce3,tai30_15_06,17,55.000,2007.000,2007.000
abce3,tai30_15_06,18,55.016,2021.500,2021.500
abce3,tai30_15_06,19,60.031,2003.500,2003.500
abce3,tai30_15_06,20,60.016,2011.000,2011.000
abce3,tai30_15_06,21,60.000,2012.000,2012.000
abce3,tai30_15_06,22,60.031,2088.000,2088.000
abce3,tai30_15_06,23,60.000,2047.500,2047.500
abce3,tai30_15_06,24,55.078,2033.000,2033.000
abce3,tai30_15_06,25,60.016,2034.000,2034.000
abce3,tai30_15_06,26,60.047,2006.000,2006.000
abce3,tai30_15_06,27,60.000,1941.500,1941.500
abce3,tai30_15_06,28,60.016,2038.000,2038.000
abce3,tai30_15_06,29,55.000,2036.500,2036.500
abce3,tai30_15_06,30,60.047,1970.000,1970.000
abce3,tai30_15_07,1,60.031,1988.000,1988.000
abce3,tai30_15_07,2,60.047,2009.000,2009.000
abce3,tai30_15_07,3,60.016,1985.500,1985.500
abce3,tai30_15_07,4,60.062,2021.500,2021.500
abce3,tai30_15_07,5,55.062,2026.000,2026.000
abce3,tai30_15_07,6,60.062,1976.000,1976.000
abce3,tai30_15_07,7,60.047,2017.000,2017.000
abce3,tai30_15_07,8,55.062,2053.000,2053.000
abce3,tai30_15_07,9,60.031,2035.500,2035.500
abce3,tai30_15_07,10,60.047,2008.500,2008.500
abce3,tai30_15_07,11,55.062,1973.500,1973.500
abce3,tai30_15_07,12,60.062,1981.000,1981.000
abce3,tai30_15_07,13,60.031,1970.500,1970.500
abce3,tai30_15_07,14,55.000,1948.500,1948.500
abce3,tai30_15_07,15,60.062,1945.000,1945.000
abce3,tai30_15_07,16,60.016,2011.000,2011.000
abce3,tai30_15_07,17,60.062,1998.500,1998.500
abce3,tai30_15_07,18,60.016,1961.000,1961.000
abce3,tai30_15_07,19,60.000,2001.500,2001.500
abce3,tai30_15_07,20,60.000,1996.000,1996.000
abce3,tai30_15_07,21,60.000,1993.500,1993.500
abce3,tai30_15_07,22,60.000,1996.000,1996.000
abce3,tai30_15_07,23,55.062,2002.500,2002.500
abce3,tai30_15_07,24,60.016,1938.000,1938.000
abce3,tai30_15_07,25,60.047,2013.500,2013.500
abce3,tai30_15_07,26,60.000,1950.500,1950.500
abce3,tai30_15_07,27,55.078,1997.000,1997.000
abce3,tai30_15_07,28,55.016,2019.500,2019.500
abce3,tai30_15_07,29,60.047,1979.000,1979.000
abce3,tai30_15_07,30,60.047,1991.500,1991.500
abce3,tai30_15_08,1,55.000,1891.000,1891.000
abce3,tai30_15_08,2,55.000,1876.000,1876.000
abce3,tai30_15_08,3,60.047,1871.000,1871.000
abce3,tai30_15_08,4,60.047,1928.500,1928.500
abce3,tai30_15_08,5,60.031,1894.500,1894.500
abce3,tai30_15_08,6,55.047,1853.000,1853.000
abce3,tai30_15_08,7,60.016,1928.500,1928.500
abce3,tai30_15_08,8,60.031,1880.500,1880.500
abce3,tai30_15_08,9,60.016,1888.500,1888.500
abce3,tai30_15_08,10,60.016,1889.000,1889.000
abce3,tai30_15_08,11,60.016,1955.500,1955.500
abce3,tai30_15_08,12,60.016,1867.500,1867.500
abce3,tai30_15_08,13,55.031,1879.500,1879.500
abce3,tai30_15_08,14,55.031,1867.500,1867.500
abce3,tai30_15_08,15,55.109,1896.000,1896.000
abce3,tai30_15_08,16,60.000,1932.000,1932.000
abce3,tai30_15_08,17,60.000,1925.000,1925.000
abce3,tai30_15_08,18,55.031,1882.000,1882.000
abce3,tai30_15_08,19,55.016,1892.000,1892.000
abce3,tai30_15_08,20,55.016,1897.500,1897.500
abce3,tai30_15_08,21,60.031,1862.000,1862.000
abce3,tai30_15_08,22,60.016,1885.500,1885.500
abce3,tai30_15_08,23,55.016,1898.500,1898.500
abce3,tai30_15_08,24,60.062,1915.000,1915.000
abce3,tai30_15_08,25,55.031,1880.000,1880.000
abce3,tai30_15_08,26,55.000,1887.000,1887.000
abce3,tai30_15_08,27,60.016,1882.500,1882.500
abce3,tai30_15_08,28,60.000,1881.000,1881.000
abce3,tai30_15_08,29,60.062,1873.500,1873.500
abce3,tai30_15_08,30,60.000,1869.500,1869.500
abce3,tai30_15_09,1,55.078,1952.000,1952.000
abce3,tai30_15_09,2,60.016,1926.000,1926.000
abce3,tai30_15_09,3,60.000,1944.000,1944.000
abce3,tai30_15_09,4,60.047,1965.500,1965.500
abce3,tai30_15_09,5,60.031,1963.500,1963.500
abce3,tai30_15_09,6,60.047,1980.500,1980.500
abce3,tai30_15_09,7,60.031,2002.000,2002.000
abce3,tai30_15_09,8,60.047,1998.500,1998.500
abce3,tai30_15_09,9,60.031,1982.000,1982.000
abce3,tai30_15_09,10,60.047,1975.000,1975.000
abce3,tai30_15_09,11,60.016,1984.000,1984.000
abce3,tai30_15_09,12,60.047,1923.000,1923.000
abce3,tai30_15_09,13,55.000,2002.500,2002.500
abce3,tai30_15_09,14,55.016,1934.000,1934.000
abce3,tai30_15_09,15,55.016,1975.500,1975.500
abce3,tai30_15_09,16,55.094,1941.500,1941.500
abce3,tai30_15_09,17,55.094,2003.500,2003.500
abce3,tai30_15_09,18,55.047,2047.500,2047.500
abce3,tai30_15_09,19,60.016,1994.000,1994.000
abce3,tai30_15_09,20,60.062,1994.000,1994.000
abce3,tai30_15_09,21,55.094,1993.000,1993.000
abce3,tai30_15_09,22,60.062,1937.000,1937.000
abce3,tai30_15_09,23,60.031,1962.500,1962.500
abce3,tai30_15_09,24,55.078,1980.500,1980.500
abce3,tai30_15_09,25,60.031,1951.500,1951.500
abce3,tai30_15_09,26,55.047,2004.500,2004.500
abce3,tai30_15_09,27,55.094,1981.500,1981.500
abce3,tai30_15_09,28,60.031,1988.000,1988.000
abce3,tai30_15_09,29,60.000,1966.500,1966.500
abce3,tai30_15_09,30,60.047,1967.500,1967.500
abce3,tai30_15_10,1,60.062,1888.500,1888.500
abce3,tai30_15_10,2,60.016,1893.000,1893.000
abce3,tai30_15_10,3,60.000,1912.500,1912.500
abce3,tai30_15_10,4,60.016,1887.500,1887.500
abce3,tai30_15_10,5,55.062,1882.000,1882.000
abce3,tai30_15_10,6,60.000,1885.500,1885.500
abce3,tai30_15_10,7,60.047,1903.000,1903.000
abce3,tai30_15_10,8,60.031,1933.000,1933.000
abce3,tai30_15_10,9,55.094,1932.000,1932.000
abce3,tai30_15_10,10,60.047,1875.500,1875.500
abce3,tai30_15_10,11,60.031,1869.000,1869.000
abce3,tai30_15_10,12,60.016,1908.500,1908.500
abce3,tai30_15_10,13,60.031,1897.000,1897.000
abce3,tai30_15_10,14,60.016,1875.500,1875.500
abce3,tai30_15_10,15,60.047,1906.000,1906.000
abce3,tai30_15_10,16,55.031,1911.000,1911.000
abce3,tai30_15_10,17,55.000,1882.500,1882.500
abce3,tai30_15_10,18,55.062,1898.500,1898.500
abce3,tai30_15_10,19,60.031,1905.500,1905.500
abce3,tai30_15_10,20,60.047,1859.000,1859.000
abce3,tai30_15_10,21,55.062,1904.500,1904.500
abce3,tai30_15_10,22,60.000,1868.000,1868.000
abce3,tai30_15_10,23,60.047,1923.500,1923.500
abce3,tai30_15_10,24,55.094,1922.500,1922.500
abce3,tai30_15_10,25,60.047,1900.500,1900.500
abce3,tai30_15_10,26,60.031,1931.000,1931.000
abce3,tai30_15_10,27,60.062,1895.000,1895.000
abce3,tai30_15_10,28,60.062,1885.000,1885.000
abce3,tai30_15_10,29,60.031,1882.000,1882.000
abce3,tai30_15_10,30,60.000,1906.000,1906.000
abce3,tai30_20_01,1,60.031,2311.000,2311.000
abce3,tai30_20_01,2,60.000,2271.000,2271.000
abce3,tai30_20_01,3,60.062,2315.500,2315.500
abce3,tai30_20_01,4,60.016,2330.500,2330.500
abce3,tai30_20_01,5,60.062,2324.500,2324.500
abce3,tai30_20_01,6,60.031,2276.000,2276.000
abce3,tai30_20_01,7,60.031,2336.500,2336.500
abce3,tai30_20_01,8,60.031,2334.000,2334.000
abce3,tai30_20_01,9,60.062,2321.500,2321.500
abce3,tai30_20_01,10,60.016,2357.500,2357.500
abce3,tai30_20_01,11,55.047,2343.000,2343.000
abce3,tai30_20_01,12,55.000,2307.500,2307.500
abce3,tai30_20_01,13,55.094,2361.000,2361.000
abce3,tai30_20_01,14,55.031,2311.500,2311.500
abce3,tai30_20_01,15,60.031,2343.000,2343.000
abce3,tai30_20_01,16,55.000,2368.000,2368.000
abce3,tai30_20_01,17,55.016,2369.000,2369.000
abce3,tai30_20_01,18,55.109,2340.000,2340.000
abce3,tai30_20_01,19,60.062,2355.000,2355.000
abce3,tai30_20_01,20,55.047,2364.000,2364.000
abce3,tai30_20_01,21,60.016,2372.500,2372.500
abce3,tai30_20_01,22,60.031,2335.000,2335.000
abce3,tai30_20_01,23,60.031,2338.500,2338.500
abce3,tai30_20_01,24,55.078,2298.500,2298.500
abce3,tai30_20_01,25,60.016,2313.500,2313.500
abce3,tai30_20_01,26,55.047,2271.500,2271.500
abce3,tai30_20_01,27,55.094,2295.500,2295.500
abce3,tai30_20_01,28,55.062,2338.000,2338.000
abce3,tai30_20_01,29,60.016,2334.500,2334.500
abce3,tai30_20_01,30,60.000,2373.500,2373.500
abce3,tai30_20_02,1,55.062,2246.500,2246.500
abce3,tai30_20_02,2,60.016,2256.000,2256.000
abce3,tai30_20_02,3,60.000,2242.000,2242.000
abce3,tai30_20_02,4,60.047,2289.500,2289.500
abce3,tai30_20_02,5,60.031,2238.500,2238.500
abce3,tai30_20_02,6,55.031,2216.000,2216.000
abce3,tai30_20_02,7,55.062,2289.000,2289.000
abce3,tai30_20_02,8,55.062,2220.500,2220.500
abce3,tai30_20_02,9,60.062,2290.000,2290.000
abce3,tai30_20_02,10,60.016,2184.500,2184.500
abce3,tai30_20_02,11,60.031,2194.000,2194.000
abce3,tai30_20_02,12,55.031,2295.000,2295.000
abce3,tai30_20_02,13,55.094,2224.000,2224.000
abce3,tai30_20_02,14,60.031,2239.000,2239.000
abce3,tai30_20_02,15,60.047,2242.000,2242.000
abce3,tai30_20_02,16,60.016,2235.000,2235.000
abce3,tai30_20_02,17,60.031,2241.000,2241.000
abce3,tai30_20_02,18,60.047,2246.500,2246.500
abce3,tai30_20_02,19,55.031,2202.000,2202.000
abce3,tai30_20_02,20,60.062,2234.000,2234.000
abce3,tai30_20_02,21,55.031,2234.000,2234.000
abce3,tai30_20_02,22,60.016,2256.500,2256.500
abce3,tai30_20_02,23,60.031,2248.000,2248.000
abce3,tai30_20_02,24,60.031,2271.500,2271.500
abce3,tai30_20_02,25,55.109,2192.500,2192.500
abce3,tai30_20_02,26,55.016,2273.500,2273.500
abce3,tai30_20_02,27,55.016,2253.000,2253.000
abce3,tai30_20_02,28,55.094,2199.000,2199.000
abce3,tai30_20_02,29,60.047,2270.000,2270.000
abce3,tai30_20_02,30,55.094,2247.000,2247.000
abce3,tai30_20_03,1,55.031,2208.500,2208.500
abce3,tai30_20_03,2,60.000,2159.500,2159.500
abce3,tai30_20_03,3,55.016,2143.000,2143.000
abce3,tai30_20_03,4,60.047,2105.500,2105.500
abce3,tai30_20_03,5,55.062,2148.500,2148.500
abce3,tai30_20_03,6,60.047,2185.000,2185.000
abce3,tai30_20_03,7,60.047,2173.000,2173.000
abce3,tai30_20_03,8,55.031,2245.500,2245.500
abce3,tai30_20_03,9,60.031,2147.000,2147.000
abce3,tai30_20_03,10,60.047,2168.500,2168.500
abce3,tai30_20_03,11,55.016,2167.000,2167.000
abce3,tai30_20_03,12,60.047,2191.500,2191.500
abce3,tai30_20_03,13,60.000,2148.500,2148.500
abce3,tai30_20_03,14,55.078,2162.000,2162.000
abce3,tai30_20_03,15,60.062,2127.500,2127.500
abce3,tai30_20_03,16,60.062,2162.500,2162.500
abce3,tai30_20_03,17,60.016,2194.500,2194.500
abce3,tai30_20_03,18,60.016,2153.500,2153.500
abce3,tai30_20_03,19,55.094,2185.500,2185.500
abce3,tai30_20_03,20,55.078,2130.500,2130.500
abce3,tai30_20_03,21,60.062,2184.000,2184.000
abce3,tai30_20_03,22,55.047,2156.500,2156.500
abce3,tai30_20_03,23,55.016,2142.500,2142.500
abce3,tai30_20_03,24,60.062,2174.500,2174.500
abce3,tai30_20_03,25,55.078,2141.500,2141.500
abce3,tai30_20_03,26,55.062,2155.000,2155.000
abce3,tai30_20_03,27,60.031,2107.000,2107.000
abce3,tai30_20_03,28,60.000,2212.000,2212.000
abce3,tai30_20_03,29,55.078,2154.000,2154.000
abce3,tai30_20_03,30,55.047,2147.000,2147.000
abce3,tai30_20_04,1,60.016,2274.000,2274.000
abce3,tai30_20_04,2,55.000,2256.000,2256.000
abce3,tai30_20_04,3,55.000,2285.500,2285.500
abce3,tai30_20_04,4,55.016,2292.000,2292.000
abce3,tai30_20_04,5,60.000,2210.500,2210.500
abce3,tai30_20_04,6,60.031,2255.500,2255.500
abce3,tai30_20_04,7,60.031,2296.500,2296.500
abce3,tai30_20_04,8,60.094,2278.500,2278.500
abce3,tai30_20_04,9,55.031,2235.500,2235.500
abce3,tai30_20_04,10,55.016,2268.500,2268.500
abce3,tai30_20_04,11,55.062,2215.500,2215.500
abce3,tai30_20_04,12,60.016,2256.000,2256.000
abce3,tai30_20_04,13,55.062,2283.500,2283.500
abce3,tai30_20_04,14,55.016,2273.000,2273.000
abce3,tai30_20_04,15,55.047,2307.500,2307.500
abce3,tai30_20_04,16,60.078,2290.000,2290.000
abce3,tai30_20_04,17,60.047,2247.500,2247.500
abce3,tai30_20_04,18,60.047,2319.000,2319.000
abce3,tai30_20_04,19,55.109,2273.500,2273.500
abce3,tai30_20_04,20,55.047,2286.500,2286.500
abce3,tai30_20_04,21,55.000,2273.500,2273.500
abce3,tai30_20_04,22,60.062,2268.500,2268.500
abce3,tai30_20_04,23,55.078,2232.500,2232.500
abce3,tai30_20_04,24,60.031,2236.000,2236.000
abce3,tai30_20_04,25,60.047,2275.500,2275.500
abce3,tai30_20_04,26,60.031,2225.000,2225.000
abce3,tai30_20_04,27,55.109,2228.000,2228.000
abce3,tai30_20_04,28,60.047,2270.000,2270.000
abce3,tai30_20_04,29,55.062,2238.500,2238.500
abce3,tai30_20_04,30,60.047,2226.500,2226.500
abce3,tai30_20_05,1,55.078,2247.000,2247.000
abce3,tai30_20_05,2,60.062,2272.000,2272.000
abce3,tai30_20_05,3,60.016,2223.500,2223.500
abce3,tai30_20_05,4,60.047,2217.500,2217.500
abce3,tai30_20_05,5,55.047,2219.000,2219.000
abce3,tai30_20_05,6,60.062,2209.000,2209.000
abce3,tai30_20_05,7,55.000,2216.000,2216.000
abce3,tai30_20_05,8,55.078,2204.500,2197.000
abce3,tai30_20_05,9,55.047,2185.000,2185.000
abce3,tai30_20_05,10,55.094,2243.000,2243.000
abce3,tai30_20_05,11,60.016,2224.000,2224.000
abce3,tai30_20_05,12,55.094,2245.500,2245.500
abce3,tai30_20_05,13,55.062,2257.500,2257.500
abce3,tai30_20_05,14,60.031,2207.500,2207.500
abce3,tai30_20_05,15,60.016,2215.500,2215.500
abce3,tai30_20_05,16,55.047,2212.000,2212.000
abce3,tai30_20_05,17,60.047,2203.500,2203.500
abce3,tai30_20_05,18,60.016,2217.000,2217.000
abce3,tai30_20_05,19,60.047,2234.000,2234.000
abce3,tai30_20_05,20,60.078,2224.500,2224.500
abce3,tai30_20_05,21,55.094,2210.000,2210.000
abce3,tai30_20_05,22,60.016,2239.000,2239.000
abce3,tai30_20_05,23,60.016,2220.000,2220.000
abce3,tai30_20_05,24,60.000,2196.000,2196.000
abce3,tai30_20_05,25,55.031,2239.500,2239.500
abce3,tai30_20_05,26,55.078,2228.500,2228.500
abce3,tai30_20_05,27,60.031,2259.500,2259.500
abce3,tai30_20_05,28,55.078,2253.000,2253.000
abce3,tai30_20_05,29,55.016,2256.500,2256.500
abce3,tai30_20_05,30,55.109,2249.500,2249.500
abce3,tai30_20_06,1,55.016,2290.000,2290.000
abce3,tai30_20_06,2,60.000,2302.500,2302.500
abce3,tai30_20_06,3,60.000,2301.000,2301.000
abce3,tai30_20_06,4,60.016,2360.500,2360.500
abce3,tai30_20_06,5,60.016,2295.000,2295.000
abce3,tai30_20_06,6,55.031,2328.000,2328.000
abce3,tai30_20_06,7,60.016,2334.500,2334.500
abce3,tai30_20_06,8,60.016,2295.000,2295.000
abce3,tai30_20_06,9,60.062,2333.500,2333.500
abce3,tai30_20_06,10,60.016,2321.500,2321.500
abce3,tai30_20_06,11,60.062,2357.500,2357.500
abce3,tai30_20_06,12,60.016,2275.500,2275.500
abce3,tai30_20_06,13,55.078,2340.500,2340.500
abce3,tai30_20_06,14,60.047,2242.000,2242.000
abce3,tai30_20_06,15,60.000,2322.500,2322.500
abce3,tai30_20_06,16,60.062,2341.500,2341.500
abce3,tai30_20_06,17,60.031,2367.000,2367.000
abce3,tai30_20_06,18,60.031,2297.000,2297.000
abce3,tai30_20_06,19,60.047,2302.500,2302.500
abce3,tai30_20_06,20,60.062,2333.000,2333.000
abce3,tai30_20_06,21,60.016,2274.000,2274.000
abce3,tai30_20_06,22,55.109,2310.500,2310.500
abce3,tai30_20_06,23,60.047,2263.500,2263.500
abce3,tai30_20_06,24,55.047,2323.500,2323.500
abce3,tai30_20_06,25,60.047,2309.000,2309.000
abce3,tai30_20_06,26,60.000,2310.500,2310.500
abce3,tai30_20_06,27,60.062,2256.000,2256.000
abce3,tai30_20_06,28,55.016,2271.000,2271.000
abce3,tai30_20_06,29,60.047,2322.500,2322.500
abce3,tai30_20_06,30,60.016,2273.000,2273.000
abce3,tai30_20_07,1,60.047,2203.000,2203.000
abce3,tai30_20_07,2,60.000,2167.000,2167.000
abce3,tai30_20_07,3,60.047,2213.000,2213.000
abce3,tai30_20_07,4,60.062,2247.500,2247.500
abce3,tai30_20_07,5,60.000,2223.500,2223.500
abce3,tai30_20_07,6,60.000,2218.500,2218.500
abce3,tai30_20_07,7,60.062,2167.500,2167.500
abce3,tai30_20_07,8,60.016,2175.000,2175.000
abce3,tai30_20_07,9,60.000,2134.500,2134.500
abce3,tai30_20_07,10,60.062,2219.500,2219.500
abce3,tai30_20_07,11,55.047,2180.500,2180.500
abce3,tai30_20_07,12,60.016,2199.500,2199.500
abce3,tai30_20_07,13,55.047,2194.000,2194.000
abce3,tai30_20_07,14,60.031,2208.000,2208.000
abce3,tai30_20_07,15,60.016,2224.500,2224.500
abce3,tai30_20_07,16,60.109,2250.500,2250.500
abce3,tai30_20_07,17,55.047,2208.500,2208.500
abce3,tai30_20_07,18,60.062,2188.000,2188.000
abce3,tai30_20_07,19,55.000,2227.000,2227.000
abce3,tai30_20_07,20,55.000,2237.500,2237.500
abce3,tai30_20_07,21,60.000,2206.000,2206.000
abce3,tai30_20_07,22,60.031,2241.500,2241.500
abce3,tai30_20_07,23,60.000,2221.000,2221.000
abce3,tai30_20_07,24,55.078,2192.000,2192.000
abce3,tai30_20_07,25,60.047,2223.500,2223.500
abce3,tai30_20_07,26,60.062,2254.500,2254.500
abce3,tai30_20_07,27,60.000,2211.500,2211.500
abce3,tai30_20_07,28,55.047,2221.500,2221.500
abce3,tai30_20_07,29,55.078,2183.000,2183.000
abce3,tai30_20_07,30,60.016,2265.000,2265.000
abce3,tai30_20_08,1,60.016,2244.000,2244.000
abce3,tai30_20_08,2,60.000,2233.000,2233.000
abce3,tai30_20_08,3,60.000,2195.500,2195.500
abce3,tai30_20_08,4,60.000,2252.000,2252.000
abce3,tai30_20_08,5,55.094,2234.000,2234.000
abce3,tai30_20_08,6,60.016,2205.500,2205.500
abce3,tai30_20_08,7,55.094,2213.000,2213.000
abce3,tai30_20_08,8,60.062,2225.500,2225.500
abce3,tai30_20_08,9,55.047,2250.000,2250.000
abce3,tai30_20_08,10,60.047,2196.000,2196.000
abce3,tai30_20_08,11,60.047,2204.000,2204.000
abce3,tai30_20_08,12,60.000,2204.000,2204.000
abce3,tai30_20_08,13,55.000,2202.000,2202.000
abce3,tai30_20_08,14,55.062,2199.000,2199.000
abce3,tai30_20_08,15,60.047,2264.000,2264.000
abce3,tai30_20_08,16,60.062,2204.000,2204.000
abce3,tai30_20_08,17,60.016,2222.000,2222.000
abce3,tai30_20_08,18,60.016,2218.500,2218.500
abce3,tai30_20_08,19,60.078,2228.000,2228.000
abce3,tai30_20_08,20,60.016,2207.000,2207.000
abce3,tai30_20_08,21,55.000,2249.000,2249.000
abce3,tai30_20_08,22,60.016,2205.500,2205.500
abce3,tai30_20_08,23,55.094,2193.000,2193.000
abce3,tai30_20_08,24,60.016,2227.500,2227.500
abce3,tai30_20_08,25,60.000,2209.000,2209.000
abce3,tai30_20_08,26,60.016,2175.500,2175.500
abce3,tai30_20_08,27,60.031,2212.000,2212.000
abce3,tai30_20_08,28,60.047,2244.000,2244.000
abce3,tai30_20_08,29,60.016,2248.000,2248.000
abce3,tai30_20_08,30,60.062,2178.500,2178.500
abce3,tai30_20_09,1,60.031,2232.000,2232.000
abce3,tai30_20_09,2,55.016,2200.500,2200.500
abce3,tai30_20_09,3,55.016,2200.000,2200.000
abce3,tai30_20_09,4,55.031,2200.000,2200.000
abce3,tai30_20_09,5,55.094,2223.500,2223.500
abce3,tai30_20_09,6,55.016,2203.000,2202.000
abce3,tai30_20_09,7,60.078,2210.500,2210.500
abce3,tai30_20_09,8,55.016,2220.500,2220.500
abce3,tai30_20_09,9,55.062,2183.500,2183.500
abce3,tai30_20_09,10,60.000,2230.500,2230.500
abce3,tai30_20_09,11,55.078,2302.500,2241.500
abce3,tai30_20_09,12,60.016,2219.000,2219.000
abce3,tai30_20_09,13,60.031,2284.000,2284.000
abce3,tai30_20_09,14,55.031,2205.500,2205.500
abce3,tai30_20_09,15,60.047,2221.500,2221.500
abce3,tai30_20_09,16,60.047,2278.000,2278.000
abce3,tai30_20_09,17,60.016,2248.000,2248.000
abce3,tai30_20_09,18,60.016,2228.000,2228.000
abce3,tai30_20_09,19,60.016,2146.500,2146.500
abce3,tai30_20_09,20,55.109,2253.000,2253.000
abce3,tai30_20_09,21,60.016,2242.000,2242.000
abce3,tai30_20_09,22,60.062,2204.000,2204.000
abce3,tai30_20_09,23,60.062,2248.500,2248.500
abce3,tai30_20_09,24,60.078,2237.000,2237.000
abce3,tai30_20_09,25,55.094,2196.500,2196.500
abce3,tai30_20_09,26,60.016,2220.500,2220.500
abce3,tai30_20_09,27,60.078,2250.000,2250.000
abce3,tai30_20_09,28,55.078,2231.500,2231.500
abce3,tai30_20_09,29,60.062,2209.000,2209.000
abce3,tai30_20_09,30,60.062,2256.000,2256.000
abce3,tai30_20_10,1,60.062,2225.000,2225.000
abce3,tai30_20_10,2,55.031,2280.500,2280.500
abce3,tai30_20_10,3,55.109,2176.000,2176.000
abce3,tai30_20_10,4,60.047,2188.000,2188.000
abce3,tai30_20_10,5,60.031,2199.000,2199.000
abce3,tai30_20_10,6,60.031,2251.000,2251.000
abce3,tai30_20_10,7,60.062,2258.000,2258.000
abce3,tai30_20_10,8,60.016,2191.000,2191.000
abce3,tai30_20_10,9,60.000,2203.500,2202.000
abce3,tai30_20_10,10,55.078,2175.000,2175.000
abce3,tai30_20_10,11,55.094,2188.500,2188.500
abce3,tai30_20_10,12,60.000,2184.000,2184.000
abce3,tai30_20_10,13,55.062,2310.000,2310.000
abce3,tai30_20_10,14,60.047,2255.000,2255.000
abce3,tai30_20_10,15,60.062,2190.500,2190.500
abce3,tai30_20_10,16,60.031,2245.000,2245.000
abce3,tai30_20_10,17,60.047,2269.500,2269.500
abce3,tai30_20_10,18,60.000,2252.000,2252.000
abce3,tai30_20_10,19,60.062,2259.000,2259.000
abce3,tai30_20_10,20,60.031,2243.000,2243.000
abce3,tai30_20_10,21,60.031,2219.000,2219.000
abce3,tai30_20_10,22,60.016,2230.000,2230.000
abce3,tai30_20_10,23,55.125,2289.000,2289.000
abce3,tai30_20_10,24,60.047,2228.500,2228.500
abce3,tai30_20_10,25,60.000,2217.500,2217.500
abce3,tai30_20_10,26,60.031,2181.000,2181.000
abce3,tai30_20_10,27,55.062,2256.500,2214.000
abce3,tai30_20_10,28,55.094,2255.500,2255.500
abce3,tai30_20_10,29,55.078,2216.500,2216.500
abce3,tai30_20_10,30,60.062,2239.000,2239.000
abce3,tai50_15_01,1,60.000,3002.500,3002.500
abce3,tai50_15_01,2,55.062,3007.000,3007.000
abce3,tai50_15_01,3,60.094,3059.000,3059.000
abce3,tai50_15_01,4,55.109,3003.500,3003.500
abce3,tai50_15_01,5,55.172,3053.500,3053.500
abce3,tai50_15_01,6,60.016,3047.000,3047.000
abce3,tai50_15_01,7,55.125,3029.500,3029.500
abce3,tai50_15_01,8,55.016,3034.000,3034.000
abce3,tai50_15_01,9,60.000,3020.500,3020.500
abce3,tai50_15_01,10,60.062,3056.500,3056.500
abce3,tai50_15_01,11,60.078,3072.500,3072.500
abce3,tai50_15_01,12,55.109,3023.500,3023.500
abce3,tai50_15_01,13,55.078,3043.500,3043.500
abce3,tai50_15_01,14,60.016,3046.500,3046.500
abce3,tai50_15_01,15,60.031,3048.000,3048.000
abce3,tai50_15_01,16,60.109,3010.500,3010.500
abce3,tai50_15_01,17,55.109,3024.500,3024.500
abce3,tai50_15_01,18,60.016,3006.000,3006.000
abce3,tai50_15_01,19,60.016,3117.500,3117.500
abce3,tai50_15_01,20,60.047,2965.000,2965.000
abce3,tai50_15_01,21,55.094,2996.500,2996.500
abce3,tai50_15_01,22,60.078,3067.000,3067.000
abce3,tai50_15_01,23,55.156,3073.000,3073.000
abce3,tai50_15_01,24,55.047,3046.500,3046.500
abce3,tai50_15_01,25,60.031,3019.000,3019.000
abce3,tai50_15_01,26,60.062,2993.500,2993.500
abce3,tai50_15_01,27,60.078,3088.500,3088.500
abce3,tai50_15_01,28,55.125,3043.000,3043.000
abce3,tai50_15_01,29,60.031,3081.000,3081.000
abce3,tai50_15_01,30,55.125,3047.000,3047.000
abce3,tai50_15_02,1,60.000,2980.500,2980.500
abce3,tai50_15_02,2,55.078,2923.500,2923.500
abce3,tai50_15_02,3,55.156,2956.000,2956.000
abce3,tai50_15_02,4,55.000,3036.000,3016.500
abce3,tai50_15_02,5,55.109,2910.500,2910.500
abce3,tai50_15_02,6,55.203,2986.500,2955.500
abce3,tai50_15_02,7,60.016,2986.000,2986.000
abce3,tai50_15_02,8,60.000,2999.000,2999.000
abce3,tai50_15_02,9,60.062,2994.000,2994.000
abce3,tai50_15_02,10,60.047,2925.000,2925.000
abce3,tai50_15_02,11,60.016,3000.500,3000.500
abce3,tai50_15_02,12,60.047,3012.500,3012.500
abce3,tai50_15_02,13,60.078,2958.000,2958.000
abce3,tai50_15_02,14,60.000,2974.500,2974.500
abce3,tai50_15_02,15,60.062,2920.000,2920.000
abce3,tai50_15_02,16,55.109,3082.000,3082.000
abce3,tai50_15_02,17,60.078,2948.500,2948.500
abce3,tai50_15_02,18,60.047,2947.000,2947.000
abce3,tai50_15_02,19,60.031,2937.000,2937.000
abce3,tai50_15_02,20,60.078,3046.000,3046.000
abce3,tai50_15_02,21,60.047,2955.500,2955.500
abce3,tai50_15_02,22,60.000,2981.000,2981.000
abce3,tai50_15_02,23,55.047,2982.500,2982.500
abce3,tai50_15_02,24,60.078,2974.000,2974.000
abce3,tai50_15_02,25,60.000,2981.500,2981.500
abce3,tai50_15_02,26,60.016,2986.000,2986.000
abce3,tai50_15_02,27,55.062,2948.000,2948.000
abce3,tai50_15_02,28,60.047,3001.500,3001.500
abce3,tai50_15_02,29,60.047,3011.000,2961.000
abce3,tai50_15_02,30,55.141,3057.500,3057.500
abce3,tai50_15_03,1,60.047,2879.000,2879.000
abce3,tai50_15_03,2,55.141,2941.500,2941.500
abce3,tai50_15_03,3,55.016,2948.500,2948.500
abce3,tai50_15_03,4,60.016,2909.500,2909.500
abce3,tai50_15_03,5,60.062,2907.000,2907.000
abce3,tai50_15_03,6,55.109,2898.000,2898.000
abce3,tai50_15_03,7,55.078,2908.000,2908.000
abce3,tai50_15_03,8,55.156,2908.000,2908.000
abce3,tai50_15_03,9,60.031,2890.500,2890.500
abce3,tai50_15_03,10,55.000,2905.500,2905.500
abce3,tai50_15_03,11,60.047,2912.500,2912.500
abce3,tai50_15_03,12,55.141,2914.500,2914.500
abce3,tai50_15_03,13,60.078,2927.000,2927.000
abce3,tai50_15_03,14,55.031,2894.500,2894.500
abce3,tai50_15_03,15,55.062,2903.500,2903.500
abce3,tai50_15_03,16,60.000,2967.500,2967.500
abce3,tai50_15_03,17,55.125,2906.000,2906.000
abce3,tai50_15_03,18,55.078,2874.500,2874.500
abce3,tai50_15_03,19,60.016,2893.500,2893.500
abce3,tai50_15_03,20,60.094,2898.000,2898.000
abce3,tai50_15_03,21,55.047,2858.000,2858.000
abce3,tai50_15_03,22,55.062,2888.500,2888.500
abce3,tai50_15_03,23,55.078,2879.500,2879.500
abce3,tai50_15_03,24,55.125,2894.500,2894.500
abce3,tai50_15_03,25,60.031,2936.000,2936.000
abce3,tai50_15_03,26,60.016,2894.000,2894.000
abce3,tai50_15_03,27,60.016,2910.000,2908.500
abce3,tai50_15_03,28,60.094,2933.500,2933.500
abce3,tai50_15_03,29,60.062,2881.500,2881.500
abce3,tai50_15_03,30,60.062,2935.000,2935.000
abce3,tai50_15_04,1,60.078,2905.000,2905.000
abce3,tai50_15_04,2,55.078,2970.000,2970.000
abce3,tai50_15_04,3,55.016,2976.500,2976.500
abce3,tai50_15_04,4,55.141,3000.000,3000.000
abce3,tai50_15_04,5,60.062,2969.000,2969.000
abce3,tai50_15_04,6,60.109,2959.000,2959.000
abce3,tai50_15_04,7,55.047,2949.500,2949.500
abce3,tai50_15_04,8,60.047,2969.000,2969.000
abce3,tai50_15_04,9,60.062,2972.500,2972.500
abce3,tai50_15_04,10,60.000,2984.000,2984.000
abce3,tai50_15_04,11,60.062,2938.000,2938.000
abce3,tai50_15_04,12,60.078,2961.500,2961.500
abce3,tai50_15_04,13,55.125,2968.000,2968.000
abce3,tai50_15_04,14,60.016,3018.500,3018.500
abce3,tai50_15_04,15,55.047,2979.500,2979.500
abce3,tai50_15_04,16,60.016,3005.500,3005.500
abce3,tai50_15_04,17,55.031,2949.000,2949.000
abce3,tai50_15_04,18,60.078,2956.000,2956.000
abce3,tai50_15_04,19,60.078,2929.500,2929.500
abce3,tai50_15_04,20,60.047,2986.000,2986.000
abce3,tai50_15_04,21,60.094,2949.000,2949.000
abce3,tai50_15_04,22,60.047,2978.000,2978.000
abce3,tai50_15_04,23,60.047,2953.500,2953.500
abce3,tai50_15_04,24,55.047,2980.000,2980.000
abce3,tai50_15_04,25,55.156,2902.000,2902.000
abce3,tai50_15_04,26,55.172,2970.500,2970.500
abce3,tai50_15_04,27,55.078,2971.500,2971.500
abce3,tai50_15_04,28,55.016,2970.000,2970.000
abce3,tai50_15_04,29,60.094,2999.000,2999.000
abce3,tai50_15_04,30,55.156,3044.000,3044.000
abce3,tai50_15_05,1,55.078,2885.500,2885.500
abce3,tai50_15_05,2,55.094,2959.000,2959.000
abce3,tai50_15_05,3,55.094,2914.000,2914.000
abce3,tai50_15_05,4,60.000,2958.500,2958.500
abce3,tai50_15_05,5,60.047,2986.500,2986.500
abce3,tai50_15_05,6,60.078,2945.500,2945.500
abce3,tai50_15_05,7,55.125,2955.000,2955.000
abce3,tai50_15_05,8,60.016,2929.000,2929.000
abce3,tai50_15_05,9,60.016,2956.000,2956.000
abce3,tai50_15_05,10,55.016,2977.500,2946.500
abce3,tai50_15_05,11,55.016,2974.000,2974.000
abce3,tai50_15_05,12,60.047,2951.000,2951.000
abce3,tai50_15_05,13,55.078,2942.500,2942.500
abce3,tai50_15_05,14,60.047,2938.500,2938.500
abce3,tai50_15_05,15,55.031,2891.000,2889.500
abce3,tai50_15_05,16,55.156,2946.000,2946.000
abce3,tai50_15_05,17,55.000,2954.000,2954.000
abce3,tai50_15_05,18,60.047,2974.500,2974.500
abce3,tai50_15_05,19,60.078,2972.500,2972.500
abce3,tai50_15_05,20,55.031,2935.000,2935.000
abce3,tai50_15_05,21,60.062,2967.500,2967.500
abce3,tai50_15_05,22,55.109,2945.000,2945.000
abce3,tai50_15_05,23,60.094,2996.000,2996.000
abce3,tai50_15_05,24,60.047,2942.000,2942.000
abce3,tai50_15_05,25,60.000,2977.500,2977.500
abce3,tai50_15_05,26,60.031,2966.500,2966.500
abce3,tai50_15_05,27,60.031,2900.500,2900.500
abce3,tai50_15_05,28,55.141,2938.500,2938.500
abce3,tai50_15_05,29,55.094,2943.500,2943.500
abce3,tai50_15_05,30,60.078,2964.500,2964.500
abce3,tai50_15_06,1,60.047,2980.000,2980.000
abce3,tai50_15_06,2,55.031,2999.000,2999.000
abce3,tai50_15_06,3,55.141,2988.500,2988.500
abce3,tai50_15_06,4,60.000,2957.500,2957.500
abce3,tai50_15_06,5,60.078,2975.500,2975.500
abce3,tai50_15_06,6,55.141,2957.000,2957.000
abce3,tai50_15_06,7,55.047,2924.500,2924.500
abce3,tai50_15_06,8,55.000,2943.500,2943.500
abce3,tai50_15_06,9,55.031,2995.500,2995.500
abce3,tai50_15_06,10,55.156,2950.500,2950.500
abce3,tai50_15_06,11,55.109,2996.500,2952.500
abce3,tai50_15_06,12,60.062,2966.000,2966.000
abce3,tai50_15_06,13,60.047,2955.000,2955.000
abce3,tai50_15_06,14,60.078,2948.000,2948.000
abce3,tai50_15_06,15,55.109,2986.500,2986.500
abce3,tai50_15_06,16,60.062,2942.000,2942.000
abce3,tai50_15_06,17,55.031,3014.000,3014.000
abce3,tai50_15_06,18,55.156,2984.500,2984.500
abce3,tai50_15_06,19,60.172,2954.500,2954.500
abce3,tai50_15_06,20,55.062,2980.000,2980.000
abce3,tai50_15_06,21,55.062,2905.000,2905.000
abce3,tai50_15_06,22,60.078,2963.500,2963.500
abce3,tai50_15_06,23,60.016,2957.500,2957.500
abce3,tai50_15_06,24,55.078,2916.000,2916.000
abce3,tai50_15_06,25,55.125,2954.500,2954.500
abce3,tai50_15_06,26,55.078,2956.000,2956.000
abce3,tai50_15_06,27,60.078,2878.000,2878.000
abce3,tai50_15_06,28,60.062,2992.000,2992.000
abce3,tai50_15_06,29,60.109,3016.000,3016.000
abce3,tai50_15_06,30,60.016,3008.000,3008.000
abce3,tai50_15_07,1,55.016,3122.500,3122.500
abce3,tai50_15_07,2,60.062,3153.500,3153.500
abce3,tai50_15_07,3,60.016,3116.500,3116.500
abce3,tai50_15_07,4,60.062,3100.500,3100.500
abce3,tai50_15_07,5,55.062,3128.000,3123.000
abce3,tai50_15_07,6,55.078,3091.000,3091.000
abce3,tai50_15_07,7,55.141,3126.000,3126.000
abce3,tai50_15_07,8,55.156,3114.000,3114.000
abce3,tai50_15_07,9,60.031,3115.500,3115.500
abce3,tai50_15_07,10,55.141,3134.000,3134.000
abce3,tai50_15_07,11,60.016,3097.500,3097.500
abce3,tai50_15_07,12,60.094,3135.000,3135.000
abce3,tai50_15_07,13,60.047,3153.000,3153.000
abce3,tai50_15_07,14,60.000,3118.500,3118.500
abce3,tai50_15_07,15,60.016,3153.000,3153.000
abce3,tai50_15_07,16,55.031,3082.000,3082.000
abce3,tai50_15_07,17,60.094,3133.000,3133.000
abce3,tai50_15_07,18,60.062,3031.500,3031.500
abce3,tai50_15_07,19,55.016,3097.500,3097.500
abce3,tai50_15_07,20,55.000,3086.500,3086.500
abce3,tai50_15_07,21,60.047,3102.000,3102.000
abce3,tai50_15_07,22,60.000,3141.500,3141.500
abce3,tai50_15_07,23,60.094,3076.000,3076.000
abce3,tai50_15_07,24,55.109,3136.000,3136.000
abce3,tai50_15_07,25,60.078,3107.500,3107.500
abce3,tai50_15_07,26,60.047,3121.500,3121.500
abce3,tai50_15_07,27,60.031,3157.000,3157.000
abce3,tai50_15_07,28,60.031,3125.500,3046.500
abce3,tai50_15_07,29,60.125,3096.000,3096.000
abce3,tai50_15_07,30,60.094,3106.000,3106.000
abce3,tai50_15_08,1,60.031,3125.000,3125.000
abce3,tai50_15_08,2,55.047,3064.500,3005.000
abce3,tai50_15_08,3,60.016,3108.000,3108.000
abce3,tai50_15_08,4,60.000,3217.500,3100.000
abce3,tai50_15_08,5,60.094,3126.000,3126.000
abce3,tai50_15_08,6,60.031,3130.500,3130.500
abce3,tai50_15_08,7,60.016,3031.000,3031.000
abce3,tai50_15_08,8,60.047,3136.000,3057.000
abce3,tai50_15_08,9,60.062,3067.500,3067.500
abce3,tai50_15_08,10,55.156,3108.000,3108.000
abce3,tai50_15_08,11,60.062,3150.000,3150.000
abce3,tai50_15_08,12,60.031,3083.000,3083.000
abce3,tai50_15_08,13,55.109,3129.000,3129.000
abce3,tai50_15_08,14,55.047,3101.500,3101.500
abce3,tai50_15_08,15,60.047,3086.500,3086.500
abce3,tai50_15_08,16,60.000,3109.500,3109.500
abce3,tai50_15_08,17,55.125,3094.500,3094.500
abce3,tai50_15_08,18,60.078,3099.000,3099.000
abce3,tai50_15_08,19,60.031,3134.500,3134.500
abce3,tai50_15_08,20,55.094,3088.000,3088.000
abce3,tai50_15_08,21,55.109,3108.500,3108.500
abce3,tai50_15_08,22,60.062,3100.500,3100.500
abce3,tai50_15_08,23,60.078,3085.000,3085.000
abce3,tai50_15_08,24,60.078,3065.000,3065.000
abce3,tai50_15_08,25,60.047,3068.000,3068.000
abce3,tai50_15_08,26,55.047,3062.500,3062.500
abce3,tai50_15_08,27,55.094,3140.500,3140.500
abce3,tai50_15_08,28,60.062,3091.000,3091.000
abce3,tai50_15_08,29,55.031,3041.000,3041.000
abce3,tai50_15_08,30,60.078,3136.000,3136.000
abce3,tai50_15_09,1,60.016,2936.500,2936.500
abce3,tai50_15_09,2,60.000,2876.000,2876.000
abce3,tai50_15_09,3,60.016,2925.500,2925.500
abce3,tai50_15_09,4,55.109,2856.500,2856.500
abce3,tai50_15_09,5,55.047,2949.500,2949.500
abce3,tai50_15_09,6,55.141,2866.500,2866.500
abce3,tai50_15_09,7,60.000,2861.500,2861.500
abce3,tai50_15_09,8,55.094,2912.000,2912.000
abce3,tai50_15_09,9,60.094,2919.000,2919.000
abce3,tai50_15_09,10,60.078,2893.500,2893.500
abce3,tai50_15_09,11,55.078,2913.500,2913.500
abce3,tai50_15_09,12,60.062,2936.000,2936.000
abce3,tai50_15_09,13,60.000,2949.000,2949.000
abce3,tai50_15_09,14,55.156,2898.500,2898.500
abce3,tai50_15_09,15,60.047,2866.000,2866.000
abce3,tai50_15_09,16,60.031,2903.500,2903.500
abce3,tai50_15_09,17,60.094,2895.500,2895.500
abce3,tai50_15_09,18,55.016,2897.500,2897.500
abce3,tai50_15_09,19,55.016,2910.000,2910.000
abce3,tai50_15_09,20,60.016,2886.500,2886.500
abce3,tai50_15_09,21,60.094,2971.500,2971.500
abce3,tai50_15_09,22,55.031,2906.500,2906.500
abce3,tai50_15_09,23,60.094,2881.500,2881.500
abce3,tai50_15_09,24,60.000,2881.000,2881.000
abce3,tai50_15_09,25,60.031,2920.500,2920.500
abce3,tai50_15_09,26,60.062,2963.500,2963.500
abce3,tai50_15_09,27,60.016,2913.000,2913.000
abce3,tai50_15_09,28,60.000,2927.000,2927.000
abce3,tai50_15_09,29,60.078,2919.000,2919.000
abce3,tai50_15_09,30,60.062,2887.500,2887.500
abce3,tai50_15_10,1,55.109,2977.500,2977.500
abce3,tai50_15_10,2,55.000,2929.500,2929.500
abce3,tai50_15_10,3,60.047,2908.000,2908.000
abce3,tai50_15_10,4,55.016,2963.000,2963.000
abce3,tai50_15_10,5,60.047,2918.500,2918.500
abce3,tai50_15_10,6,55.031,2901.000,2901.000
abce3,tai50_15_10,7,55.125,2968.500,2968.500
abce3,tai50_15_10,8,60.031,2914.500,2914.500
abce3,tai50_15_10,9,60.062,2917.000,2917.000
abce3,tai50_15_10,10,60.047,2910.500,2910.500
abce3,tai50_15_10,11,55.062,2966.000,2966.000
abce3,tai50_15_10,12,60.047,2923.500,2905.000
abce3,tai50_15_10,13,55.156,3004.000,3004.000
abce3,tai50_15_10,14,60.062,2937.500,2937.500
abce3,tai50_15_10,15,60.016,2947.500,2947.500
abce3,tai50_15_10,16,55.109,2974.000,2974.000
abce3,tai50_15_10,17,55.047,2923.000,2923.000
abce3,tai50_15_10,18,55.000,2929.500,2929.500
abce3,tai50_15_10,19,55.047,2958.000,2958.000
abce3,tai50_15_10,20,60.031,2963.000,2963.000
abce3,tai50_15_10,21,55.062,2905.000,2905.000
abce3,tai50_15_10,22,55.125,2923.500,2923.500
abce3,tai50_15_10,23,60.016,2934.000,2934.000
abce3,tai50_15_10,24,60.078,2933.500,2933.500
abce3,tai50_15_10,25,60.094,2898.500,2898.500
abce3,tai50_15_10,26,60.000,2893.500,2893.500
abce3,tai50_15_10,27,55.125,2945.500,2945.500
abce3,tai50_15_10,28,55.094,2963.000,2963.000
abce3,tai50_15_10,29,55.078,2907.500,2907.500
abce3,tai50_15_10,30,60.031,2945.500,2945.500
abce3,tai50_20_01,1,55.109,3187.500,3174.000
abce3,tai50_20_01,2,55.203,3197.500,3197.500
abce3,tai50_20_01,3,60.031,3179.500,3179.500
abce3,tai50_20_01,4,55.266,3187.000,3187.000
abce3,tai50_20_01,5,60.078,3151.500,3134.000
abce3,tai50_20_01,6,60.031,3229.000,3229.000
abce3,tai50_20_01,7,60.062,3211.500,3211.500
abce3,tai50_20_01,8,55.125,3196.500,3196.500
abce3,tai50_20_01,9,55.031,3203.000,3203.000
abce3,tai50_20_01,10,60.047,3170.500,3170.500
abce3,tai50_20_01,11,60.109,3182.500,3182.500
abce3,tai50_20_01,12,60.031,3162.500,3162.500
abce3,tai50_20_01,13,55.359,3183.000,3183.000
abce3,tai50_20_01,14,60.016,3219.000,3219.000
abce3,tai50_20_01,15,60.125,3227.500,3227.500
abce3,tai50_20_01,16,60.031,3209.000,3209.000
abce3,tai50_20_01,17,55.047,3235.000,3235.000
abce3,tai50_20_01,18,60.047,3203.000,3197.000
abce3,tai50_20_01,19,55.016,3187.000,3187.000
abce3,tai50_20_01,20,55.031,3178.000,3178.000
abce3,tai50_20_01,21,55.016,3195.000,3195.000
abce3,tai50_20_01,22,55.156,3172.500,3172.500
abce3,tai50_20_01,23,55.000,3173.500,3173.500
abce3,tai50_20_01,24,55.047,3237.000,3195.000
abce3,tai50_20_01,25,55.156,3206.000,3206.000
abce3,tai50_20_01,26,60.000,3161.500,3161.500
abce3,tai50_20_01,27,55.172,3163.500,3163.500
abce3,tai50_20_01,28,60.078,3232.000,3232.000
abce3,tai50_20_01,29,55.125,3214.000,3214.000
abce3,tai50_20_01,30,60.016,3208.000,3208.000
abce3,tai50_20_02,1,55.172,3301.000,3301.000
abce3,tai50_20_02,2,60.250,3298.500,3298.500
abce3,tai50_20_02,3,55.094,3269.500,3269.500
abce3,tai50_20_02,4,60.047,3278.000,3278.000
abce3,tai50_20_02,5,55.141,3335.000,3335.000
abce3,tai50_20_02,6,60.031,3268.500,3256.000
abce3,tai50_20_02,7,55.141,3283.000,3283.000
abce3,tai50_20_02,8,55.109,3259.000,3259.000
abce3,tai50_20_02,9,55.047,3301.500,3301.500
abce3,tai50_20_02,10,60.031,3254.500,3254.500
abce3,tai50_20_02,11,55.141,3289.000,3289.000
abce3,tai50_20_02,12,60.078,3217.000,3217.000
abce3,tai50_20_02,13,60.188,3246.000,3246.000
abce3,tai50_20_02,14,55.234,3266.500,3266.500
abce3,tai50_20_02,15,55.062,3246.000,3246.000
abce3,tai50_20_02,16,60.062,3276.500,3276.500
abce3,tai50_20_02,17,60.016,3302.000,3302.000
abce3,tai50_20_02,18,60.047,3287.500,3278.000
abce3,tai50_20_02,19,60.047,3263.500,3263.500
abce3,tai50_20_02,20,60.031,3231.000,3231.000
abce3,tai50_20_02,21,55.016,3282.000,3282.000
abce3,tai50_20_02,22,60.078,3247.000,3247.000
abce3,tai50_20_02,23,55.000,3290.500,3280.500
abce3,tai50_20_02,24,60.062,3301.500,3301.500
abce3,tai50_20_02,25,55.109,3273.500,3273.500
abce3,tai50_20_02,26,60.047,3276.000,3276.000
abce3,tai50_20_02,27,60.078,3220.000,3220.000
abce3,tai50_20_02,28,60.078,3259.500,3259.500
abce3,tai50_20_02,29,60.047,3269.000,3269.000
abce3,tai50_20_02,30,55.109,3292.000,3292.000
abce3,tai50_20_03,1,60.078,3102.000,3102.000
abce3,tai50_20_03,2,60.047,3071.500,3071.500
abce3,tai50_20_03,3,60.031,3076.000,3076.000
abce3,tai50_20_03,4,55.094,3037.000,3037.000
abce3,tai50_20_03,5,60.062,3044.000,3044.000
abce3,tai50_20_03,6,55.141,3082.000,3082.000
abce3,tai50_20_03,7,55.125,3111.000,3111.000
abce3,tai50_20_03,8,60.094,3013.500,3013.500
abce3,tai50_20_03,9,60.156,3042.000,3042.000
abce3,tai50_20_03,10,60.031,3074.000,3074.000
abce3,tai50_20_03,11,60.078,3113.000,3113.000
abce3,tai50_20_03,12,60.047,3072.500,3072.500
abce3,tai50_20_03,13,60.000,3033.000,3033.000
abce3,tai50_20_03,14,60.078,3049.000,3049.000
abce3,tai50_20_03,15,55.047,3108.000,3108.000
abce3,tai50_20_03,16,60.078,3058.000,3058.000
abce3,tai50_20_03,17,55.109,3146.000,3146.000
abce3,tai50_20_03,18,55.156,3058.000,3058.000
abce3,tai50_20_03,19,60.047,3124.000,3124.000
abce3,tai50_20_03,20,60.031,3057.500,3057.500
abce3,tai50_20_03,21,55.141,3104.500,3104.500
abce3,tai50_20_03,22,55.078,3048.000,3048.000
abce3,tai50_20_03,23,55.000,3033.000,3033.000
abce3,tai50_20_03,24,60.016,3043.000,3038.000
abce3,tai50_20_03,25,55.234,3077.500,3077.500
abce3,tai50_20_03,26,60.000,3106.500,3106.500
abce3,tai50_20_03,27,60.016,3036.000,3036.000
abce3,tai50_20_03,28,55.109,3024.500,3024.500
abce3,tai50_20_03,29,55.203,3114.500,3114.500
abce3,tai50_20_03,30,55.219,3078.500,3078.500
abce3,tai50_20_04,1,60.031,3067.000,3067.000
abce3,tai50_20_04,2,55.094,2959.500,2959.500
abce3,tai50_20_04,3,55.062,3054.000,3054.000
abce3,tai50_20_04,4,60.109,2994.500,2994.500
abce3,tai50_20_04,5,55.094,2977.500,2977.500
abce3,tai50_20_04,6,60.094,3039.500,3039.500
abce3,tai50_20_04,7,60.109,3041.500,3041.500
abce3,tai50_20_04,8,55.031,3016.000,3016.000
abce3,tai50_20_04,9,55.188,3047.500,3047.500
abce3,tai50_20_04,10,55.125,2988.000,2988.000
abce3,tai50_20_04,11,60.078,2971.000,2971.000
abce3,tai50_20_04,12,55.203,3016.500,3016.500
abce3,tai50_20_04,13,55.109,2952.000,2952.000
abce3,tai50_20_04,14,55.203,2986.500,2986.500
abce3,tai50_20_04,15,55.203,3040.000,3040.000
abce3,tai50_20_04,16,60.031,2965.000,2965.000
abce3,tai50_20_04,17,60.016,3015.500,3015.500
abce3,tai50_20_04,18,60.109,2942.000,2942.000
abce3,tai50_20_04,19,55.016,3027.000,3027.000
abce3,tai50_20_04,20,60.078,3052.000,3052.000
abce3,tai50_20_04,21,60.000,2952.000,2952.000
abce3,tai50_20_04,22,60.078,3069.500,3069.500
abce3,tai50_20_04,23,60.125,3024.000,3024.000
abce3,tai50_20_04,24,60.078,3005.000,3005.000
abce3,tai50_20_04,25,60.109,3004.500,3004.500
abce3,tai50_20_04,26,60.188,2958.500,2958.500
abce3,tai50_20_04,27,60.047,2969.000,2969.000
abce3,tai50_20_04,28,60.016,3022.000,3022.000
abce3,tai50_20_04,29,60.109,2983.500,2983.500
abce3,tai50_20_04,30,55.156,2931.000,2931.000
abce3,tai50_20_05,1,55.094,3062.500,3062.500
abce3,tai50_20_05,2,60.000,3038.000,3038.000
abce3,tai50_20_05,3,60.125,3036.000,3036.000
abce3,tai50_20_05,4,55.031,3109.500,3109.500
abce3,tai50_20_05,5,60.172,3054.000,3054.000
abce3,tai50_20_05,6,55.156,3141.500,3141.500
abce3,tai50_20_05,7,55.109,3145.500,3109.000
abce3,tai50_20_05,8,55.172,3079.500,3066.000
abce3,tai50_20_05,9,60.047,3011.500,3011.500
abce3,tai50_20_05,10,55.172,3044.500,3044.500
abce3,tai50_20_05,11,55.047,3112.000,3112.000
abce3,tai50_20_05,12,55.016,3089.500,3089.500
abce3,tai50_20_05,13,60.078,3097.500,3097.500
abce3,tai50_20_05,14,55.031,3077.000,3051.000
abce3,tai50_20_05,15,55.172,3068.000,3068.000
abce3,tai50_20_05,16,55.109,2992.500,2992.500
abce3,tai50_20_05,17,60.016,3019.000,3019.000
abce3,tai50_20_05,18,55.188,3056.500,3056.500
abce3,tai50_20_05,19,55.094,3068.000,3068.000
abce3,tai50_20_05,20,60.062,3121.000,3121.000
abce3,tai50_20_05,21,60.078,3051.000,3051.000
abce3,tai50_20_05,22,55.156,3053.000,3053.000
abce3,tai50_20_05,23,55.172,3068.000,3068.000
abce3,tai50_20_05,24,60.078,3045.500,3045.500
abce3,tai50_20_05,25,55.125,3077.500,3077.500
abce3,tai50_20_05,26,60.031,3071.000,3071.000
abce3,tai50_20_05,27,60.109,3068.500,3068.500
abce3,tai50_20_05,28,55.141,3075.500,3075.500
abce3,tai50_20_05,29,55.141,3065.500,3035.500
abce3,tai50_20_05,30,55.078,3065.000,3065.000
abce3,tai50_20_06,1,60.031,3168.500,3123.500
abce3,tai50_20_06,2,60.031,3160.000,3160.000
abce3,tai50_20_06,3,55.141,3188.000,3188.000
abce3,tai50_20_06,4,60.094,3173.000,3173.000
abce3,tai50_20_06,5,60.047,3168.500,3168.500
abce3,tai50_20_06,6,55.047,3198.500,3198.500
abce3,tai50_20_06,7,60.109,3127.500,3127.500
abce3,tai50_20_06,8,55.047,3189.000,3189.000
abce3,tai50_20_06,9,60.078,3162.000,3123.000
abce3,tai50_20_06,10,60.109,3155.500,3155.500
abce3,tai50_20_06,11,55.172,3136.500,3136.500
abce3,tai50_20_06,12,55.109,3145.500,3145.500
abce3,tai50_20_06,13,60.078,3207.000,3207.000
abce3,tai50_20_06,14,60.125,3161.000,3161.000
abce3,tai50_20_06,15,60.062,3165.000,3165.000
abce3,tai50_20_06,16,55.203,3154.500,3154.500
abce3,tai50_20_06,17,55.109,3197.500,3197.500
abce3,tai50_20_06,18,55.141,3129.000,3119.000
abce3,tai50_20_06,19,60.062,3152.500,3152.500
abce3,tai50_20_06,20,55.000,3151.000,3151.000
abce3,tai50_20_06,21,60.062,3137.000,3137.000
abce3,tai50_20_06,22,60.156,3131.500,3130.500
abce3,tai50_20_06,23,55.062,3136.000,3136.000
abce3,tai50_20_06,24,55.078,3167.500,3167.500
abce3,tai50_20_06,25,55.031,3105.500,3105.500
abce3,tai50_20_06,26,55.047,3166.500,3166.500
abce3,tai50_20_06,27,55.203,3146.500,3146.500
abce3,tai50_20_06,28,60.047,3172.500,3172.500
abce3,tai50_20_06,29,60.203,3156.500,3156.500
abce3,tai50_20_06,30,55.078,3139.500,3139.500
abce3,tai50_20_07,1,60.000,3185.000,3175.000
abce3,tai50_20_07,2,55.156,3195.500,3195.500
abce3,tai50_20_07,3,60.016,3118.500,3118.500
abce3,tai50_20_07,4,55.047,3165.500,3165.500
abce3,tai50_20_07,5,55.156,3134.500,3124.500
abce3,tai50_20_07,6,55.109,3146.000,3132.000
abce3,tai50_20_07,7,55.031,3133.000,3133.000
abce3,tai50_20_07,8,60.172,3138.500,3138.500
abce3,tai50_20_07,9,60.031,3189.000,3189.000
abce3,tai50_20_07,10,60.016,3157.500,3157.500
abce3,tai50_20_07,11,55.016,3167.500,3167.500
abce3,tai50_20_07,12,55.031,3152.000,3152.000
abce3,tai50_20_07,13,55.172,3113.000,3113.000
abce3,tai50_20_07,14,60.031,3131.500,3131.500
abce3,tai50_20_07,15,55.141,3130.500,3130.500
abce3,tai50_20_07,16,60.203,3153.000,3138.000
abce3,tai50_20_07,17,60.047,3160.000,3160.000
abce3,tai50_20_07,18,60.094,3140.000,3140.000
abce3,tai50_20_07,19,60.109,3147.500,3147.500
abce3,tai50_20_07,20,60.016,3156.500,3156.500
abce3,tai50_20_07,21,60.234,3122.500,3122.500
abce3,tai50_20_07,22,60.000,3143.000,3143.000
abce3,tai50_20_07,23,55.359,3180.500,3161.500
abce3,tai50_20_07,24,55.141,3111.000,3106.000
abce3,tai50_20_07,25,60.094,3156.000,3156.000
abce3,tai50_20_07,26,60.000,3147.000,3147.000
abce3,tai50_20_07,27,60.094,3183.500,3183.500
abce3,tai50_20_07,28,60.031,3185.000,3185.000
abce3,tai50_20_07,29,60.219,3160.500,3151.500
abce3,tai50_20_07,30,60.109,3179.000,3179.000
abce3,tai50_20_08,1,60.031,3024.500,3024.500
abce3,tai50_20_08,2,60.016,3069.000,3069.000
abce3,tai50_20_08,3,60.047,3098.000,3098.000
abce3,tai50_20_08,4,60.016,3081.000,3081.000
abce3,tai50_20_08,5,55.078,3066.000,3066.000
abce3,tai50_20_08,6,60.016,3079.500,3079.500
abce3,tai50_20_08,7,55.156,3064.000,3064.000
abce3,tai50_20_08,8,60.047,3078.000,3078.000
abce3,tai50_20_08,9,60.016,3076.500,3076.500
abce3,tai50_20_08,10,55.031,3031.500,3031.500
abce3,tai50_20_08,11,55.172,3024.500,3020.000
abce3,tai50_20_08,12,60.125,3059.500,3059.500
abce3,tai50_20_08,13,60.000,3028.500,3028.500
abce3,tai50_20_08,14,60.000,3083.000,3083.000
abce3,tai50_20_08,15,55.062,3011.500,3011.500
abce3,tai50_20_08,16,60.062,3038.500,3038.500
abce3,tai50_20_08,17,60.172,3007.500,3007.500
abce3,tai50_20_08,18,60.016,3026.000,3026.000
abce3,tai50_20_08,19,55.000,3093.000,3093.000
abce3,tai50_20_08,20,60.078,3086.500,3086.500
abce3,tai50_20_08,21,60.109,3122.500,3122.500
abce3,tai50_20_08,22,55.172,3047.500,3047.500
abce3,tai50_20_08,23,55.109,3134.500,3134.500
abce3,tai50_20_08,24,60.062,3063.500,3063.500
abce3,tai50_20_08,25,60.047,3073.500,3073.500
abce3,tai50_20_08,26,60.094,3093.500,3093.500
abce3,tai50_20_08,27,60.047,3024.000,3024.000
abce3,tai50_20_08,28,60.141,3096.500,3096.500
abce3,tai50_20_08,29,55.203,3040.000,3040.000
abce3,tai50_20_08,30,60.266,3009.500,3009.500
abce3,tai50_20_09,1,55.172,3341.500,3341.500
abce3,tai50_20_09,2,55.078,3396.000,3396.000
abce3,tai50_20_09,3,60.031,3361.500,3293.000
abce3,tai50_20_09,4,55.203,3328.000,3328.000
abce3,tai50_20_09,5,60.062,3357.500,3357.500
abce3,tai50_20_09,6,55.172,3317.000,3317.000
abce3,tai50_20_09,7,55.047,3317.500,3317.500
abce3,tai50_20_09,8,60.156,3352.000,3350.000
abce3,tai50_20_09,9,60.047,3339.000,3339.000
abce3,tai50_20_09,10,55.031,3323.000,3323.000
abce3,tai50_20_09,11,60.031,3300.500,3300.500
abce3,tai50_20_09,12,55.172,3400.500,3400.500
abce3,tai50_20_09,13,55.234,3329.000,3329.000
abce3,tai50_20_09,14,55.078,3370.500,3361.000
abce3,tai50_20_09,15,60.078,3319.000,3319.000
abce3,tai50_20_09,16,55.094,3294.000,3294.000
abce3,tai50_20_09,17,55.062,3365.500,3365.500
abce3,tai50_20_09,18,60.047,3350.500,3350.500
abce3,tai50_20_09,19,55.109,3299.500,3293.500
abce3,tai50_20_09,20,60.109,3329.000,3329.000
abce3,tai50_20_09,21,55.078,3330.000,3330.000
abce3,tai50_20_09,22,55.188,3352.000,3352.000
abce3,tai50_20_09,23,55.016,3304.500,3304.500
abce3,tai50_20_09,24,55.141,3305.000,3305.000
abce3,tai50_20_09,25,55.156,3305.000,3304.000
abce3,tai50_20_09,26,60.016,3346.000,3346.000
abce3,tai50_20_09,27,60.078,3372.500,3372.500
abce3,tai50_20_09,28,60.062,3373.000,3373.000
abce3,tai50_20_09,29,60.062,3319.000,3319.000
abce3,tai50_20_09,30,55.172,3304.000,3304.000
abce3,tai50_20_10,1,60.047,3318.500,3318.500
abce3,tai50_20_10,2,55.062,3343.000,3342.500
abce3,tai50_20_10,3,55.188,3331.500,3331.500
abce3,tai50_20_10,4,60.094,3319.000,3319.000
abce3,tai50_20_10,5,55.000,3381.500,3381.500
abce3,tai50_20_10,6,55.062,3324.000,3324.000
abce3,tai50_20_10,7,55.125,3371.000,3371.000
abce3,tai50_20_10,8,55.172,3380.000,3380.000
abce3,tai50_20_10,9,55.047,3347.000,3347.000
abce3,tai50_20_10,10,55.172,3365.000,3365.000
abce3,tai50_20_10,11,60.062,3385.000,3385.000
abce3,tai50_20_10,12,60.031,3363.500,3363.500
abce3,tai50_20_10,13,60.047,3303.000,3303.000
abce3,tai50_20_10,14,60.141,3345.000,3345.000
abce3,tai50_20_10,15,60.125,3355.500,3355.500
abce3,tai50_20_10,16,60.094,3321.000,3321.000
abce3,tai50_20_10,17,60.016,3336.000,3336.000
abce3,tai50_20_10,18,60.172,3368.000,3368.000
abce3,tai50_20_10,19,55.031,3349.500,3349.500
abce3,tai50_20_10,20,55.203,3329.500,3329.500
abce3,tai50_20_10,21,60.062,3394.000,3394.000
abce3,tai50_20_10,22,60.172,3379.000,3379.000
abce3,tai50_20_10,23,60.078,3355.000,3355.000
abce3,tai50_20_10,24,60.047,3357.500,3357.500
abce3,tai50_20_10,25,55.062,3356.500,3356.500
abce3,tai50_20_10,26,55.094,3379.500,3379.500
abce3,tai50_20_10,27,60.031,3360.000,3360.000
abce3,tai50_20_10,28,60.094,3358.500,3358.500
abce3,tai50_20_10,29,60.203,3366.000,3366.000
abce3,tai50_20_10,30,60.047,3338.000,3338.000
