"inst","clase","arm","t_meseta","t_objA0","ref_meseta","ref_obj","ahorroA","ahorroB"
"ft10","10x10","A0",15.2,20.2,15.2,20.2,0,0
"ft10","10x10","V2H",5.2,20.2,15.2,20.2,65.7894736842105,0
"ft10","10x10","V2",5,20.2,15.2,20.2,67.1052631578947,0
"ft10","10x10","MOR",15.2,25.2,15.2,20.2,0,-24.7524752475248
"ft10","10x10","GT",5,5.2,15.2,20.2,67.1052631578947,74.2574257425743
"ft10","10x10","GP",5,20.2,15.2,20.2,67.1052631578947,0
"ft10","10x10","MIX",5,5.2,15.2,20.2,67.1052631578947,74.2574257425743
"tai15_15_01","15x15","A0",5.2,50,5.2,50,0,0
"tai15_15_01","15x15","V2H",5.2,5.2,5.2,50,0,89.6
"tai15_15_01","15x15","V2",5.2,5.2,5.2,50,0,89.6
"tai15_15_01","15x15","MOR",45.2,50.2,5.2,50,-769.230769230769,-0.400000000000006
"tai15_15_01","15x15","GT",10.2,50.2,5.2,50,-96.1538461538461,-0.400000000000006
"tai15_15_01","15x15","GP",5.2,50,5.2,50,0,0
"tai15_15_01","15x15","MIX",5.2,10.2,5.2,50,0,79.6
"tai15_15_02","15x15","A0",5.2,45.2,5.2,45.2,0,0
"tai15_15_02","15x15","V2H",5.2,50.2,5.2,45.2,0,-11.0619469026549
"tai15_15_02","15x15","V2",5.2,45,5.2,45.2,0,0.442477876106201
"tai15_15_02","15x15","MOR",5.2,50,5.2,45.2,0,-10.6194690265487
"tai15_15_02","15x15","GT",5.2,45.2,5.2,45.2,0,0
"tai15_15_02","15x15","GP",5.2,5.2,5.2,45.2,0,88.4955752212389
"tai15_15_02","15x15","MIX",5.2,50.2,5.2,45.2,0,-11.0619469026549
"tai15_15_03","15x15","A0",10.2,50.2,10.2,50.2,0,0
"tai15_15_03","15x15","V2H",5.2,50,10.2,50.2,49.0196078431372,0.398406374501998
"tai15_15_03","15x15","V2",5.2,5.2,10.2,50.2,49.0196078431372,89.6414342629482
"tai15_15_03","15x15","MOR",5.2,NA,10.2,50.2,49.0196078431372,NA
"tai15_15_03","15x15","GT",5.2,10.2,10.2,50.2,49.0196078431372,79.6812749003984
"tai15_15_03","15x15","GP",5.2,5.2,10.2,50.2,49.0196078431372,89.6414342629482
"tai15_15_03","15x15","MIX",5.2,5.2,10.2,50.2,49.0196078431372,89.6414342629482
"tai15_15_04","15x15","A0",5.2,10.2,5.2,10.2,0,0
"tai15_15_04","15x15","V2H",5.2,50,5.2,10.2,0,-390.196078431373
"tai15_15_04","15x15","V2",5.2,45,5.2,10.2,0,-341.176470588235
"tai15_15_04","15x15","MOR",10.2,55.2,5.2,10.2,-96.1538461538461,-441.176470588235
"tai15_15_04","15x15","GT",5.2,5.2,5.2,10.2,0,49.0196078431372
"tai15_15_04","15x15","GP",5.2,5.2,5.2,10.2,0,49.0196078431372
"tai15_15_04","15x15","MIX",5.2,5.2,5.2,10.2,0,49.0196078431372
"tai15_15_05","15x15","A0",10.2,45,10.2,45,0,0
"tai15_15_05","15x15","V2H",5.2,5.2,10.2,45,49.0196078431372,88.4444444444444
"tai15_15_05","15x15","V2",5.2,5.2,10.2,45,49.0196078431372,88.4444444444444
"tai15_15_05","15x15","MOR",45.2,50.2,10.2,45,-343.137254901961,-11.5555555555556
"tai15_15_05","15x15","GT",5.2,5.2,10.2,45,49.0196078431372,88.4444444444444
"tai15_15_05","15x15","GP",5.2,5.2,10.2,45,49.0196078431372,88.4444444444444
"tai15_15_05","15x15","MIX",5.2,5.2,10.2,45,49.0196078431372,88.4444444444444
"tai15_15_06","15x15","A0",5.2,45.2,5.2,45.2,0,0
"tai15_15_06","15x15","V2H",5.2,5.2,5.2,45.2,0,88.4955752212389
"tai15_15_06","15x15","V2",5.2,5.2,5.2,45.2,0,88.4955752212389
"tai15_15_06","15x15","MOR",10.2,50,5.2,45.2,-96.1538461538461,-10.6194690265487
"tai15_15_06","15x15","GT",5.2,5.2,5.2,45.2,0,88.4955752212389
"tai15_15_06","15x15","GP",5.2,5.2,5.2,45.2,0,88.4955752212389
"tai15_15_06","15x15","MIX",5.2,5.2,5.2,45.2,0,88.4955752212389
"tai15_15_07","15x15","A0",5.2,50.2,5.2,50.2,0,0
"tai15_15_07","15x15","V2H",5.2,5.2,5.2,50.2,0,89.6414342629482
"tai15_15_07","15x15","V2",5.2,5.2,5.2,50.2,0,89.6414342629482
"tai15_15_07","15x15","MOR",45,50.2,5.2,50.2,-765.384615384615,0
"tai15_15_07","15x15","GT",10.2,55.2,5.2,50.2,-96.1538461538461,-9.9601593625498
"tai15_15_07","15x15","GP",5.2,5.2,5.2,50.2,0,89.6414342629482
"tai15_15_07","15x15","MIX",5.2,5.2,5.2,50.2,0,89.6414342629482
"tai15_15_08","15x15","A0",5.2,45.2,5.2,45.2,0,0
"tai15_15_08","15x15","V2H",10.2,45.2,5.2,45.2,-96.1538461538461,0
"tai15_15_08","15x15","V2",5.2,45.2,5.2,45.2,0,0
"tai15_15_08","15x15","MOR",10.2,10.2,5.2,45.2,-96.1538461538461,77.4336283185841
"tai15_15_08","15x15","GT",10.2,15.2,5.2,45.2,-96.1538461538461,66.3716814159292
"tai15_15_08","15x15","GP",5.2,5.2,5.2,45.2,0,88.4955752212389
"tai15_15_08","15x15","MIX",10.2,55.2,5.2,45.2,-96.1538461538461,-22.1238938053097
"tai15_15_09","15x15","A0",10.2,50,10.2,50,0,0
"tai15_15_09","15x15","V2H",5.2,5.2,10.2,50,49.0196078431372,89.6
"tai15_15_09","15x15","V2",5.2,5.2,10.2,50,49.0196078431372,89.6
"tai15_15_09","15x15","MOR",45,NA,10.2,50,-341.176470588235,NA
"tai15_15_09","15x15","GT",5.2,5.2,10.2,50,49.0196078431372,89.6
"tai15_15_09","15x15","GP",5.2,5.2,10.2,50,49.0196078431372,89.6
"tai15_15_09","15x15","MIX",5.2,5.2,10.2,50,49.0196078431372,89.6
"tai15_15_10","15x15","A0",10.2,45.2,10.2,45.2,0,0
"tai15_15_10","15x15","V2H",5.2,5.2,10.2,45.2,49.0196078431372,88.4955752212389
"tai15_15_10","15x15","V2",5.2,5.2,10.2,45.2,49.0196078431372,88.4955752212389
"tai15_15_10","15x15","MOR",5.2,45,10.2,45.2,49.0196078431372,0.442477876106201
"tai15_15_10","15x15","GT",5.2,10.2,10.2,45.2,49.0196078431372,77.4336283185841
"tai15_15_10","15x15","GP",5.2,10.2,10.2,45.2,49.0196078431372,77.4336283185841
"tai15_15_10","15x15","MIX",5.2,5.2,10.2,45.2,49.0196078431372,88.4955752212389
"tai20_20_01","20x20","A0",5.2,10.2,5.2,10.2,0,0
"tai20_20_01","20x20","V2H",5.2,5.2,5.2,10.2,0,49.0196078431372
"tai20_20_01","20x20","V2",5.2,5.2,5.2,10.2,0,49.0196078431372
"tai20_20_01","20x20","MOR",10.2,NA,5.2,10.2,-96.1538461538461,NA
"tai20_20_01","20x20","GT",10.2,10.2,5.2,10.2,-96.1538461538461,0
"tai20_20_01","20x20","GP",5.2,5.2,5.2,10.2,0,49.0196078431372
"tai20_20_01","20x20","MIX",5.2,5.2,5.2,10.2,0,49.0196078431372
"tai20_20_02","20x20","A0",10.2,20.2,10.2,20.2,0,0
"tai20_20_02","20x20","V2H",5.2,5.2,10.2,20.2,49.0196078431372,74.2574257425743
"tai20_20_02","20x20","V2",5.2,5.2,10.2,20.2,49.0196078431372,74.2574257425743
"tai20_20_02","20x20","MOR",10.2,NA,10.2,20.2,0,NA
"tai20_20_02","20x20","GT",10.2,20.2,10.2,20.2,0,0
"tai20_20_02","20x20","GP",5.2,5.2,10.2,20.2,49.0196078431372,74.2574257425743
"tai20_20_02","20x20","MIX",5.2,5.2,10.2,20.2,49.0196078431372,74.2574257425743
"tai20_20_03","20x20","A0",5.2,10.2,5.2,10.2,0,0
"tai20_20_03","20x20","V2H",5.2,5.2,5.2,10.2,0,49.0196078431372
"tai20_20_03","20x20","V2",5.2,5.2,5.2,10.2,0,49.0196078431372
"tai20_20_03","20x20","MOR",5.2,10.2,5.2,10.2,0,0
"tai20_20_03","20x20","GT",5.2,10.2,5.2,10.2,0,0
"tai20_20_03","20x20","GP",5.2,5.2,5.2,10.2,0,49.0196078431372
"tai20_20_03","20x20","MIX",5.2,5,5.2,10.2,0,50.9803921568627
"tai20_20_04","20x20","A0",5.2,10.2,5.2,10.2,0,0
"tai20_20_04","20x20","V2H",5.2,5.2,5.2,10.2,0,49.0196078431372
"tai20_20_04","20x20","V2",5.2,5.2,5.2,10.2,0,49.0196078431372
"tai20_20_04","20x20","MOR",10.2,10.2,5.2,10.2,-96.1538461538461,0
"tai20_20_04","20x20","GT",10.2,15.2,5.2,10.2,-96.1538461538461,-49.0196078431373
"tai20_20_04","20x20","GP",5.2,10.2,5.2,10.2,0,0
"tai20_20_04","20x20","MIX",5.2,5.2,5.2,10.2,0,49.0196078431372
"tai20_20_05","20x20","A0",5.2,15.2,5.2,15.2,0,0
"tai20_20_05","20x20","V2H",5.2,5.2,5.2,15.2,0,65.7894736842105
"tai20_20_05","20x20","V2",5.2,5.2,5.2,15.2,0,65.7894736842105
"tai20_20_05","20x20","MOR",5.2,5.2,5.2,15.2,0,65.7894736842105
"tai20_20_05","20x20","GT",5.2,10.2,5.2,15.2,0,32.8947368421053
"tai20_20_05","20x20","GP",5.2,5.2,5.2,15.2,0,65.7894736842105
"tai20_20_05","20x20","MIX",5.2,5.2,5.2,15.2,0,65.7894736842105
"tai20_20_06","20x20","A0",10.2,15.2,10.2,15.2,0,0
"tai20_20_06","20x20","V2H",5.2,5.2,10.2,15.2,49.0196078431372,65.7894736842105
"tai20_20_06","20x20","V2",5.2,5,10.2,15.2,49.0196078431372,67.1052631578947
"tai20_20_06","20x20","MOR",10.2,15.2,10.2,15.2,0,0
"tai20_20_06","20x20","GT",5.2,10.2,10.2,15.2,49.0196078431372,32.8947368421053
"tai20_20_06","20x20","GP",5.2,5.2,10.2,15.2,49.0196078431372,65.7894736842105
"tai20_20_06","20x20","MIX",5.2,5.2,10.2,15.2,49.0196078431372,65.7894736842105
"tai20_20_07","20x20","A0",5.2,10.2,5.2,10.2,0,0
"tai20_20_07","20x20","V2H",5.2,5.2,5.2,10.2,0,49.0196078431372
"tai20_20_07","20x20","V2",5.2,5.2,5.2,10.2,0,49.0196078431372
"tai20_20_07","20x20","MOR",15.2,NA,5.2,10.2,-192.307692307692,NA
"tai20_20_07","20x20","GT",10.2,NA,5.2,10.2,-96.1538461538461,NA
"tai20_20_07","20x20","GP",5.2,10.2,5.2,10.2,0,0
"tai20_20_07","20x20","MIX",5.2,5.2,5.2,10.2,0,49.0196078431372
"tai20_20_08","20x20","A0",5.2,10.2,5.2,10.2,0,0
"tai20_20_08","20x20","V2H",5.2,5.2,5.2,10.2,0,49.0196078431372
"tai20_20_08","20x20","V2",5.2,5.2,5.2,10.2,0,49.0196078431372
"tai20_20_08","20x20","MOR",10.2,20.2,5.2,10.2,-96.1538461538461,-98.0392156862745
"tai20_20_08","20x20","GT",5.2,5.2,5.2,10.2,0,49.0196078431372
"tai20_20_08","20x20","GP",5.2,5.2,5.2,10.2,0,49.0196078431372
"tai20_20_08","20x20","MIX",5.2,5.2,5.2,10.2,0,49.0196078431372
"tai20_20_09","20x20","A0",10.2,10.2,10.2,10.2,0,0
"tai20_20_09","20x20","V2H",5.2,5.2,10.2,10.2,49.0196078431372,49.0196078431372
"tai20_20_09","20x20","V2",5.2,5.2,10.2,10.2,49.0196078431372,49.0196078431372
"tai20_20_09","20x20","MOR",10.2,10.2,10.2,10.2,0,0
"tai20_20_09","20x20","GT",5.2,5.2,10.2,10.2,49.0196078431372,49.0196078431372
"tai20_20_09","20x20","GP",5.2,5.2,10.2,10.2,49.0196078431372,49.0196078431372
"tai20_20_09","20x20","MIX",5.2,5.2,10.2,10.2,49.0196078431372,49.0196078431372
"tai20_20_10","20x20","A0",5.2,10.2,5.2,10.2,0,0
"tai20_20_10","20x20","V2H",5.2,5.2,5.2,10.2,0,49.0196078431372
"tai20_20_10","20x20","V2",5.2,10.2,5.2,10.2,0,0
"tai20_20_10","20x20","MOR",10.2,25.2,5.2,10.2,-96.1538461538461,-147.058823529412
"tai20_20_10","20x20","GT",5.2,5.2,5.2,10.2,0,49.0196078431372
"tai20_20_10","20x20","GP",5.2,5.2,5.2,10.2,0,49.0196078431372
"tai20_20_10","20x20","MIX",5.2,5.2,5.2,10.2,0,49.0196078431372
"tai30_15_01","30x15","A0",10.2,20.2,10.2,20.2,0,0
"tai30_15_01","30x15","V2H",5.2,10.2,10.2,20.2,49.0196078431372,49.5049504950495
"tai30_15_01","30x15","V2",5.2,5.2,10.2,20.2,49.0196078431372,74.2574257425743
"tai30_15_01","30x15","MOR",10.2,NA,10.2,20.2,0,NA
"tai30_15_01","30x15","GT",10.2,NA,10.2,20.2,0,NA
"tai30_15_01","30x15","GP",10.2,15.2,10.2,20.2,0,24.7524752475248
"tai30_15_01","30x15","MIX",5.2,10.2,10.2,20.2,49.0196078431372,49.5049504950495
"tai30_15_02","30x15","A0",10.2,15.2,10.2,15.2,0,0
"tai30_15_02","30x15","V2H",10.2,5.2,10.2,15.2,0,65.7894736842105
"tai30_15_02","30x15","V2",10.2,10.2,10.2,15.2,0,32.8947368421053
"tai30_15_02","30x15","MOR",10.2,NA,10.2,15.2,0,NA
"tai30_15_02","30x15","GT",5.2,5.2,10.2,15.2,49.0196078431372,65.7894736842105
"tai30_15_02","30x15","GP",5.2,5.2,10.2,15.2,49.0196078431372,65.7894736842105
"tai30_15_02","30x15","MIX",5.2,5.2,10.2,15.2,49.0196078431372,65.7894736842105
"tai30_15_03","30x15","A0",10.2,20.2,10.2,20.2,0,0
"tai30_15_03","30x15","V2H",10.2,5.2,10.2,20.2,0,74.2574257425743
"tai30_15_03","30x15","V2",5.2,5.2,10.2,20.2,49.0196078431372,74.2574257425743
"tai30_15_03","30x15","MOR",10.2,20.2,10.2,20.2,0,0
"tai30_15_03","30x15","GT",15.2,NA,10.2,20.2,-49.0196078431373,NA
"tai30_15_03","30x15","GP",15.2,NA,10.2,20.2,-49.0196078431373,NA
"tai30_15_03","30x15","MIX",5.2,5.2,10.2,20.2,49.0196078431372,74.2574257425743
"tai30_15_04","30x15","A0",10.2,15.2,10.2,15.2,0,0
"tai30_15_04","30x15","V2H",10.2,15.2,10.2,15.2,0,0
"tai30_15_04","30x15","V2",10.2,15.2,10.2,15.2,0,0
"tai30_15_04","30x15","MOR",10.2,25.2,10.2,15.2,0,-65.7894736842105
"tai30_15_04","30x15","GT",5.2,15.2,10.2,15.2,49.0196078431372,0
"tai30_15_04","30x15","GP",5.2,5.2,10.2,15.2,49.0196078431372,65.7894736842105
"tai30_15_04","30x15","MIX",5.2,5.2,10.2,15.2,49.0196078431372,65.7894736842105
"tai30_15_05","30x15","A0",5.2,10.2,5.2,10.2,0,0
"tai30_15_05","30x15","V2H",5.2,5.2,5.2,10.2,0,49.0196078431372
"tai30_15_05","30x15","V2",5.2,5.2,5.2,10.2,0,49.0196078431372
"tai30_15_05","30x15","MOR",5.2,5.2,5.2,10.2,0,49.0196078431372
"tai30_15_05","30x15","GT",10.2,10.2,5.2,10.2,-96.1538461538461,0
"tai30_15_05","30x15","GP",5.2,5.2,5.2,10.2,0,49.0196078431372
"tai30_15_05","30x15","MIX",5.2,5.2,5.2,10.2,0,49.0196078431372
"tai30_15_06","30x15","A0",10.2,15.2,10.2,15.2,0,0
"tai30_15_06","30x15","V2H",5.2,5.2,10.2,15.2,49.0196078431372,65.7894736842105
"tai30_15_06","30x15","V2",5.2,5.2,10.2,15.2,49.0196078431372,65.7894736842105
"tai30_15_06","30x15","MOR",10.2,NA,10.2,15.2,0,NA
"tai30_15_06","30x15","GT",5.2,5.2,10.2,15.2,49.0196078431372,65.7894736842105
"tai30_15_06","30x15","GP",5.2,5.2,10.2,15.2,49.0196078431372,65.7894736842105
"tai30_15_06","30x15","MIX",5.2,5.2,10.2,15.2,49.0196078431372,65.7894736842105
"tai30_15_07","30x15","A0",10.2,15.2,10.2,15.2,0,0
"tai30_15_07","30x15","V2H",10.2,10.2,10.2,15.2,0,32.8947368421053
"tai30_15_07","30x15","V2",5.2,5.2,10.2,15.2,49.0196078431372,65.7894736842105
"tai30_15_07","30x15","MOR",10.2,20.2,10.2,15.2,0,-32.8947368421053
"tai30_15_07","30x15","GT",5.2,5.2,10.2,15.2,49.0196078431372,65.7894736842105
"tai30_15_07","30x15","GP",5.2,5.2,10.2,15.2,49.0196078431372,65.7894736842105
"tai30_15_07","30x15","MIX",5.2,5.2,10.2,15.2,49.0196078431372,65.7894736842105
"tai30_15_08","30x15","A0",10.2,10.2,10.2,10.2,0,0
"tai30_15_08","30x15","V2H",5.2,5.2,10.2,10.2,49.0196078431372,49.0196078431372
"tai30_15_08","30x15","V2",5.2,5.2,10.2,10.2,49.0196078431372,49.0196078431372
"tai30_15_08","30x15","MOR",10.2,NA,10.2,10.2,0,NA
"tai30_15_08","30x15","GT",5.2,5.2,10.2,10.2,49.0196078431372,49.0196078431372
"tai30_15_08","30x15","GP",5.2,5.2,10.2,10.2,49.0196078431372,49.0196078431372
"tai30_15_08","30x15","MIX",5.2,5.2,10.2,10.2,49.0196078431372,49.0196078431372
"tai30_15_09","30x15","A0",10.2,15.2,10.2,15.2,0,0
"tai30_15_09","30x15","V2H",5.2,10.2,10.2,15.2,49.0196078431372,32.8947368421053
"tai30_15_09","30x15","V2",5.2,5.2,10.2,15.2,49.0196078431372,65.7894736842105
"tai30_15_09","30x15","MOR",10.2,NA,10.2,15.2,0,NA
"tai30_15_09","30x15","GT",10.2,NA,10.2,15.2,0,NA
"tai30_15_09","30x15","GP",5.2,10.2,10.2,15.2,49.0196078431372,32.8947368421053
"tai30_15_09","30x15","MIX",5.2,5.2,10.2,15.2,49.0196078431372,65.7894736842105
"tai30_15_10","30x15","A0",10.2,10.2,10.2,10.2,0,0
"tai30_15_10","30x15","V2H",5.2,10.2,10.2,10.2,49.0196078431372,0
"tai30_15_10","30x15","V2",5.2,10.2,10.2,10.2,49.0196078431372,0
"tai30_15_10","30x15","MOR",10.2,NA,10.2,10.2,0,NA
"tai30_15_10","30x15","GT",10.2,15.2,10.2,10.2,0,-49.0196078431373
"tai30_15_10","30x15","GP",10.2,10.2,10.2,10.2,0,0
"tai30_15_10","30x15","MIX",5.2,10.2,10.2,10.2,49.0196078431372,0
"tai30_20_01","30x20","A0",15.2,20.2,15.2,20.2,0,0
"tai30_20_01","30x20","V2H",5.2,5.2,15.2,20.2,65.7894736842105,74.2574257425743
"tai30_20_01","30x20","V2",5.2,5.2,15.2,20.2,65.7894736842105,74.2574257425743
"tai30_20_01","30x20","MOR",15.2,20.2,15.2,20.2,0,0
"tai30_20_01","30x20","GT",20.2,40.2,15.2,20.2,-32.8947368421053,-99.009900990099
"tai30_20_01","30x20","GP",15.2,NA,15.2,20.2,0,NA
"tai30_20_01","30x20","MIX",5.2,5.2,15.2,20.2,65.7894736842105,74.2574257425743
"tai30_20_02","30x20","A0",10.2,15.2,10.2,15.2,0,0
"tai30_20_02","30x20","V2H",10.2,5.2,10.2,15.2,0,65.7894736842105
"tai30_20_02","30x20","V2",10.2,5,10.2,15.2,0,67.1052631578947
"tai30_20_02","30x20","MOR",10.2,25.2,10.2,15.2,0,-65.7894736842105
"tai30_20_02","30x20","GT",5.2,5.2,10.2,15.2,49.0196078431372,65.7894736842105
"tai30_20_02","30x20","GP",5.2,5,10.2,15.2,49.0196078431372,67.1052631578947
"tai30_20_02","30x20","MIX",5.2,5.2,10.2,15.2,49.0196078431372,65.7894736842105
"tai30_20_03","30x20","A0",10.2,15.2,10.2,15.2,0,0
"tai30_20_03","30x20","V2H",10.2,5.2,10.2,15.2,0,65.7894736842105
"tai30_20_03","30x20","V2",10.2,5.2,10.2,15.2,0,65.7894736842105
"tai30_20_03","30x20","MOR",10.2,NA,10.2,15.2,0,NA
"tai30_20_03","30x20","GT",5.2,5.2,10.2,15.2,49.0196078431372,65.7894736842105
"tai30_20_03","30x20","GP",5.2,0.2,10.2,15.2,49.0196078431372,98.6842105263158
"tai30_20_03","30x20","MIX",5.2,5,10.2,15.2,49.0196078431372,67.1052631578947
"tai30_20_04","30x20","A0",15.2,25.2,15.2,25.2,0,0
"tai30_20_04","30x20","V2H",5.2,5.2,15.2,25.2,65.7894736842105,79.3650793650794
"tai30_20_04","30x20","V2",10.2,5.2,15.2,25.2,32.8947368421053,79.3650793650794
"tai30_20_04","30x20","MOR",20.2,NA,15.2,25.2,-32.8947368421053,NA
"tai30_20_04","30x20","GT",10.2,10.2,15.2,25.2,32.8947368421053,59.5238095238095
"tai30_20_04","30x20","GP",5.2,5.2,15.2,25.2,65.7894736842105,79.3650793650794
"tai30_20_04","30x20","MIX",5.2,5.2,15.2,25.2,65.7894736842105,79.3650793650794
"tai30_20_05","30x20","A0",15.2,25.2,15.2,25.2,0,0
"tai30_20_05","30x20","V2H",5.2,5.2,15.2,25.2,65.7894736842105,79.3650793650794
"tai30_20_05","30x20","V2",10.2,5.2,15.2,25.2,32.8947368421053,79.3650793650794
"tai30_20_05","30x20","MOR",15.2,NA,15.2,25.2,0,NA
"tai30_20_05","30x20","GT",15.2,20.2,15.2,25.2,0,19.8412698412698
"tai30_20_05","30x20","GP",5.2,5.2,15.2,25.2,65.7894736842105,79.3650793650794
"tai30_20_05","30x20","MIX",5.2,5.2,15.2,25.2,65.7894736842105,79.3650793650794
"tai30_20_06","30x20","A0",10.2,15.2,10.2,15.2,0,0
"tai30_20_06","30x20","V2H",10.2,5.2,10.2,15.2,0,65.7894736842105
"tai30_20_06","30x20","V2",10.2,10.2,10.2,15.2,0,32.8947368421053
"tai30_20_06","30x20","MOR",10.2,15.2,10.2,15.2,0,0
"tai30_20_06","30x20","GT",10.2,10.2,10.2,15.2,0,32.8947368421053
"tai30_20_06","30x20","GP",5.2,5.2,10.2,15.2,49.0196078431372,65.7894736842105
"tai30_20_06","30x20","MIX",10.2,5.2,10.2,15.2,0,65.7894736842105
"tai30_20_07","30x20","A0",10.2,15.2,10.2,15.2,0,0
"tai30_20_07","30x20","V2H",10.2,0.2,10.2,15.2,0,98.6842105263158
"tai30_20_07","30x20","V2",5.2,0.2,10.2,15.2,49.0196078431372,98.6842105263158
"tai30_20_07","30x20","MOR",15.2,20.2,10.2,15.2,-49.0196078431373,-32.8947368421053
"tai30_20_07","30x20","GT",5.2,5.2,10.2,15.2,49.0196078431372,65.7894736842105
"tai30_20_07","30x20","GP",5.2,0.2,10.2,15.2,49.0196078431372,98.6842105263158
"tai30_20_07","30x20","MIX",5.2,0.2,10.2,15.2,49.0196078431372,98.6842105263158
"tai30_20_08","30x20","A0",10.2,15.2,10.2,15.2,0,0
"tai30_20_08","30x20","V2H",10.2,20.2,10.2,15.2,0,-32.8947368421053
"tai30_20_08","30x20","V2",10.2,20.2,10.2,15.2,0,-32.8947368421053
"tai30_20_08","30x20","MOR",10.2,15.2,10.2,15.2,0,0
"tai30_20_08","30x20","GT",10.2,15.2,10.2,15.2,0,0
"tai30_20_08","30x20","GP",5.2,10.2,10.2,15.2,49.0196078431372,32.8947368421053
"tai30_20_08","30x20","MIX",10.2,10.2,10.2,15.2,0,32.8947368421053
"tai30_20_09","30x20","A0",10.2,20.2,10.2,20.2,0,0
"tai30_20_09","30x20","V2H",10.2,20.2,10.2,20.2,0,0
"tai30_20_09","30x20","V2",10.2,15.2,10.2,20.2,0,24.7524752475248
"tai30_20_09","30x20","MOR",15.2,15.2,10.2,20.2,-49.0196078431373,24.7524752475248
"tai30_20_09","30x20","GT",15.2,35.2,10.2,20.2,-49.0196078431373,-74.2574257425743
"tai30_20_09","30x20","GP",10.2,15.2,10.2,20.2,0,24.7524752475248
"tai30_20_09","30x20","MIX",10.2,10.2,10.2,20.2,0,49.5049504950495
"tai30_20_10","30x20","A0",10.2,20.2,10.2,20.2,0,0
"tai30_20_10","30x20","V2H",10.2,5.2,10.2,20.2,0,74.2574257425743
"tai30_20_10","30x20","V2",10.2,5.2,10.2,20.2,0,74.2574257425743
"tai30_20_10","30x20","MOR",15.2,NA,10.2,20.2,-49.0196078431373,NA
"tai30_20_10","30x20","GT",15.2,25.2,10.2,20.2,-49.0196078431373,-24.7524752475248
"tai30_20_10","30x20","GP",15.2,20.2,10.2,20.2,-49.0196078431373,0
"tai30_20_10","30x20","MIX",10.2,5.2,10.2,20.2,0,74.2574257425743
"tai50_15_01","50x15","A0",10.2,15.2,10.2,15.2,0,0
"tai50_15_01","50x15","V2H",10.2,5.2,10.2,15.2,0,65.7894736842105
"tai50_15_01","50x15","V2",10.2,5.2,10.2,15.2,0,65.7894736842105
"tai50_15_01","50x15","MOR",35.2,40.2,10.2,15.2,-245.098039215686,-164.473684210526
"tai50_15_01","50x15","GT",35.2,40.2,10.2,15.2,-245.098039215686,-164.473684210526
"tai50_15_01","50x15","GP",25.2,40.2,10.2,15.2,-147.058823529412,-164.473684210526
"tai50_15_01","50x15","MIX",15.2,10.2,10.2,15.2,-49.0196078431373,32.8947368421053
"tai50_15_02","50x15","A0",15.2,25.2,15.2,25.2,0,0
"tai50_15_02","50x15","V2H",10.4,10.2,15.2,25.2,31.578947368421,59.5238095238095
"tai50_15_02","50x15","V2",10.2,10.2,15.2,25.2,32.8947368421053,59.5238095238095
"tai50_15_02","50x15","MOR",25.2,40.2,15.2,25.2,-65.7894736842105,-59.5238095238095
"tai50_15_02","50x15","GT",20.2,NA,15.2,25.2,-32.8947368421053,NA
"tai50_15_02","50x15","GP",15.2,25.2,15.2,25.2,0,0
"tai50_15_02","50x15","MIX",10.2,5.2,15.2,25.2,32.8947368421053,79.3650793650794
"tai50_15_03","50x15","A0",15.2,20.2,15.2,20.2,0,0
"tai50_15_03","50x15","V2H",10.2,5.2,15.2,20.2,32.8947368421053,74.2574257425743
"tai50_15_03","50x15","V2",10.2,5.2,15.2,20.2,32.8947368421053,74.2574257425743
"tai50_15_03","50x15","MOR",15.2,30.2,15.2,20.2,0,-49.5049504950495
"tai50_15_03","50x15","GT",10.2,5.2,15.2,20.2,32.8947368421053,74.2574257425743
"tai50_15_03","50x15","GP",5.2,5.2,15.2,20.2,65.7894736842105,74.2574257425743
"tai50_15_03","50x15","MIX",5.2,5.2,15.2,20.2,65.7894736842105,74.2574257425743
"tai50_15_04","50x15","A0",10.2,20.2,10.2,20.2,0,0
"tai50_15_04","50x15","V2H",5.2,5.2,10.2,20.2,49.0196078431372,74.2574257425743
"tai50_15_04","50x15","V2",5.2,5.2,10.2,20.2,49.0196078431372,74.2574257425743
"tai50_15_04","50x15","MOR",15.2,20.2,10.2,20.2,-49.0196078431373,0
"tai50_15_04","50x15","GT",10.2,15.2,10.2,20.2,0,24.7524752475248
"tai50_15_04","50x15","GP",5.2,5.2,10.2,20.2,49.0196078431372,74.2574257425743
"tai50_15_04","50x15","MIX",5.2,5.2,10.2,20.2,49.0196078431372,74.2574257425743
"tai50_15_05","50x15","A0",10.2,25.2,10.2,25.2,0,0
"tai50_15_05","50x15","V2H",15.2,15.2,10.2,25.2,-49.0196078431373,39.6825396825397
"tai50_15_05","50x15","V2",10.2,20.2,10.2,25.2,0,19.8412698412698
"tai50_15_05","50x15","MOR",25.2,NA,10.2,25.2,-147.058823529412,NA
"tai50_15_05","50x15","GT",15.2,20.2,10.2,25.2,-49.0196078431373,19.8412698412698
"tai50_15_05","50x15","GP",10.2,20.2,10.2,25.2,0,19.8412698412698
"tai50_15_05","50x15","MIX",10.2,15.2,10.2,25.2,0,39.6825396825397
"tai50_15_06","50x15","A0",15.2,20.2,15.2,20.2,0,0
"tai50_15_06","50x15","V2H",10.2,5.2,15.2,20.2,32.8947368421053,74.2574257425743
"tai50_15_06","50x15","V2",10.2,5.2,15.2,20.2,32.8947368421053,74.2574257425743
"tai50_15_06","50x15","MOR",15.2,25.2,15.2,20.2,0,-24.7524752475248
"tai50_15_06","50x15","GT",10.2,15.2,15.2,20.2,32.8947368421053,24.7524752475248
"tai50_15_06","50x15","GP",5.2,5.2,15.2,20.2,65.7894736842105,74.2574257425743
"tai50_15_06","50x15","MIX",10.2,5.2,15.2,20.2,32.8947368421053,74.2574257425743
"tai50_15_07","50x15","A0",10.2,20.2,10.2,20.2,0,0
"tai50_15_07","50x15","V2H",10.2,10.2,10.2,20.2,0,49.5049504950495
"tai50_15_07","50x15","V2",10.2,10.2,10.2,20.2,0,49.5049504950495
"tai50_15_07","50x15","MOR",20.2,35.2,10.2,20.2,-98.0392156862745,-74.2574257425743
"tai50_15_07","50x15","GT",10.2,15.2,10.2,20.2,0,24.7524752475248
"tai50_15_07","50x15","GP",5.4,10.2,10.2,20.2,47.0588235294118,49.5049504950495
"tai50_15_07","50x15","MIX",5.2,5.2,10.2,20.2,49.0196078431372,74.2574257425743
"tai50_15_08","50x15","A0",20.2,35.2,20.2,35.2,0,0
"tai50_15_08","50x15","V2H",10.2,5.2,20.2,35.2,49.5049504950495,85.2272727272727
"tai50_15_08","50x15","V2",10.2,5.2,20.2,35.2,49.5049504950495,85.2272727272727
"tai50_15_08","50x15","MOR",15.2,NA,20.2,35.2,24.7524752475248,NA
"tai50_15_08","50x15","GT",15.2,35.2,20.2,35.2,24.7524752475248,0
"tai50_15_08","50x15","GP",10.2,15.2,20.2,35.2,49.5049504950495,56.8181818181818
"tai50_15_08","50x15","MIX",10.2,5.2,20.2,35.2,49.5049504950495,85.2272727272727
"tai50_15_09","50x15","A0",10.2,20.2,10.2,20.2,0,0
"tai50_15_09","50x15","V2H",15.2,10.2,10.2,20.2,-49.0196078431373,49.5049504950495
"tai50_15_09","50x15","V2",15.2,10.2,10.2,20.2,-49.0196078431373,49.5049504950495
"tai50_15_09","50x15","MOR",25.2,40.2,10.2,20.2,-147.058823529412,-99.009900990099
"tai50_15_09","50x15","GT",20.2,30.2,10.2,20.2,-98.0392156862745,-49.5049504950495
"tai50_15_09","50x15","GP",10.2,15.2,10.2,20.2,0,24.7524752475248
"tai50_15_09","50x15","MIX",10.2,20.2,10.2,20.2,0,0
"tai50_15_10","50x15","A0",10.2,15.2,10.2,15.2,0,0
"tai50_15_10","50x15","V2H",10.2,5.2,10.2,15.2,0,65.7894736842105
"tai50_15_10","50x15","V2",10.2,5.2,10.2,15.2,0,65.7894736842105
"tai50_15_10","50x15","MOR",10.2,10.2,10.2,15.2,0,32.8947368421053
"tai50_15_10","50x15","GT",15.2,20.2,10.2,15.2,-49.0196078431373,-32.8947368421053
"tai50_15_10","50x15","GP",5.2,5.2,10.2,15.2,49.0196078431372,65.7894736842105
"tai50_15_10","50x15","MIX",10.2,5.2,10.2,15.2,0,65.7894736842105
"tai50_20_01","50x20","A0",25.2,35.2,25.2,35.2,0,0
"tai50_20_01","50x20","V2H",15.4,20.2,25.2,35.2,38.8888888888889,42.6136363636364
"tai50_20_01","50x20","V2",15.2,15.2,25.2,35.2,39.6825396825397,56.8181818181818
"tai50_20_01","50x20","MOR",15.2,15.4,25.2,35.2,39.6825396825397,56.25
"tai50_20_01","50x20","GT",15.2,15.2,25.2,35.2,39.6825396825397,56.8181818181818
"tai50_20_01","50x20","GP",10.2,5.2,25.2,35.2,59.5238095238095,85.2272727272727
"tai50_20_01","50x20","MIX",10.2,5.2,25.2,35.2,59.5238095238095,85.2272727272727
"tai50_20_02","50x20","A0",15.2,20.2,15.2,20.2,0,0
"tai50_20_02","50x20","V2H",15.2,10.4,15.2,20.2,0,48.5148514851485
"tai50_20_02","50x20","V2",15.2,10.2,15.2,20.2,0,49.5049504950495
"tai50_20_02","50x20","MOR",20.2,45.2,15.2,20.2,-32.8947368421053,-123.762376237624
"tai50_20_02","50x20","GT",10.2,10.2,15.2,20.2,32.8947368421053,49.5049504950495
"tai50_20_02","50x20","GP",10.2,0.2,15.2,20.2,32.8947368421053,99.009900990099
"tai50_20_02","50x20","MIX",10.2,5.2,15.2,20.2,32.8947368421053,74.2574257425743
"tai50_20_03","50x20","A0",10.4,20.2,10.4,20.2,0,0
"tai50_20_03","50x20","V2H",15.2,10.2,10.4,20.2,-46.1538461538461,49.5049504950495
"tai50_20_03","50x20","V2",15.2,10.2,10.4,20.2,-46.1538461538461,49.5049504950495
"tai50_20_03","50x20","MOR",10.2,15.2,10.4,20.2,1.92307692307693,24.7524752475248
"tai50_20_03","50x20","GT",10.2,5.4,10.4,20.2,1.92307692307693,73.2673267326733
"tai50_20_03","50x20","GP",5.2,0.2,10.4,20.2,50,99.009900990099
"tai50_20_03","50x20","MIX",10.2,0.2,10.4,20.2,1.92307692307693,99.009900990099
"tai50_20_04","50x20","A0",15.2,25.2,15.2,25.2,0,0
"tai50_20_04","50x20","V2H",15.2,10.2,15.2,25.2,0,59.5238095238095
"tai50_20_04","50x20","V2",15.2,10.2,15.2,25.2,0,59.5238095238095
"tai50_20_04","50x20","MOR",10.2,10.2,15.2,25.2,32.8947368421053,59.5238095238095
"tai50_20_04","50x20","GT",15.2,15.2,15.2,25.2,0,39.6825396825397
"tai50_20_04","50x20","GP",10.2,0.2,15.2,25.2,32.8947368421053,99.2063492063492
"tai50_20_04","50x20","MIX",10.2,0.2,15.2,25.2,32.8947368421053,99.2063492063492
"tai50_20_05","50x20","A0",15.4,25.4,15.4,25.4,0,0
"tai50_20_05","50x20","V2H",15.2,10.2,15.4,25.4,1.29870129870131,59.8425196850394
"tai50_20_05","50x20","V2",10.4,10.2,15.4,25.4,32.4675324675325,59.8425196850394
"tai50_20_05","50x20","MOR",15.2,30.2,15.4,25.4,1.29870129870131,-18.8976377952756
"tai50_20_05","50x20","GT",30.2,40.2,15.4,25.4,-96.1038961038961,-58.2677165354331
"tai50_20_05","50x20","GP",30.2,40.2,15.4,25.4,-96.1038961038961,-58.2677165354331
"tai50_20_05","50x20","MIX",10.2,10.2,15.4,25.4,33.7662337662338,59.8425196850394
"tai50_20_06","50x20","A0",25.2,35.2,25.2,35.2,0,0
"tai50_20_06","50x20","V2H",10.4,10.2,25.2,35.2,58.7301587301587,71.0227272727273
"tai50_20_06","50x20","V2",15.2,10.2,25.2,35.2,39.6825396825397,71.0227272727273
"tai50_20_06","50x20","MOR",20.2,25.2,25.2,35.2,19.8412698412698,28.4090909090909
"tai50_20_06","50x20","GT",15.2,10.2,25.2,35.2,39.6825396825397,71.0227272727273
"tai50_20_06","50x20","GP",10.2,0.2,25.2,35.2,59.5238095238095,99.4318181818182
"tai50_20_06","50x20","MIX",10.2,0.2,25.2,35.2,59.5238095238095,99.4318181818182
"tai50_20_07","50x20","A0",20.2,40.2,20.2,40.2,0,0
"tai50_20_07","50x20","V2H",15.2,10.2,20.2,40.2,24.7524752475248,74.6268656716418
"tai50_20_07","50x20","V2",15.2,10.2,20.2,40.2,24.7524752475248,74.6268656716418
"tai50_20_07","50x20","MOR",20.2,NA,20.2,40.2,0,NA
"tai50_20_07","50x20","GT",10.2,10.2,20.2,40.2,49.5049504950495,74.6268656716418
"tai50_20_07","50x20","GP",10.2,5.2,20.2,40.2,49.5049504950495,87.0646766169154
"tai50_20_07","50x20","MIX",10.2,5.2,20.2,40.2,49.5049504950495,87.0646766169154
"tai50_20_08","50x20","A0",15.2,20.4,15.2,20.4,0,0
"tai50_20_08","50x20","V2H",15.2,10.2,15.2,20.4,0,50
"tai50_20_08","50x20","V2",15.2,10.2,15.2,20.4,0,50
"tai50_20_08","50x20","MOR",10.2,15.2,15.2,20.4,32.8947368421053,25.4901960784314
"tai50_20_08","50x20","GT",10.2,5.4,15.2,20.4,32.8947368421053,73.5294117647059
"tai50_20_08","50x20","GP",10.2,0.2,15.2,20.4,32.8947368421053,99.0196078431373
"tai50_20_08","50x20","MIX",10.2,0.2,15.2,20.4,32.8947368421053,99.0196078431373
"tai50_20_09","50x20","A0",15.2,25.2,15.2,25.2,0,0
"tai50_20_09","50x20","V2H",10.2,10.2,15.2,25.2,32.8947368421053,59.5238095238095
"tai50_20_09","50x20","V2",10.2,10.2,15.2,25.2,32.8947368421053,59.5238095238095
"tai50_20_09","50x20","MOR",25.2,35.2,15.2,25.2,-65.7894736842105,-39.6825396825397
"tai50_20_09","50x20","GT",10.4,45.2,15.2,25.2,31.578947368421,-79.3650793650794
"tai50_20_09","50x20","GP",10.2,10.2,15.2,25.2,32.8947368421053,59.5238095238095
"tai50_20_09","50x20","MIX",10.2,10.2,15.2,25.2,32.8947368421053,59.5238095238095
"tai50_20_10","50x20","A0",15.2,25.2,15.2,25.2,0,0
"tai50_20_10","50x20","V2H",15.4,20.2,15.2,25.2,-1.31578947368422,19.8412698412698
"tai50_20_10","50x20","V2",15.2,15.2,15.2,25.2,0,39.6825396825397
"tai50_20_10","50x20","MOR",15.2,20.2,15.2,25.2,0,19.8412698412698
"tai50_20_10","50x20","GT",15.2,30.2,15.2,25.2,0,-19.8412698412698
"tai50_20_10","50x20","GP",10.2,10.2,15.2,25.2,32.8947368421053,59.5238095238095
"tai50_20_10","50x20","MIX",10.2,10.2,15.2,25.2,32.8947368421053,59.5238095238095
