"algo","inst","q_a0","q_arm","q_pool","gap","delta","ayuda"
"abce3","ft10",951.25,952.95,1079.86,13.5201051248357,0.17871222076216,FALSE
"abce3","tai15_15_01",1304.93333333333,1301.66666666667,1474.29,12.9781853479105,-0.25033207315827,TRUE
"abce3","tai15_15_02",1291.58333333333,1292.3,1436.59,11.227046906252,0.05548745080328,FALSE
"abce3","tai15_15_03",1286.18333333333,1285.93333333333,1442.86,12.1815189643778,-0.0194373534099597,TRUE
"abce3","tai15_15_04",1245.43333333333,1244.5,1409.47,13.1710515750877,-0.0749404491074106,TRUE
"abce3","tai15_15_05",1280.25,1274.46666666667,1410.69,10.1886350322203,-0.451734687235564,TRUE
"abce3","tai15_15_06",1299.85,1291.81666666667,1414.11,8.79024502827249,-0.618020027951941,TRUE
"abce3","tai15_15_07",1275.7,1274.61666666667,1405.26,10.1559927882731,-0.0849206971336117,TRUE
"abce3","tai15_15_08",1281.86666666667,1280.58333333333,1425.95,11.2401185770751,-0.10011441647597,TRUE
"abce3","tai15_15_09",1365.03333333333,1346.71666666667,1523.02,11.5738321408513,-1.34184757392981,TRUE
"abce3","tai15_15_10",1312.93333333333,1307.45,1461.07,11.2828780339189,-0.417639890321927,TRUE
"abce3","tai20_20_01",1799.2,1784.81666666667,1941.24,7.89461983103601,-0.799429376018977,TRUE
"abce3","tai20_20_02",1741.83333333333,1728.31666666667,1902.28,9.21136733326955,-0.776002296430963,TRUE
"abce3","tai20_20_03",1708.46666666667,1674.78333333333,1829.12,7.06208295937877,-1.97155343973154,TRUE
"abce3","tai20_20_04",1787.1,1775.6,1903.05,6.48816518381736,-0.643500643500644,TRUE
"abce3","tai20_20_05",1747.96666666667,1733.11666666667,1886.75,7.93970136730296,-0.849558534678396,TRUE
"abce3","tai20_20_06",1807.4,1768.5,1912.15,5.79561801482793,-2.15226291911033,TRUE
"abce3","tai20_20_07",1839.06666666667,1823.75,1997.43,8.61107083303125,-0.83284999637497,TRUE
"abce3","tai20_20_08",1750.91666666667,1722.81666666667,1885.54,7.6887344724192,-1.6048736376184,TRUE
"abce3","tai20_20_09",1768.75,1729.13333333333,1906.4,7.78233215547704,-2.23981154299175,TRUE
"abce3","tai20_20_10",1729.53333333333,1731.75,1902.97,10.0279458813553,0.128165593801798,FALSE
"abce3","tai30_15_01",1948.38333333333,1942.33333333333,2169.98,11.3733608205093,-0.31051384481152,TRUE
"abce3","tai30_15_02",2041.68333333333,2029.31666666667,2226.59,9.05657912996629,-0.605709341148241,TRUE
"abce3","tai30_15_03",2041.26666666667,2020.21666666667,2265.74,10.9967667134786,-1.03122244358078,TRUE
"abce3","tai30_15_04",2033.28333333333,2032.31666666667,2217.98,9.08366599178668,-0.047542152675887,TRUE
"abce3","tai30_15_05",2087.15,2066.06666666667,2209.19,5.84720791509954,-1.01014940628769,TRUE
"abce3","tai30_15_06",2027.58333333333,1992.08333333333,2229.24,9.9456660227693,-1.75085282150343,TRUE
"abce3","tai30_15_07",1992.91666666667,1982.46666666667,2224.25,11.6077775454735,-0.524357098055616,TRUE
"abce3","tai30_15_08",1890.98333333333,1876,2040.23,7.8925426806159,-0.792356710353521,TRUE
"abce3","tai30_15_09",1974.88333333333,1964.1,2117.35,7.21392824892609,-0.546023815752839,TRUE
"abce3","tai30_15_10",1897.43333333333,1895.05,2101.92,10.7770145635332,-0.12560827784903,TRUE
"abce3","tai30_20_01",2330.36666666667,2294.31666666667,2517.56,8.03278454034414,-1.54696685786215,TRUE
"abce3","tai30_20_02",2242.33333333333,2182.1,2411.89,7.56161736286605,-2.6861899806749,TRUE
"abce3","tai30_20_03",2162.7,2125.45,2317.51,7.15818190225183,-1.72238405696583,TRUE
"abce3","tai30_20_04",2262.61666666667,2240.35,2444.88,8.05542255647959,-0.984111316543539,TRUE
"abce3","tai30_20_05",2227.38333333333,2201.41666666667,2401.51,7.81754375462989,-1.16579244704175,TRUE
"abce3","tai30_20_06",2308.46666666667,2286.08333333333,2448.12,6.04961446270251,-0.96961908337424,TRUE
"abce3","tai30_20_07",2210.21666666667,2141.2,2278.1,3.07134293018029,-3.12261995430313,TRUE
"abce3","tai30_20_08",2218.1,2221.9,2386.48,7.59118164194581,0.171317794508822,FALSE
"abce3","tai30_20_09",2224.1,2220.4,2444.79,9.92266534778113,-0.166359426284781,TRUE
"abce3","tai30_20_10",2227.73333333333,2201.2,2413.7,8.34779746229351,-1.19104620541058,TRUE
"abce3","tai50_15_01",3037.51666666667,2946.95,3392.87,11.698810980461,-2.98160229573502,TRUE
"abce3","tai50_15_02",2975.28333333333,2936.78333333333,3238.63,8.85114582924876,-1.29399440949601,TRUE
"abce3","tai50_15_03",2906.53333333333,2869.6,3123.04,7.44896554887839,-1.27070049084821,TRUE
"abce3","tai50_15_04",2968.78333333333,2917.66666666667,3151.73,6.16234484384737,-1.72180522885357,TRUE
"abce3","tai50_15_05",2948.48333333333,2946.03333333333,3241.42,9.93516440655931,-0.0830935678795251,TRUE
"abce3","tai50_15_06",2963.36666666667,2916.43333333333,3201.25,8.0274687573818,-1.58378420940147,TRUE
"abce3","tai50_15_07",3112.45,3085.9,3412.13,9.6284277659079,-0.853025751417685,TRUE
"abce3","tai50_15_08",3094.38333333333,3035.96666666667,3325.47,7.46793922321625,-1.88782902355342,TRUE
"abce3","tai50_15_09",2907.45,2875.8,3203.19,10.171800030955,-1.08858277872361,TRUE
"abce3","tai50_15_10",2935.5,2903.21666666667,3104.93,5.77175949582694,-1.09975586214728,TRUE
"abce3","tai50_20_01",3192.76666666667,3174.01666666667,3439.25,7.72005470699393,-0.58726496351127,TRUE
"abce3","tai50_20_02",3271.75,3231.63333333333,3470.71,6.08114923206235,-1.22615318000051,TRUE
"abce3","tai50_20_03",3071.1,3032.08333333333,3257.77,6.07827814138257,-1.27044598569459,TRUE
"abce3","tai50_20_04",3002.38333333333,2947.6,3126.76,4.14259782506121,-1.82466151890443,TRUE
"abce3","tai50_20_05",3063.4,3021.18333333333,3331.53,8.75269308611347,-1.37809840917499,TRUE
"abce3","tai50_20_06",3153.56666666667,3122.78333333333,3371.13,6.89896096483347,-0.976143414335091,TRUE
"abce3","tai50_20_07",3150.01666666667,3094.16666666667,3337.22,5.94293151888084,-1.77300649202915,TRUE
"abce3","tai50_20_08",3060.9,3012.36666666667,3224.33,5.3392792969388,-1.58559029479347,TRUE
"abce3","tai50_20_09",3333.78333333333,3288.13333333333,3571.28,7.12393826833378,-1.36931514245577,TRUE
"abce3","tai50_20_10",3352.48333333333,3332.58333333333,3615.49,7.84512972970286,-0.593589826447051,TRUE
"ga","ft10",944.616666666667,945.933333333333,1079.86,14.3172715563632,0.139386347195505,FALSE
"ga","tai15_15_01",1293.43333333333,1281.53333333333,1474.29,13.982681751411,-0.920031956292046,TRUE
"ga","tai15_15_02",1283.43333333333,1290.11666666667,1436.59,11.9333558424019,0.520738643742033,FALSE
"ga","tai15_15_03",1273.51666666667,1276.83333333333,1442.86,13.2973001269451,0.260433707188751,FALSE
"ga","tai15_15_04",1225.46666666667,1228.35,1409.47,15.0149602872375,0.235284517462725,FALSE
"ga","tai15_15_05",1275.06666666667,1271.85,1410.69,10.6365680225871,-0.252274390881525,TRUE
"ga","tai15_15_06",1288.36666666667,1283.31666666667,1414.11,9.7599027192052,-0.391969159918239,TRUE
"ga","tai15_15_07",1266.68333333333,1265.16666666667,1405.26,10.9401192089578,-0.119735266641227,TRUE
"ga","tai15_15_08",1259.26666666667,1278.91666666667,1425.95,13.2365397850601,1.56043199745885,FALSE
"ga","tai15_15_09",1348.38333333333,1329.25,1523.02,12.951559274687,-1.4189832268272,TRUE
"ga","tai15_15_10",1307.98333333333,1296.78333333333,1461.07,11.7040227321959,-0.856280023955457,TRUE
"ga","tai20_20_01",1744.85,1745.76666666667,1941.24,11.2554087743932,0.0525355570201876,FALSE
"ga","tai20_20_02",1698.13333333333,1693.26666666667,1902.28,12.0218278894472,-0.286589195979907,TRUE
"ga","tai20_20_03",1664.88333333333,1657.53333333333,1829.12,9.86475528815832,-0.441472375441731,TRUE
"ga","tai20_20_04",1772.71666666667,1784.98333333333,1903.05,7.35218073954288,0.691969951956977,FALSE
"ga","tai20_20_05",1709.51666666667,1729.81666666667,1886.75,10.3674527888,1.18747014263291,FALSE
"ga","tai20_20_06",1755,1745.33333333333,1912.15,8.95441595441596,-0.550807217473888,TRUE
"ga","tai20_20_07",1790.85,1792.9,1997.43,11.5353044643605,0.114470782030889,FALSE
"ga","tai20_20_08",1714.28333333333,1700.36666666667,1885.54,9.98998609720291,-0.811806683064842,TRUE
"ga","tai20_20_09",1727.35,1703.93333333333,1906.4,10.3655889078647,-1.35564110728379,TRUE
"ga","tai20_20_10",1678.56666666667,1685.93333333333,1902.97,13.368747145382,0.438866493238286,FALSE
"ga","tai30_15_01",1884.6,1902.55,2169.98,15.1427358590682,0.952456754749021,FALSE
"ga","tai30_15_02",1962.56666666667,1972.75,2226.59,13.4529612582163,0.518878339589316,FALSE
"ga","tai30_15_03",1964.08333333333,1956.31666666667,2265.74,15.3586490729348,-0.395434681148966,TRUE
"ga","tai30_15_04",1951.18333333333,1971.13333333333,2217.98,13.6735826976792,1.02245645804683,FALSE
"ga","tai30_15_05",2053.91666666667,2084.38333333333,2209.19,7.55986529800788,1.48334482898527,FALSE
"ga","tai30_15_06",1965.11666666667,1954.55,2229.24,13.440593009745,-0.537711925500603,TRUE
"ga","tai30_15_07",1916.93333333333,1915.81666666667,2224.25,16.031682548515,-0.0582527648327252,TRUE
"ga","tai30_15_08",1807.65,1849.31666666667,2040.23,12.8664287887589,2.30501848624825,FALSE
"ga","tai30_15_09",1882.21666666667,1924.88333333333,2117.35,12.4923627283433,2.26683077576971,FALSE
"ga","tai30_15_10",1832.06666666667,1826.5,2101.92,14.7294494377934,-0.303846293802988,TRUE
"ga","tai30_20_01",2239.93333333333,2241.38333333333,2517.56,12.3944165004911,0.064734069466345,FALSE
"ga","tai30_20_02",2140.91666666667,2127.11666666667,2411.89,12.6568837336032,-0.644583706356299,TRUE
"ga","tai30_20_03",2088.03333333333,2113.46666666667,2317.51,10.9900863651602,1.21805207451989,FALSE
"ga","tai30_20_04",2139.56666666667,2175.85,2444.88,14.2698677302258,1.69582625765342,FALSE
"ga","tai30_20_05",2141.35,2174.36666666667,2401.51,12.1493450393444,1.54186222087314,FALSE
"ga","tai30_20_06",2251.93333333333,2329.43333333333,2448.12,8.7119216080997,3.44148731460375,FALSE
"ga","tai30_20_07",2107.9,2166.53333333333,2278.1,8.0743868304948,2.78159938010974,FALSE
"ga","tai30_20_08",2132.26666666667,2193.53333333333,2386.48,11.9222111055528,2.8733116558279,FALSE
"ga","tai30_20_09",2136.83333333333,2170.86666666667,2444.79,14.4118243506747,1.59269947741986,FALSE
"ga","tai30_20_10",2165.38333333333,2161.65,2413.7,11.4675615556907,-0.172409811965539,TRUE
"ga","tai50_15_01",2915.25,2910.81666666667,3392.87,16.3835005574136,-0.152073864448448,TRUE
"ga","tai50_15_02",2885.75,2889.26666666667,3238.63,12.2283635103526,0.121863178261002,FALSE
"ga","tai50_15_03",2803.31666666667,2809.56666666667,3123.04,11.4051807680188,0.222950195898905,FALSE
"ga","tai50_15_04",2889.2,2883.98333333333,3151.73,9.08659836632979,-0.180557478425401,TRUE
"ga","tai50_15_05",2857.7619047619,2872.16666666667,3241.42,13.4251245563461,0.504057454218254,FALSE
"ga","tai50_15_06",2871.40476190476,2903.71428571429,3201.25,11.4872428461264,1.12521662700354,FALSE
"ga","tai50_15_07",3012,3031.83333333333,3412.13,13.2845285524568,0.658477202301909,FALSE
"ga","tai50_15_08",2970.05,2976.53333333333,3325.47,11.9668019056918,0.218290376705211,FALSE
"ga","tai50_15_09",2819.51666666667,2808.4,3203.19,13.6077696531911,-0.394275614614802,TRUE
"ga","tai50_15_10",2825.76666666667,2840.9,3104.93,9.8792068229271,0.535547874912999,FALSE
"ga","tai50_20_01",3129.91666666667,3177.63333333333,3439.25,9.88311722889321,1.52453473202162,FALSE
"ga","tai50_20_02",3193,3222.93333333333,3470.71,8.69746320075165,0.937467376552878,FALSE
"ga","tai50_20_03",2989.53333333333,3016.25,3257.77,8.97252636977901,0.893673483040832,FALSE
"ga","tai50_20_04",2932.68333333333,3008.3,3126.76,6.6177164257989,2.57841226180802,FALSE
"ga","tai50_20_05",3034.26666666667,3028.68333333333,3331.53,9.79687568660192,-0.184009315814919,TRUE
"ga","tai50_20_06",3098.55,3122.68333333333,3371.13,8.79701796001355,0.77885892863866,FALSE
"ga","tai50_20_07",3082.28333333333,3103.13333333333,3337.22,8.27103283820976,0.676446573698067,FALSE
"ga","tai50_20_08",3004.26666666667,3028.16666666667,3224.33,7.32502662879459,0.795535238771513,FALSE
"ga","tai50_20_09",3250.86666666667,3271.15,3571.28,9.85624346328159,0.623936181120931,FALSE
"ga","tai50_20_10",3261.88333333333,3271.95,3615.49,10.8405675657723,0.308615166085031,FALSE
"feabcls","ft10",938.183333333333,940.7,1079.86,15.1011707022437,0.268248920786637,FALSE
"feabcls","tai15_15_01",1260.8,1259.56666666667,1474.29,16.9328997461929,-0.0978214890016933,TRUE
"feabcls","tai15_15_02",1267.61666666667,1272.95,1436.59,13.3300024981264,0.420737078769882,FALSE
"feabcls","tai15_15_03",1245.01666666667,1252.9,1442.86,15.8908180613379,0.633190988072457,FALSE
"feabcls","tai15_15_04",1190.91666666667,1189.16666666667,1409.47,18.3516898747463,-0.146945630116857,TRUE
"feabcls","tai15_15_05",1249.21666666667,1246.7,1410.69,12.925966939282,-0.201459581337637,TRUE
"feabcls","tai15_15_06",1268.58333333333,1264.4,1414.11,11.4715890428956,-0.329764172633502,TRUE
"feabcls","tai15_15_07",1254.58333333333,1257.65,1405.26,12.0100963135171,0.24443706409832,FALSE
"feabcls","tai15_15_08",1237.01666666667,1253.81666666667,1425.95,15.2733053987416,1.35810619635952,FALSE
"feabcls","tai15_15_09",1310.18333333333,1306.85,1523.02,16.2448003460075,-0.254417320731207,TRUE
"feabcls","tai15_15_10",1264.31666666667,1261.45,1461.07,15.562029554832,-0.226736445247095,TRUE
"feabcls","tai20_20_01",1707.75,1699.15,1941.24,13.6723759332455,-0.503586590543107,TRUE
"feabcls","tai20_20_02",1657.26666666667,1661.58333333333,1902.28,14.7841827909409,0.260469045416143,FALSE
"feabcls","tai20_20_03",1612.61666666667,1605.56666666667,1829.12,13.4255919468359,-0.437177671899705,TRUE
"feabcls","tai20_20_04",1709.41666666667,1717.93333333333,1903.05,11.3274508848048,0.498220640569394,FALSE
"feabcls","tai20_20_05",1662.2,1671.95,1886.75,13.5092046685116,0.586572012994826,FALSE
"feabcls","tai20_20_06",1718.31666666667,1705.35,1912.15,11.2804197906866,-0.754614496745848,TRUE
"feabcls","tai20_20_07",1736.48333333333,1737.61666666667,1997.43,15.0273061455624,0.0652660069680991,FALSE
"feabcls","tai20_20_08",1658.93333333333,1658.58333333333,1885.54,13.6597813856293,-0.0210978942292318,TRUE
"feabcls","tai20_20_09",1656.95,1658.36666666667,1906.4,15.0547693050484,0.0854984559984619,FALSE
"feabcls","tai20_20_10",1641.18333333333,1639.51666666667,1902.97,15.9510921997339,-0.101552741416259,TRUE
"feabcls","tai30_15_01",1800.91666666667,1797.9,2169.98,20.4930822266438,-0.167507287955207,TRUE
"feabcls","tai30_15_02",1869.4,1874.2,2226.59,19.1072001711779,0.256766877072855,FALSE
"feabcls","tai30_15_03",1878.06666666667,1866.81666666667,2265.74,20.6421497284441,-0.59902026907103,TRUE
"feabcls","tai30_15_04",1915.7,1906.03333333333,2217.98,15.7790885838075,-0.504602321170681,TRUE
"feabcls","tai30_15_05",2014.43333333333,2020.11666666667,2209.19,9.66806215147353,0.282130623996815,FALSE
"feabcls","tai30_15_06",1871.23333333333,1868.06666666667,2229.24,19.1321231986034,-0.169228850847039,TRUE
"feabcls","tai30_15_07",1846.33333333333,1840.08333333333,2224.25,20.4684961184329,-0.338508756093158,TRUE
"feabcls","tai30_15_08",1744.88333333333,1745.53333333333,2040.23,16.9264420734911,0.0372517742351368,FALSE
"feabcls","tai30_15_09",1839.33333333333,1835.23333333333,2117.35,15.1150779267851,-0.222906850308078,TRUE
"feabcls","tai30_15_10",1755.98333333333,1761.41666666667,2101.92,19.7004527377823,0.309418274660925,FALSE
"feabcls","tai30_20_01",2127.03333333333,2133.78333333333,2517.56,18.3601573396436,0.317343404742129,FALSE
"feabcls","tai30_20_02",2030.1,2021.41666666667,2411.89,18.8064627358258,-0.427729340098181,TRUE
"feabcls","tai30_20_03",1966.33333333333,1942.56666666667,2317.51,17.8594677063909,-1.20867943719274,TRUE
"feabcls","tai30_20_04",2073.56666666667,2068.18333333333,2444.88,17.9069879595544,-0.259617084893977,TRUE
"feabcls","tai30_20_05",2079,2064.3,2401.51,15.5127465127465,-0.707070707070698,TRUE
"feabcls","tai30_20_06",2113.56666666667,2100.65,2448.12,15.8288517040705,-0.611131263109744,TRUE
"feabcls","tai30_20_07",2006.06666666667,2006.98333333333,2278.1,13.5605330497491,0.0456947259978104,FALSE
"feabcls","tai30_20_08",2054.11666666667,2067.38333333333,2386.48,16.180353274319,0.645857505659355,FALSE
"feabcls","tai30_20_09",2045.65,2039.1,2444.79,19.5116466648742,-0.320191626133512,TRUE
"feabcls","tai30_20_10",2049,2041.36666666667,2413.7,17.7989263055149,-0.372539450138284,TRUE
"feabcls","tai50_15_01",2760.38333333333,2761.78333333333,3392.87,22.9130012135996,0.0507175935709445,FALSE
"feabcls","tai50_15_02",2757.75,2758.06666666667,3238.63,17.4374036805367,0.0114827909225494,FALSE
"feabcls","tai50_15_03",2718.6,2718,3123.04,14.8767748105643,-0.0220701831825171,TRUE
"feabcls","tai50_15_04",2839,2839.1,3151.73,11.0154984149348,0.00352236703064139,FALSE
"feabcls","tai50_15_05",2697.68333333333,2698.98333333333,3241.42,20.1556891406824,0.0481894959255062,FALSE
"feabcls","tai50_15_06",2784.38333333333,2786.65,3201.25,14.9715975410474,0.0814064155438444,FALSE
"feabcls","tai50_15_07",2943.06666666667,2943,3412.13,15.937910569474,-0.0022652108911319,TRUE
"feabcls","tai50_15_08",2905,2905,3325.47,14.4740103270224,0,FALSE
"feabcls","tai50_15_09",2670.15,2667.88333333333,3203.19,19.9629234312679,-0.084889113595374,TRUE
"feabcls","tai50_15_10",2730.56666666667,2731.05,3104.93,13.7100968053029,0.0177008435367595,FALSE
"feabcls","tai50_20_01",2955.85,2972.3,3439.25,16.3540098448839,0.556523504237369,FALSE
"feabcls","tai50_20_02",3039.5,3034.31666666667,3470.71,14.1868728409278,-0.170532434062622,TRUE
"feabcls","tai50_20_03",2848.26666666667,2854.65,3257.77,14.377282089692,0.22411291077614,FALSE
"feabcls","tai50_20_04",2775.03333333333,2793.81666666667,3126.76,12.6746825863954,0.676868746321364,FALSE
"feabcls","tai50_20_05",2834.78333333333,2834.2,3331.53,17.5232675042772,-0.0205777043513079,TRUE
"feabcls","tai50_20_06",2931.51666666667,2952.25,3371.13,14.9961055426372,0.707256198441073,FALSE
"feabcls","tai50_20_07",2922.61666666667,2923.1,3337.22,14.1860319234476,0.0165376916803933,FALSE
"feabcls","tai50_20_08",2841.7,2854.38333333333,3224.33,13.4648273920541,0.446329075318767,FALSE
"feabcls","tai50_20_09",3113.06666666667,3128.05,3571.28,14.7190337502142,0.481304608531788,FALSE
"feabcls","tai50_20_10",3127.6,3119.65,3615.49,15.5995012149891,-0.254188515155385,TRUE
