"inst","clase","arm","frac","rpd"
"tai30_15_01","30x15","A0",0.05,7.65082012788434
"tai30_15_01","30x15","V2H",0.05,7.58409785932722
"tai30_15_01","30x15","V2",0.05,7.7008618293022
"tai30_15_01","30x15","MOR",0.05,6.38309702529886
"tai30_15_01","30x15","GT",0.05,9.19655268279122
"tai30_15_01","30x15","GP",0.05,8.81845982763413
"tai30_15_01","30x15","MIX",0.05,7.20044481512371
"tai30_15_01","30x15","A0",0.1,3.54184042257437
"tai30_15_01","30x15","V2H",0.1,3.93661384487072
"tai30_15_01","30x15","V2",0.1,6.42201834862385
"tai30_15_01","30x15","MOR",0.1,3.39727550736725
"tai30_15_01","30x15","GT",0.1,4.17014178482068
"tai30_15_01","30x15","GP",0.1,3.86989157631359
"tai30_15_01","30x15","MIX",0.1,4.00333611342786
"tai30_15_01","30x15","A0",0.25,1.23436196830692
"tai30_15_01","30x15","V2H",0.25,1.26772310258549
"tai30_15_01","30x15","V2",0.25,1.17876007784265
"tai30_15_01","30x15","MOR",0.25,0.872949680289132
"tai30_15_01","30x15","GT",0.25,1.79038087294968
"tai30_15_01","30x15","GP",0.25,1.48457047539617
"tai30_15_01","30x15","MIX",0.25,0.989713650264106
"tai30_15_01","30x15","A0",0.5,0.455935501807064
"tai30_15_01","30x15","V2H",0.5,0.333611342785655
"tai30_15_01","30x15","V2",0.5,0.300250208507094
"tai30_15_01","30x15","MOR",0.5,0.233527939949961
"tai30_15_01","30x15","GT",0.5,0.984153461217684
"tai30_15_01","30x15","GP",0.5,1.21768140116764
"tai30_15_01","30x15","MIX",0.5,0.250208507089241
"tai30_15_01","30x15","A0",1,-0.0166805671392802
"tai30_15_01","30x15","V2H",1,-0.0889630247428362
"tai30_15_01","30x15","V2",1,-0.0611620795106983
"tai30_15_01","30x15","MOR",1,0.0778426466499912
"tai30_15_01","30x15","GT",1,1.49013066444259
"tai30_15_01","30x15","GP",1,0.278009452321379
"tai30_15_01","30x15","MIX",1,0.350291909924935
"tai30_15_02","30x15","A0",0.05,7.65753788885935
"tai30_15_02","30x15","V2H",0.05,9.23690507843658
"tai30_15_02","30x15","V2",0.05,12.1031640521138
"tai30_15_02","30x15","MOR",0.05,8.73172028715767
"tai30_15_02","30x15","GT",0.05,5.90800319064078
"tai30_15_02","30x15","GP",0.05,5.57830364264824
"tai30_15_02","30x15","MIX",0.05,6.81733581494284
"tai30_15_02","30x15","A0",0.1,3.74368519010902
"tai30_15_02","30x15","V2H",0.1,5.16352034033501
"tai30_15_02","30x15","V2",0.1,4.88168040414783
"tai30_15_02","30x15","MOR",0.1,5.33900558362138
"tai30_15_02","30x15","GT",0.1,4.29141185854826
"tai30_15_02","30x15","GP",0.1,3.27040680670035
"tai30_15_02","30x15","MIX",0.1,3.99893645307099
"tai30_15_02","30x15","A0",0.25,0.292475405477267
"tai30_15_02","30x15","V2H",0.25,0.579633076309497
"tai30_15_02","30x15","V2",0.25,1.03695825578304
"tai30_15_02","30x15","MOR",0.25,2.86625897367722
"tai30_15_02","30x15","GT",0.25,2.04201010369583
"tai30_15_02","30x15","GP",0.25,1.15926615261898
"tai30_15_02","30x15","MIX",0.25,1.05291145971816
"tai30_15_02","30x15","A0",0.5,-0.207391651156612
"tai30_15_02","30x15","V2H",0.5,-0.377559159797921
"tai30_15_02","30x15","V2",0.5,-0.526455729859085
"tai30_15_02","30x15","MOR",0.5,2.73331560755119
"tai30_15_02","30x15","GT",0.5,1.37729327306568
"tai30_15_02","30x15","GP",0.5,0.340335017282642
"tai30_15_02","30x15","MIX",0.5,0.393512363733055
"tai30_15_02","30x15","A0",1,-0.356288221217764
"tai30_15_02","30x15","V2H",1,-0.632810422759909
"tai30_15_02","30x15","V2",1,0.0372241425152909
"tai30_15_02","30x15","MOR",1,2.49933528316937
"tai30_15_02","30x15","GT",1,1.38792874235575
"tai30_15_02","30x15","GP",1,0.632810422759909
"tai30_15_02","30x15","MIX",1,0.345652751927679
"tai30_15_03","30x15","A0",0.05,10.5729442970822
"tai30_15_03","30x15","V2H",0.05,13.5225464190981
"tai30_15_03","30x15","V2",0.05,12.6525198938992
"tai30_15_03","30x15","MOR",0.05,6.3607427055703
"tai30_15_03","30x15","GT",0.05,10.9814323607427
"tai30_15_03","30x15","GP",0.05,7.76657824933687
"tai30_15_03","30x15","MIX",0.05,7.09283819628647
"tai30_15_03","30x15","A0",0.1,4.52519893899204
"tai30_15_03","30x15","V2H",0.1,4.49336870026525
"tai30_15_03","30x15","V2",0.1,3.07161803713528
"tai30_15_03","30x15","MOR",0.1,3.70822281167109
"tai30_15_03","30x15","GT",0.1,5.81962864721486
"tai30_15_03","30x15","GP",0.1,4.53050397877985
"tai30_15_03","30x15","MIX",0.1,4.47214854111406
"tai30_15_03","30x15","A0",0.25,0.530503978779841
"tai30_15_03","30x15","V2H",0.25,0.795755968169761
"tai30_15_03","30x15","V2",0.25,0.328912466843504
"tai30_15_03","30x15","MOR",0.25,1.93103448275863
"tai30_15_03","30x15","GT",0.25,3.20954907161804
"tai30_15_03","30x15","GP",0.25,1.86737400530504
"tai30_15_03","30x15","MIX",0.25,1.05039787798408
"tai30_15_03","30x15","A0",0.5,-0.106100795755968
"tai30_15_03","30x15","V2H",0.5,-0.578249336870031
"tai30_15_03","30x15","V2",0.5,-0.779840848806369
"tai30_15_03","30x15","MOR",0.5,0.763925729442976
"tai30_15_03","30x15","GT",0.5,2.13793103448276
"tai30_15_03","30x15","GP",0.5,0.89124668435013
"tai30_15_03","30x15","MIX",0.5,-0.429708222811666
"tai30_15_03","30x15","A0",1,-0.339522546419103
"tai30_15_03","30x15","V2H",1,-0.822281167108753
"tai30_15_03","30x15","V2",1,-0.992042440318305
"tai30_15_03","30x15","MOR",1,1.76127320954907
"tai30_15_03","30x15","GT",1,1.95755968169762
"tai30_15_03","30x15","GP",1,1.0026525198939
"tai30_15_03","30x15","MIX",1,-0.159151193633952
"tai30_15_04","30x15","A0",0.05,5.83006535947712
"tai30_15_04","30x15","V2H",0.05,6.48888888888888
"tai30_15_04","30x15","V2",0.05,6.61960784313725
"tai30_15_04","30x15","MOR",0.05,6.75032679738562
"tai30_15_04","30x15","GT",0.05,4.48627450980392
"tai30_15_04","30x15","GP",0.05,4.73725490196078
"tai30_15_04","30x15","MIX",0.05,5.02483660130719
"tai30_15_04","30x15","A0",0.1,2.90718954248366
"tai30_15_04","30x15","V2H",0.1,3.00130718954249
"tai30_15_04","30x15","V2",0.1,4.08366013071895
"tai30_15_04","30x15","MOR",0.1,3.45098039215686
"tai30_15_04","30x15","GT",0.1,2.86013071895425
"tai30_15_04","30x15","GP",0.1,2.93856209150327
"tai30_15_04","30x15","MIX",0.1,3.1843137254902
"tai30_15_04","30x15","A0",0.25,0.789542483660126
"tai30_15_04","30x15","V2H",0.25,0.0784313725490196
"tai30_15_04","30x15","V2",0.25,1.17124183006536
"tai30_15_04","30x15","MOR",0.25,2.27450980392157
"tai30_15_04","30x15","GT",0.25,0.899346405228761
"tai30_15_04","30x15","GP",0.25,-0.156862745098039
"tai30_15_04","30x15","MIX",0.25,0.334640522875822
"tai30_15_04","30x15","A0",0.5,-0.183006535947712
"tai30_15_04","30x15","V2H",0.5,-0.559477124183009
"tai30_15_04","30x15","V2",0.5,0.230065359477129
"tai30_15_04","30x15","MOR",0.5,2.41045751633986
"tai30_15_04","30x15","GT",0.5,0.0470588235294165
"tai30_15_04","30x15","GP",0.5,-0.418300653594771
"tai30_15_04","30x15","MIX",0.5,-0.376470588235296
"tai30_15_04","30x15","A0",1,0.345098039215681
"tai30_15_04","30x15","V2H",1,-0.355555555555553
"tai30_15_04","30x15","V2",1,-0.345098039215681
"tai30_15_04","30x15","MOR",1,2.22745098039215
"tai30_15_04","30x15","GT",1,-0.0261437908496732
"tai30_15_04","30x15","GP",1,-0.501960784313721
"tai30_15_04","30x15","MIX",1,-0.695424836601305
"tai30_15_05","30x15","A0",0.05,3.66218236173393
"tai30_15_05","30x15","V2H",0.05,3.15396113602393
"tai30_15_05","30x15","V2",0.05,3.33333333333334
"tai30_15_05","30x15","MOR",0.05,2.23218734429498
"tai30_15_05","30x15","GT",0.05,2.87493771798704
"tai30_15_05","30x15","GP",0.05,2.5909317389138
"tai30_15_05","30x15","MIX",0.05,2.8450423517688
"tai30_15_05","30x15","A0",0.1,3.42301943198803
"tai30_15_05","30x15","V2H",0.1,1.98804185351271
"tai30_15_05","30x15","V2",0.1,1.87842551071251
"tai30_15_05","30x15","MOR",0.1,1.63428001993024
"tai30_15_05","30x15","GT",0.1,1.03637269556552
"tai30_15_05","30x15","GP",0.1,1.79372197309417
"tai30_15_05","30x15","MIX",0.1,1.66417538614848
"tai30_15_05","30x15","A0",0.25,0.473343298455406
"tai30_15_05","30x15","V2H",0.25,1.19581464872945
"tai30_15_05","30x15","V2",0.25,1.27553562531141
"tai30_15_05","30x15","MOR",0.25,1.2954658694569
"tai30_15_05","30x15","GT",0.25,0.662680617837566
"tai30_15_05","30x15","GP",0.25,0.777279521674136
"tai30_15_05","30x15","MIX",0.25,0.727453911310409
"tai30_15_05","30x15","A0",0.5,0.49825610363727
"tai30_15_05","30x15","V2H",0.5,0.398604882909816
"tai30_15_05","30x15","V2",0.5,1.01644245142003
"tai30_15_05","30x15","MOR",0.5,0.563029397110112
"tai30_15_05","30x15","GT",0.5,0.264075734927751
"tai30_15_05","30x15","GP",0.5,0.353761833582457
"tai30_15_05","30x15","MIX",0.5,0.214250124564024
"tai30_15_05","30x15","A0",1,0.388639760837068
"tai30_15_05","30x15","V2H",1,0.577977080219228
"tai30_15_05","30x15","V2",1,0.697558545092177
"tai30_15_05","30x15","MOR",1,0.438465371200795
"tai30_15_05","30x15","GT",1,0.134529147982065
"tai30_15_05","30x15","GP",1,0.577977080219228
"tai30_15_05","30x15","MIX",1,0.518186347782765
"tai30_15_06","30x15","A0",0.05,8.38985313751668
"tai30_15_06","30x15","V2H",0.05,6.21628838451269
"tai30_15_06","30x15","V2",0.05,6.35514018691589
"tai30_15_06","30x15","MOR",0.05,7.80774365821095
"tai30_15_06","30x15","GT",0.05,6.42456608811749
"tai30_15_06","30x15","GP",0.05,6.77703604806409
"tai30_15_06","30x15","MIX",0.05,6.50467289719626
"tai30_15_06","30x15","A0",0.1,3.48197596795728
"tai30_15_06","30x15","V2H",0.1,3.40720961281709
"tai30_15_06","30x15","V2",0.1,2.78771695594126
"tai30_15_06","30x15","MOR",0.1,4.73164218958611
"tai30_15_06","30x15","GT",0.1,3.96795727636849
"tai30_15_06","30x15","GP",0.1,4.28838451268358
"tai30_15_06","30x15","MIX",0.1,3.18291054739652
"tai30_15_06","30x15","A0",0.25,0.112149532710276
"tai30_15_06","30x15","V2H",0.25,0.192256341789047
"tai30_15_06","30x15","V2",0.25,0.688918558077441
"tai30_15_06","30x15","MOR",0.25,2.9799732977303
"tai30_15_06","30x15","GT",0.25,1.28704939919893
"tai30_15_06","30x15","GP",0.25,0.779706275033373
"tai30_15_06","30x15","MIX",0.25,0.336448598130839
"tai30_15_06","30x15","A0",0.5,0.122830440587448
"tai30_15_06","30x15","V2H",0.5,-0.320427236315087
"tai30_15_06","30x15","V2",0.5,-0.010680907877172
"tai30_15_06","30x15","MOR",0.5,2.37116154873165
"tai30_15_06","30x15","GT",0.5,0.154873164218963
"tai30_15_06","30x15","GP",0.5,0.00534045393857992
"tai30_15_06","30x15","MIX",0.5,-0.357810413885183
"tai30_15_06","30x15","A0",1,0.202937249666219
"tai30_15_06","30x15","V2H",1,-0.0267022696929239
"tai30_15_06","30x15","V2",1,-0.208277703604811
"tai30_15_06","30x15","MOR",1,1.92256341789052
"tai30_15_06","30x15","GT",1,0.528704939919898
"tai30_15_06","30x15","GP",1,-0.170894526034715
"tai30_15_06","30x15","MIX",1,-0.464619492656878
"tai30_15_07","30x15","A0",0.05,7.57534618517513
"tai30_15_07","30x15","V2H",0.05,6.64132500678794
"tai30_15_07","30x15","V2",0.05,7.60792831930491
"tai30_15_07","30x15","MOR",0.05,5.8267716535433
"tai30_15_07","30x15","GT",0.05,4.07276676622319
"tai30_15_07","30x15","GP",0.05,4.85473798533805
"tai30_15_07","30x15","MIX",0.05,4.56692913385826
"tai30_15_07","30x15","A0",0.1,4.34428455063807
"tai30_15_07","30x15","V2H",0.1,3.1278848764594
"tai30_15_07","30x15","V2",0.1,3.12245452077111
"tai30_15_07","30x15","MOR",0.1,4.80586478414336
"tai30_15_07","30x15","GT",0.1,2.55226717349986
"tai30_15_07","30x15","GP",0.1,2.12869942981266
"tai30_15_07","30x15","MIX",0.1,2.6988867770839
"tai30_15_07","30x15","A0",0.25,0.564756991582954
"tai30_15_07","30x15","V2H",0.25,0.733098017920174
"tai30_15_07","30x15","V2",0.25,0.564756991582954
"tai30_15_07","30x15","MOR",0.25,1.99837089329351
"tai30_15_07","30x15","GT",0.25,1.00461580233505
"tai30_15_07","30x15","GP",0.25,0.564756991582954
"tai30_15_07","30x15","MIX",0.25,0.358403475427636
"tai30_15_07","30x15","A0",0.5,0.314960629921257
"tai30_15_07","30x15","V2H",0.5,0.293239207168074
"tai30_15_07","30x15","V2",0.5,0.477871300570185
"tai30_15_07","30x15","MOR",0.5,2.03638338311159
"tai30_15_07","30x15","GT",0.5,0.276948140103172
"tai30_15_07","30x15","GP",0.5,0.119467825142549
"tai30_15_07","30x15","MIX",0.5,0.190062449090415
"tai30_15_07","30x15","A0",1,0.108607113765952
"tai30_15_07","30x15","V2H",1,0.282378495791477
"tai30_15_07","30x15","V2",1,0.276948140103172
"tai30_15_07","30x15","MOR",1,1.89519413521586
"tai30_15_07","30x15","GT",1,0.228074938908501
"tai30_15_07","30x15","GP",1,-0.114037469454244
"tai30_15_07","30x15","MIX",1,-0.0434428455063782
"tai30_15_08","30x15","A0",0.05,7.57990867579908
"tai30_15_08","30x15","V2H",0.05,9.40068493150685
"tai30_15_08","30x15","V2",0.05,7.1175799086758
"tai30_15_08","30x15","MOR",0.05,6.23858447488584
"tai30_15_08","30x15","GT",0.05,4.77739726027397
"tai30_15_08","30x15","GP",0.05,5.74771689497717
"tai30_15_08","30x15","MIX",0.05,6.55251141552511
"tai30_15_08","30x15","A0",0.1,4.14954337899544
"tai30_15_08","30x15","V2H",0.1,5.29109589041096
"tai30_15_08","30x15","V2",0.1,5.64497716894978
"tai30_15_08","30x15","MOR",0.1,3.83561643835617
"tai30_15_08","30x15","GT",0.1,3.92123287671233
"tai30_15_08","30x15","GP",0.1,3.20776255707763
"tai30_15_08","30x15","MIX",0.1,3.99543378995434
"tai30_15_08","30x15","A0",0.25,-0.0856164383561644
"tai30_15_08","30x15","V2H",0.25,0.878995433789959
"tai30_15_08","30x15","V2",0.25,1.62671232876712
"tai30_15_08","30x15","MOR",0.25,2.0662100456621
"tai30_15_08","30x15","GT",0.25,0.964611872146124
"tai30_15_08","30x15","GP",0.25,0.43949771689498
"tai30_15_08","30x15","MIX",0.25,1.13013698630137
"tai30_15_08","30x15","A0",0.5,-0.211187214611875
"tai30_15_08","30x15","V2H",0.5,-0.450913242009138
"tai30_15_08","30x15","V2",0.5,-0.0913242009132368
"tai30_15_08","30x15","MOR",0.5,1.3527397260274
"tai30_15_08","30x15","GT",0.5,0.519406392694059
"tai30_15_08","30x15","GP",0.5,-0.171232876712329
"tai30_15_08","30x15","MIX",0.5,-0.445205479452052
"tai30_15_08","30x15","A0",1,-0.924657534246578
"tai30_15_08","30x15","V2H",1,-0.639269406392697
"tai30_15_08","30x15","V2",1,-0.673515981735157
"tai30_15_08","30x15","MOR",1,0.816210045662098
"tai30_15_08","30x15","GT",1,0.382420091324204
"tai30_15_08","30x15","GP",1,-0.365296803652973
"tai30_15_08","30x15","MIX",1,-0.211187214611875
"tai30_15_09","30x15","A0",0.05,6.79449095328112
"tai30_15_09","30x15","V2H",0.05,7.41560896570348
"tai30_15_09","30x15","V2",0.05,7.12395355117473
"tai30_15_09","30x15","MOR",0.05,6.00054010261949
"tai30_15_09","30x15","GT",0.05,6.05455036456926
"tai30_15_09","30x15","GP",0.05,5.10396975425331
"tai30_15_09","30x15","MIX",0.05,5.69268160950581
"tai30_15_09","30x15","A0",0.1,2.9165541452876
"tai30_15_09","30x15","V2H",0.1,2.78152849041318
"tai30_15_09","30x15","V2",0.1,3.18660545503646
"tai30_15_09","30x15","MOR",0.1,3.81312449365379
"tai30_15_09","30x15","GT",0.1,3.37024034566568
"tai30_15_09","30x15","GP",0.1,2.2576289495004
"tai30_15_09","30x15","MIX",0.1,4.36943019173644
"tai30_15_09","30x15","A0",0.25,0.0810153929246557
"tai30_15_09","30x15","V2H",0.25,0.226843100189038
"tai30_15_09","30x15","V2",0.25,-0.38887388603835
"tai30_15_09","30x15","MOR",0.25,1.33405347015933
"tai30_15_09","30x15","GT",0.25,1.3880637321091
"tai30_15_09","30x15","GP",0.25,0.0918174453146122
"tai30_15_09","30x15","MIX",0.25,0.383472859843365
"tai30_15_09","30x15","A0",0.5,-0.664326221982174
"tai30_15_09","30x15","V2H",0.5,-0.907372400756141
"tai30_15_09","30x15","V2",0.5,-0.928976505536054
"tai30_15_09","30x15","MOR",0.5,0.907372400756141
"tai30_15_09","30x15","GT",0.5,0.248447204968939
"tai30_15_09","30x15","GP",0.5,-0.594112881447475
"tai30_15_09","30x15","MIX",0.5,-0.750742641101814
"tai30_15_09","30x15","A0",1,-0.756143667296786
"tai30_15_09","30x15","V2H",1,-0.480691331352962
"tai30_15_09","30x15","V2",1,-0.928976505536054
"tai30_15_09","30x15","MOR",1,0.972184715095868
"tai30_15_09","30x15","GT",1,-0.0378071833648418
"tai30_15_09","30x15","GP",1,-0.842560086416414
"tai30_15_09","30x15","MIX",1,-0.988387793680797
"tai30_15_10","30x15","A0",0.05,6.0665914221219
"tai30_15_10","30x15","V2H",0.05,6.72121896162528
"tai30_15_10","30x15","V2",0.05,6.77200902934537
"tai30_15_10","30x15","MOR",0.05,5.60948081264109
"tai30_15_10","30x15","GT",0.05,6.42212189616253
"tai30_15_10","30x15","GP",0.05,7.35327313769751
"tai30_15_10","30x15","MIX",0.05,6.48984198645598
"tai30_15_10","30x15","A0",0.1,3.36907449209933
"tai30_15_10","30x15","V2H",0.1,3.85440180586907
"tai30_15_10","30x15","V2",0.1,3.16591422121896
"tai30_15_10","30x15","MOR",0.1,3.53837471783296
"tai30_15_10","30x15","GT",0.1,4.0293453724605
"tai30_15_10","30x15","GP",0.1,3.24492099322799
"tai30_15_10","30x15","MIX",0.1,4.46952595936795
"tai30_15_10","30x15","A0",0.25,0.101580135440178
"tai30_15_10","30x15","V2H",0.25,0.191873589164791
"tai30_15_10","30x15","V2",0.25,0.462753950338603
"tai30_15_10","30x15","MOR",0.25,2.3645598194131
"tai30_15_10","30x15","GT",0.25,1.60835214446953
"tai30_15_10","30x15","GP",0.25,0.886004514672689
"tai30_15_10","30x15","MIX",0.25,0.688487584650115
"tai30_15_10","30x15","A0",0.5,-0.818284424379233
"tai30_15_10","30x15","V2H",0.5,-0.694130925507898
"tai30_15_10","30x15","V2",0.5,-0.643340857787815
"tai30_15_10","30x15","MOR",0.5,1.64221218961625
"tai30_15_10","30x15","GT",0.5,0.711060948081259
"tai30_15_10","30x15","GP",0.5,-0.124153498871334
"tai30_15_10","30x15","MIX",0.5,0.107223476297974
"tai30_15_10","30x15","A0",1,-0.603837471783298
"tai30_15_10","30x15","V2H",1,-1.2076749435666
"tai30_15_10","30x15","V2",1,-0.490970654627542
"tai30_15_10","30x15","MOR",1,1.55191873589165
"tai30_15_10","30x15","GT",1,0.242663656884873
"tai30_15_10","30x15","GP",1,-0.112866817155756
"tai30_15_10","30x15","MIX",1,-0.598194130925503
"tai30_20_01","30x20","A0",0.05,6.61538461538462
"tai30_20_01","30x20","V2H",0.05,5.41724941724941
"tai30_20_01","30x20","V2",0.05,5.02564102564103
"tai30_20_01","30x20","MOR",0.05,6.91375291375292
"tai30_20_01","30x20","GT",0.05,5.72960372960373
"tai30_20_01","30x20","GP",0.05,6.17715617715618
"tai30_20_01","30x20","MIX",0.05,4.83449883449883
"tai30_20_01","30x20","A0",0.1,2.49417249417249
"tai30_20_01","30x20","V2H",0.1,2.30769230769231
"tai30_20_01","30x20","V2",0.1,2.07459207459207
"tai30_20_01","30x20","MOR",0.1,4.1911421911422
"tai30_20_01","30x20","GT",0.1,4.00466200466201
"tai30_20_01","30x20","GP",0.1,3.86480186480187
"tai30_20_01","30x20","MIX",0.1,3.43123543123543
"tai30_20_01","30x20","A0",0.25,-0.14452214452214
"tai30_20_01","30x20","V2H",0.25,-0.0792540792540708
"tai30_20_01","30x20","V2",0.25,0.158508158508163
"tai30_20_01","30x20","MOR",0.25,2.44755244755245
"tai30_20_01","30x20","GT",0.25,2.65734265734266
"tai30_20_01","30x20","GP",0.25,2.44755244755245
"tai30_20_01","30x20","MIX",0.25,-0.125874125874117
"tai30_20_01","30x20","A0",0.5,-0.699300699300699
"tai30_20_01","30x20","V2H",0.5,-0.755244755244747
"tai30_20_01","30x20","V2",0.5,0.186480186480186
"tai30_20_01","30x20","MOR",0.5,2
"tai30_20_01","30x20","GT",0.5,2.26573426573426
"tai30_20_01","30x20","GP",0.5,2.20512820512821
"tai30_20_01","30x20","MIX",0.5,-0.624708624708629
"tai30_20_01","30x20","A0",1,-0.91841491841491
"tai30_20_01","30x20","V2H",1,-0.675990675990676
"tai30_20_01","30x20","V2",1,-1.07226107226107
"tai30_20_01","30x20","MOR",1,3.1002331002331
"tai30_20_01","30x20","GT",1,1.93939393939394
"tai30_20_01","30x20","GP",1,1.46386946386947
"tai30_20_01","30x20","MIX",1,-0.787878787878792
"tai30_20_02","30x20","A0",0.05,7.37978410206085
"tai30_20_02","30x20","V2H",0.05,5.53974484789009
"tai30_20_02","30x20","V2",0.05,5.35819430814523
"tai30_20_02","30x20","MOR",0.05,8.09126594700687
"tai30_20_02","30x20","GT",0.05,7.11481844946026
"tai30_20_02","30x20","GP",0.05,4.93621197252208
"tai30_20_02","30x20","MIX",0.05,5.76054955839058
"tai30_20_02","30x20","A0",0.1,2.92934249263983
"tai30_20_02","30x20","V2H",0.1,3.49852796859667
"tai30_20_02","30x20","V2",0.1,2.58586849852796
"tai30_20_02","30x20","MOR",0.1,6.96761530912659
"tai30_20_02","30x20","GT",0.1,3.61629048086358
"tai30_20_02","30x20","GP",0.1,2.49754661432778
"tai30_20_02","30x20","MIX",0.1,2.68400392541707
"tai30_20_02","30x20","A0",0.25,0.451422963689894
"tai30_20_02","30x20","V2H",0.25,0.338567222767424
"tai30_20_02","30x20","V2",0.25,-0.201177625122665
"tai30_20_02","30x20","MOR",0.25,5.30421982335623
"tai30_20_02","30x20","GT",0.25,1.90382728164868
"tai30_20_02","30x20","GP",0.25,0.225711481844942
"tai30_20_02","30x20","MIX",0.25,-0.0490677134445535
"tai30_20_02","30x20","A0",0.5,-0.10794896957802
"tai30_20_02","30x20","V2H",0.5,-0.304219823356234
"tai30_20_02","30x20","V2",0.5,-0.834151128557409
"tai30_20_02","30x20","MOR",0.5,5.67713444553483
"tai30_20_02","30x20","GT",0.5,1.54072620215898
"tai30_20_02","30x20","GP",0.5,-0.0196270853778259
"tai30_20_02","30x20","MIX",0.5,-0.284592737978408
"tai30_20_02","30x20","A0",1,-0.14229636898921
"tai30_20_02","30x20","V2H",1,-0.755642787046128
"tai30_20_02","30x20","V2",1,-1.06476938174681
"tai30_20_02","30x20","MOR",1,5.00981354268891
"tai30_20_02","30x20","GT",1,1.33464180569185
"tai30_20_02","30x20","GP",1,-0.0441609421001026
"tai30_20_02","30x20","MIX",1,-0.328753680078511
"tai30_20_03","30x20","A0",0.05,6.98886639676113
"tai30_20_03","30x20","V2H",0.05,7.06983805668015
"tai30_20_03","30x20","V2",0.05,6.27024291497976
"tai30_20_03","30x20","MOR",0.05,7.58097165991904
"tai30_20_03","30x20","GT",0.05,4.06882591093118
"tai30_20_03","30x20","GP",0.05,2.95546558704454
"tai30_20_03","30x20","MIX",0.05,4.49392712550608
"tai30_20_03","30x20","A0",0.1,3.33502024291498
"tai30_20_03","30x20","V2H",0.1,3.04655870445344
"tai30_20_03","30x20","V2",0.1,2.58603238866396
"tai30_20_03","30x20","MOR",0.1,5.74898785425101
"tai30_20_03","30x20","GT",0.1,1.78643724696356
"tai30_20_03","30x20","GP",0.1,0.379554655870445
"tai30_20_03","30x20","MIX",0.1,1.19939271255061
"tai30_20_03","30x20","A0",0.25,-0.328947368421053
"tai30_20_03","30x20","V2H",0.25,-0.870445344129557
"tai30_20_03","30x20","V2",0.25,-0.829959514170045
"tai30_20_03","30x20","MOR",0.25,2.96052631578947
"tai30_20_03","30x20","GT",0.25,-0.141700404858297
"tai30_20_03","30x20","GP",0.25,-1.38157894736842
"tai30_20_03","30x20","MIX",0.25,-1.24493927125506
"tai30_20_03","30x20","A0",0.5,0.0860323886639699
"tai30_20_03","30x20","V2H",0.5,-1.26518218623482
"tai30_20_03","30x20","V2",0.5,-1.37651821862348
"tai30_20_03","30x20","MOR",0.5,1.92307692307692
"tai30_20_03","30x20","GT",0.5,-0.379554655870445
"tai30_20_03","30x20","GP",0.5,-1.3917004048583
"tai30_20_03","30x20","MIX",0.5,-1.60931174089069
"tai30_20_03","30x20","A0",1,-0.576923076923082
"tai30_20_03","30x20","V2H",1,-1.88765182186235
"tai30_20_03","30x20","V2",1,-1.47267206477732
"tai30_20_03","30x20","MOR",1,2.44433198380567
"tai30_20_03","30x20","GT",1,-0.465587044534415
"tai30_20_03","30x20","GP",1,-1.66497975708502
"tai30_20_03","30x20","MIX",1,-1.60931174089069
"tai30_20_04","30x20","A0",0.05,5.25585844093735
"tai30_20_04","30x20","V2H",0.05,5.68149210903875
"tai30_20_04","30x20","V2",0.05,5.15542802486849
"tai30_20_04","30x20","MOR",0.05,6.72405547584887
"tai30_20_04","30x20","GT",0.05,3.99808703969392
"tai30_20_04","30x20","GP",0.05,3.92635102821616
"tai30_20_04","30x20","MIX",0.05,4.50502152080343
"tai30_20_04","30x20","A0",0.1,2.3481587757054
"tai30_20_04","30x20","V2H",0.1,2.14729794356768
"tai30_20_04","30x20","V2",0.1,2.28598756575802
"tai30_20_04","30x20","MOR",0.1,4.72501195600192
"tai30_20_04","30x20","GT",0.1,1.69296987087518
"tai30_20_04","30x20","GP",0.1,1.54471544715448
"tai30_20_04","30x20","MIX",0.1,2.15686274509803
"tai30_20_04","30x20","A0",0.25,-0.100430416068862
"tai30_20_04","30x20","V2H",0.25,-1.04734576757533
"tai30_20_04","30x20","V2",0.25,-0.526064084170254
"tai30_20_04","30x20","MOR",0.25,2.08034433285509
"tai30_20_04","30x20","GT",0.25,0.153036824485883
"tai30_20_04","30x20","GP",0.25,-0.401721664275471
"tai30_20_04","30x20","MIX",0.25,-0.607364897178375
"tai30_20_04","30x20","A0",0.5,-1.07604017216643
"tai30_20_04","30x20","V2H",0.5,-0.282161645145868
"tai30_20_04","30x20","V2",0.5,-0.659971305595418
"tai30_20_04","30x20","MOR",0.5,1.50167384026782
"tai30_20_04","30x20","GT",0.5,-0.172166427546624
"tai30_20_04","30x20","GP",0.5,-0.717360114777618
"tai30_20_04","30x20","MIX",0.5,-1.15734098517455
"tai30_20_04","30x20","A0",1,-0.478240076518412
"tai30_20_04","30x20","V2H",1,-1.00908656145385
"tai30_20_04","30x20","V2",1,-0.726924916307978
"tai30_20_04","30x20","MOR",1,1.51602104256336
"tai30_20_04","30x20","GT",1,-0.425633668101391
"tai30_20_04","30x20","GP",1,-0.535628885700613
"tai30_20_04","30x20","MIX",1,-1.20994739359159
"tai30_20_05","30x20","A0",0.05,5.16021042563367
"tai30_20_05","30x20","V2H",0.05,4.43806791009087
"tai30_20_05","30x20","V2",0.05,4.94021999043521
"tai30_20_05","30x20","MOR",0.05,5.01195600191297
"tai30_20_05","30x20","GT",0.05,4.36633189861311
"tai30_20_05","30x20","GP",0.05,3.02247728359636
"tai30_20_05","30x20","MIX",0.05,4.70588235294118
"tai30_20_05","30x20","A0",0.1,1.91296030607365
"tai30_20_05","30x20","V2H",0.1,1.60210425633668
"tai30_20_05","30x20","V2",0.1,2.2907699665232
"tai30_20_05","30x20","MOR",0.1,2.84552845528455
"tai30_20_05","30x20","GT",0.1,2.72596843615495
"tai30_20_05","30x20","GP",0.1,1.28168340506935
"tai30_20_05","30x20","MIX",0.1,1.506456241033
"tai30_20_05","30x20","A0",0.25,-0.37780966044955
"tai30_20_05","30x20","V2H",0.25,-0.492587278813973
"tai30_20_05","30x20","V2",0.25,-1.00430416068867
"tai30_20_05","30x20","MOR",0.25,1.14299378287901
"tai30_20_05","30x20","GT",0.25,0.38259206121473
"tai30_20_05","30x20","GP",0.25,-0.593017694882836
"tai30_20_05","30x20","MIX",0.25,-0.903873744619804
"tai30_20_05","30x20","A0",0.5,-0.573888091822095
"tai30_20_05","30x20","V2H",0.5,-1.21951219512195
"tai30_20_05","30x20","V2",0.5,-0.989956958393105
"tai30_20_05","30x20","MOR",0.5,1.13821138211383
"tai30_20_05","30x20","GT",0.5,-0.487804878048772
"tai30_20_05","30x20","GP",0.5,-1.10951697752271
"tai30_20_05","30x20","MIX",0.5,-1.3582018173123
"tai30_20_05","30x20","A0",1,-0.616929698708756
"tai30_20_05","30x20","V2H",1,-1.28168340506935
"tai30_20_05","30x20","V2",1,-1.31994261119081
"tai30_20_05","30x20","MOR",1,1.07125777140125
"tai30_20_05","30x20","GT",1,-0.0191296030607408
"tai30_20_05","30x20","GP",1,-1.14777618364419
"tai30_20_05","30x20","MIX",1,-1.66905786704926
"tai30_20_06","30x20","A0",0.05,7.24268177525968
"tai30_20_06","30x20","V2H",0.05,7.68649669499529
"tai30_20_06","30x20","V2",0.05,8.47969782813975
"tai30_20_06","30x20","MOR",0.05,5.94428706326724
"tai30_20_06","30x20","GT",0.05,6.26062322946175
"tai30_20_06","30x20","GP",0.05,6.82719546742209
"tai30_20_06","30x20","MIX",0.05,7.61567516525025
"tai30_20_06","30x20","A0",0.1,4.31539187913126
"tai30_20_06","30x20","V2H",0.1,6.24645892351276
"tai30_20_06","30x20","V2",0.1,5.84513692162418
"tai30_20_06","30x20","MOR",0.1,3.24362606232294
"tai30_20_06","30x20","GT",0.1,4.86307837582625
"tai30_20_06","30x20","GP",0.1,4.41454202077432
"tai30_20_06","30x20","MIX",0.1,5.73654390934844
"tai30_20_06","30x20","A0",0.25,0.410764872521238
"tai30_20_06","30x20","V2H",0.25,0.637393767705382
"tai30_20_06","30x20","V2",0.25,0.967894239848914
"tai30_20_06","30x20","MOR",0.25,1.54863078375827
"tai30_20_06","30x20","GT",0.25,2.92256846081209
"tai30_20_06","30x20","GP",0.25,1.44948064211519
"tai30_20_06","30x20","MIX",0.25,0.89235127478754
"tai30_20_06","30x20","A0",0.5,0.273843248347506
"tai30_20_06","30x20","V2H",0.5,-0.472143531633617
"tai30_20_06","30x20","V2",0.5,-0.406043437204906
"tai30_20_06","30x20","MOR",0.5,1.00566572237961
"tai30_20_06","30x20","GT",0.5,1.94050991501416
"tai30_20_06","30x20","GP",0.5,0.311614730878183
"tai30_20_06","30x20","MIX",0.5,-0.226628895184145
"tai30_20_06","30x20","A0",1,-0.321057601510868
"tai30_20_06","30x20","V2H",1,-0.920679886685552
"tai30_20_06","30x20","V2",1,-1.15675165250236
"tai30_20_06","30x20","MOR",1,0.939565627950901
"tai30_20_06","30x20","GT",1,1.52030217186024
"tai30_20_06","30x20","GP",1,0.0613786591123787
"tai30_20_06","30x20","MIX",1,-0.717658168083089
"tai30_20_07","30x20","A0",0.05,5.6246913580247
"tai30_20_07","30x20","V2H",0.05,5.23456790123457
"tai30_20_07","30x20","V2",0.05,5.13086419753087
"tai30_20_07","30x20","MOR",0.05,5.30370370370371
"tai30_20_07","30x20","GT",0.05,2.88888888888889
"tai30_20_07","30x20","GP",0.05,3.69876543209877
"tai30_20_07","30x20","MIX",0.05,4.64197530864198
"tai30_20_07","30x20","A0",0.1,3.95555555555555
"tai30_20_07","30x20","V2H",0.1,3.28395061728395
"tai30_20_07","30x20","V2",0.1,3.42222222222223
"tai30_20_07","30x20","MOR",0.1,3.53086419753086
"tai30_20_07","30x20","GT",0.1,1.31851851851851
"tai30_20_07","30x20","GP",0.1,1.29876543209877
"tai30_20_07","30x20","MIX",0.1,1.85679012345679
"tai30_20_07","30x20","A0",0.25,-0.177777777777773
"tai30_20_07","30x20","V2H",0.25,-0.0148148148148126
"tai30_20_07","30x20","V2",0.25,-0.47407407407407
"tai30_20_07","30x20","MOR",0.25,2.21728395061729
"tai30_20_07","30x20","GT",0.25,-0.528395061728397
"tai30_20_07","30x20","GP",0.25,-0.360493827160492
"tai30_20_07","30x20","MIX",0.25,-0.251851851851847
"tai30_20_07","30x20","A0",0.5,-0.360493827160492
"tai30_20_07","30x20","V2H",0.5,-0.390123456790128
"tai30_20_07","30x20","V2",0.5,-0.404938271604941
"tai30_20_07","30x20","MOR",0.5,1.60987654320987
"tai30_20_07","30x20","GT",0.5,-0.271604938271605
"tai30_20_07","30x20","GP",0.5,-0.725925925925928
"tai30_20_07","30x20","MIX",0.5,-0.755555555555553
"tai30_20_07","30x20","A0",1,-0.572839506172835
"tai30_20_07","30x20","V2H",1,-0.720987654320983
"tai30_20_07","30x20","V2",1,-0.883950617283955
"tai30_20_07","30x20","MOR",1,1.20987654320988
"tai30_20_07","30x20","GT",1,-0.0345679012345701
"tai30_20_07","30x20","GP",1,-0.770370370370366
"tai30_20_07","30x20","MIX",1,-0.78518518518519
"tai30_20_08","30x20","A0",0.05,4.21634615384615
"tai30_20_08","30x20","V2H",0.05,7.1201923076923
"tai30_20_08","30x20","V2",0.05,7.27403846153847
"tai30_20_08","30x20","MOR",0.05,3.27884615384615
"tai30_20_08","30x20","GT",0.05,4.64423076923076
"tai30_20_08","30x20","GP",0.05,4.64423076923076
"tai30_20_08","30x20","MIX",0.05,4.87980769230769
"tai30_20_08","30x20","A0",0.1,1.57211538461538
"tai30_20_08","30x20","V2H",0.1,4.16826923076922
"tai30_20_08","30x20","V2",0.1,4.6875
"tai30_20_08","30x20","MOR",0.1,1.5625
"tai30_20_08","30x20","GT",0.1,2.92788461538462
"tai30_20_08","30x20","GP",0.1,2.57211538461538
"tai30_20_08","30x20","MIX",0.1,2.96153846153846
"tai30_20_08","30x20","A0",0.25,-0.82211538461538
"tai30_20_08","30x20","V2H",0.25,0.0240384615384615
"tai30_20_08","30x20","V2",0.25,0.0144230769230857
"tai30_20_08","30x20","MOR",0.25,0.692307692307697
"tai30_20_08","30x20","GT",0.25,-0.177884615384607
"tai30_20_08","30x20","GP",0.25,-0.42788461538462
"tai30_20_08","30x20","MIX",0.25,0.153846153846145
"tai30_20_08","30x20","A0",0.5,-0.874999999999991
"tai30_20_08","30x20","V2H",0.5,-0.639423076923086
"tai30_20_08","30x20","V2",0.5,-0.576923076923077
"tai30_20_08","30x20","MOR",0.5,0.206730769230778
"tai30_20_08","30x20","GT",0.5,-0.0769230769230726
"tai30_20_08","30x20","GP",0.5,-1.33173076923076
"tai30_20_08","30x20","MIX",0.5,-1.05288461538462
"tai30_20_08","30x20","A0",1,-1.21634615384616
"tai30_20_08","30x20","V2H",1,-0.961538461538462
"tai30_20_08","30x20","V2",1,-0.442307692307684
"tai30_20_08","30x20","MOR",1,0.245192307692303
"tai30_20_08","30x20","GT",1,-0.615384615384624
"tai30_20_08","30x20","GP",1,-0.668269230769235
"tai30_20_08","30x20","MIX",1,-0.975961538461547
"tai30_20_09","30x20","A0",0.05,4.62661153004135
"tai30_20_09","30x20","V2H",0.05,5.93529554852834
"tai30_20_09","30x20","V2",0.05,6.54828508878618
"tai30_20_09","30x20","MOR",0.05,5.25419605935296
"tai30_20_09","30x20","GT",0.05,5.12770615422039
"tai30_20_09","30x20","GP",0.05,6.41693018730236
"tai30_20_09","30x20","MIX",0.05,5.78448066163951
"tai30_20_09","30x20","A0",0.1,2.73412794940403
"tai30_20_09","30x20","V2H",0.1,2.61250304062271
"tai30_20_09","30x20","V2",0.1,3.20603259547556
"tai30_20_09","30x20","MOR",0.1,3.35684748236439
"tai30_20_09","30x20","GT",0.1,2.70493797129652
"tai30_20_09","30x20","GP",0.1,3.58063731452201
"tai30_20_09","30x20","MIX",0.1,3.76550717586962
"tai30_20_09","30x20","A0",0.25,-0.223789832157621
"tai30_20_09","30x20","V2H",0.25,-0.121624908781318
"tai30_20_09","30x20","V2",0.25,-0.403794697153975
"tai30_20_09","30x20","MOR",0.25,1.46922889807832
"tai30_20_09","30x20","GT",0.25,0.885429335927989
"tai30_20_09","30x20","GP",0.25,1.26976404767696
"tai30_20_09","30x20","MIX",0.25,0.413524689856483
"tai30_20_09","30x20","A0",0.5,0.189734857698861
"tai30_20_09","30x20","V2H",0.5,-0.564339576745313
"tai30_20_09","30x20","V2",0.5,-0.80758939430795
"tai30_20_09","30x20","MOR",0.5,1.49355387983458
"tai30_20_09","30x20","GT",0.5,0.23351982486014
"tai30_20_09","30x20","GP",0.5,-0.0827049379712877
"tai30_20_09","30x20","MIX",0.5,-0.486499635125274
"tai30_20_09","30x20","A0",1,-0.486499635125274
"tai30_20_09","30x20","V2H",1,-0.530284602286553
"tai30_20_09","30x20","V2",1,-0.593529554852836
"tai30_20_09","30x20","MOR",1,0.80758939430795
"tai30_20_09","30x20","GT",1,-0.00486499635124831
"tai30_20_09","30x20","GP",1,-0.252979810265133
"tai30_20_09","30x20","MIX",1,-0.199464850401358
"tai30_20_10","30x20","A0",0.05,4.93468795355588
"tai30_20_10","30x20","V2H",0.05,4.01548137397194
"tai30_20_10","30x20","V2",0.05,3.63812288340589
"tai30_20_10","30x20","MOR",0.05,4.74117077890663
"tai30_20_10","30x20","GT",0.05,4.15094339622642
"tai30_20_10","30x20","GP",0.05,4.7363328495404
"tai30_20_10","30x20","MIX",0.05,4.28156748911466
"tai30_20_10","30x20","A0",0.1,2.47701983551039
"tai30_20_10","30x20","V2H",0.1,1.66908563134978
"tai30_20_10","30x20","V2",0.1,1.94000967585873
"tai30_20_10","30x20","MOR",0.1,3.1881954523464
"tai30_20_10","30x20","GT",0.1,3.15916787614902
"tai30_20_10","30x20","GP",0.1,2.67053701015964
"tai30_20_10","30x20","MIX",0.1,2.00290275761974
"tai30_20_10","30x20","A0",0.25,-0.40638606676343
"tai30_20_10","30x20","V2H",0.25,-0.880503144654079
"tai30_20_10","30x20","V2",0.25,-0.769230769230774
"tai30_20_10","30x20","MOR",0.25,2.65602322206096
"tai30_20_10","30x20","GT",0.25,1.91582002902757
"tai30_20_10","30x20","GP",0.25,1.44654088050315
"tai30_20_10","30x20","MIX",0.25,-0.22738268021286
"tai30_20_10","30x20","A0",0.5,-0.0919206579583982
"tai30_20_10","30x20","V2H",0.5,-1.2239961296565
"tai30_20_10","30x20","V2",0.5,-0.735365263667142
"tai30_20_10","30x20","MOR",0.5,1.73681664247702
"tai30_20_10","30x20","GT",0.5,1.39332365747461
"tai30_20_10","30x20","GP",0.5,0.933720367682641
"tai30_20_10","30x20","MIX",0.5,-0.788582486695703
"tai30_20_10","30x20","A0",1,-0.469279148524423
"tai30_20_10","30x20","V2H",1,-1.42718916303822
"tai30_20_10","30x20","V2",1,-1.21432027092404
"tai30_20_10","30x20","MOR",1,2.13352685050798
"tai30_20_10","30x20","GT",1,0.836961780358016
"tai30_20_10","30x20","GP",1,0.832123850991767
"tai30_20_10","30x20","MIX",1,-0.638606676342517
"tai50_15_01","50x15","A0",0.05,7.09025270758123
"tai50_15_01","50x15","V2H",0.05,6.62093862815885
"tai50_15_01","50x15","V2",0.05,7.2129963898917
"tai50_15_01","50x15","MOR",0.05,11.6064981949458
"tai50_15_01","50x15","GT",0.05,9.49458483754513
"tai50_15_01","50x15","GP",0.05,7.81949458483754
"tai50_15_01","50x15","MIX",0.05,6.87003610108304
"tai50_15_01","50x15","A0",0.1,4.31768953068592
"tai50_15_01","50x15","V2H",0.1,4.84476534296028
"tai50_15_01","50x15","V2",0.1,4.81227436823105
"tai50_15_01","50x15","MOR",0.1,9.95667870036102
"tai50_15_01","50x15","GT",0.1,6.29241877256318
"tai50_15_01","50x15","GP",0.1,4.985559566787
"tai50_15_01","50x15","MIX",0.1,4.54512635379062
"tai50_15_01","50x15","A0",0.25,2.03971119133574
"tai50_15_01","50x15","V2H",0.25,2.1552346570397
"tai50_15_01","50x15","V2",0.25,2.58483754512635
"tai50_15_01","50x15","MOR",0.25,5.83032490974729
"tai50_15_01","50x15","GT",0.25,3.71119133574008
"tai50_15_01","50x15","GP",0.25,2.66425992779784
"tai50_15_01","50x15","MIX",0.25,1.79422382671479
"tai50_15_01","50x15","A0",0.5,0.2129963898917
"tai50_15_01","50x15","V2H",0.5,0.364620938628156
"tai50_15_01","50x15","V2",0.5,0.498194945848382
"tai50_15_01","50x15","MOR",0.5,3.79061371841155
"tai50_15_01","50x15","GT",0.5,1.84115523465704
"tai50_15_01","50x15","GP",0.5,1.57761732851985
"tai50_15_01","50x15","MIX",0.5,0.472924187725628
"tai50_15_01","50x15","A0",1,-0.339350180505418
"tai50_15_01","50x15","V2H",1,-0.299638989169682
"tai50_15_01","50x15","V2",1,-0.249097472924191
"tai50_15_01","50x15","MOR",1,2.06137184115523
"tai50_15_01","50x15","GT",1,0.606498194945855
"tai50_15_01","50x15","GP",1,0.126353790613718
"tai50_15_01","50x15","MIX",1,-0.281588447653436
"tai50_15_02","50x15","A0",0.05,7.61164346411137
"tai50_15_02","50x15","V2H",0.05,6.85951907430844
"tai50_15_02","50x15","V2",0.05,6.45091303561743
"tai50_15_02","50x15","MOR",0.05,7.83945037063823
"tai50_15_02","50x15","GT",0.05,7.78159464834568
"tai50_15_02","50x15","GP",0.05,6.7184957512204
"tai50_15_02","50x15","MIX",0.05,6.18694630265774
"tai50_15_02","50x15","A0",0.1,5.70240462845778
"tai50_15_02","50x15","V2H",0.1,4.72970529741458
"tai50_15_02","50x15","V2",0.1,4.86711263785933
"tai50_15_02","50x15","MOR",0.1,6.35328150424877
"tai50_15_02","50x15","GT",0.1,5.80003615982644
"tai50_15_02","50x15","GP",0.1,4.76948110649069
"tai50_15_02","50x15","MIX",0.1,4.37533899837281
"tai50_15_02","50x15","A0",0.25,2.87109021876695
"tai50_15_02","50x15","V2H",0.25,2.66136322545651
"tai50_15_02","50x15","V2",0.25,2.19851744711626
"tai50_15_02","50x15","MOR",0.25,3.49665521605496
"tai50_15_02","50x15","GT",0.25,3.46411137226542
"tai50_15_02","50x15","GP",0.25,2.44440426685952
"tai50_15_02","50x15","MIX",0.25,2.13342975953715
"tai50_15_02","50x15","A0",0.5,0.386910142831308
"tai50_15_02","50x15","V2H",0.5,0.723196528656662
"tai50_15_02","50x15","V2",0.5,0.426685951907437
"tai50_15_02","50x15","MOR",0.5,1.98879045380582
"tai50_15_02","50x15","GT",0.5,2.46248418007593
"tai50_15_02","50x15","GP",0.5,1.07394684505514
"tai50_15_02","50x15","MIX",0.5,0.242270837099975
"tai50_15_02","50x15","A0",1,-0.173567166877606
"tai50_15_02","50x15","V2H",1,-0.238654854456695
"tai50_15_02","50x15","V2",1,-0.296510576749225
"tai50_15_02","50x15","MOR",1,0.759356355089496
"tai50_15_02","50x15","GT",1,0.723196528656662
"tai50_15_02","50x15","GP",1,-0.0397758090761131
"tai50_15_02","50x15","MIX",1,-0.195263062737302
"tai50_15_03","50x15","A0",0.05,5.63649742457689
"tai50_15_03","50x15","V2H",0.05,4.0691685062546
"tai50_15_03","50x15","V2",0.05,4.81604120676969
"tai50_15_03","50x15","MOR",0.05,5.29433406916851
"tai50_15_03","50x15","GT",0.05,3.67917586460633
"tai50_15_03","50x15","GP",0.05,3.24871228844739
"tai50_15_03","50x15","MIX",0.05,3.41795437821928
"tai50_15_03","50x15","A0",0.1,3.51361295069904
"tai50_15_03","50x15","V2H",0.1,2.95069904341427
"tai50_15_03","50x15","V2",0.1,2.71155261221486
"tai50_15_03","50x15","MOR",0.1,3.40323767476085
"tai50_15_03","50x15","GT",0.1,2.25165562913907
"tai50_15_03","50x15","GP",0.1,2.06769683590875
"tai50_15_03","50x15","MIX",0.1,2.13024282560707
"tai50_15_03","50x15","A0",0.25,1.08903605592347
"tai50_15_03","50x15","V2H",0.25,1.05592347314201
"tai50_15_03","50x15","V2",0.25,1.0485651214128
"tai50_15_03","50x15","MOR",0.25,2.40986019131714
"tai50_15_03","50x15","GT",0.25,1.18101545253863
"tai50_15_03","50x15","GP",0.25,0.39735099337749
"tai50_15_03","50x15","MIX",0.25,0.50404709345106
"tai50_15_03","50x15","A0",0.5,0.0993377483443642
"tai50_15_03","50x15","V2H",0.5,0.0809418690213325
"tai50_15_03","50x15","V2",0.5,0.172921265636491
"tai50_15_03","50x15","MOR",0.5,1.21044885945549
"tai50_15_03","50x15","GT",0.5,0.423105224429728
"tai50_15_03","50x15","GP",0.5,0.0772626931567295
"tai50_15_03","50x15","MIX",0.5,0.136129506990427
"tai50_15_03","50x15","A0",1,0.0110375275938257
"tai50_15_03","50x15","V2H",1,0
"tai50_15_03","50x15","V2",1,0
"tai50_15_03","50x15","MOR",1,0.989698307579106
"tai50_15_03","50x15","GT",1,0.106696100073587
"tai50_15_03","50x15","GP",1,0.0331125827814603
"tai50_15_03","50x15","MIX",1,0
"tai50_15_04","50x15","A0",0.05,3.23001056710109
"tai50_15_04","50x15","V2H",0.05,2.56780556533991
"tai50_15_04","50x15","V2",0.05,1.73300457907713
"tai50_15_04","50x15","MOR",0.05,1.7928848185981
"tai50_15_04","50x15","GT",0.05,1.32441000352236
"tai50_15_04","50x15","GP",0.05,1.22930609369497
"tai50_15_04","50x15","MIX",0.05,1.25748502994011
"tai50_15_04","50x15","A0",0.1,0.845368087354702
"tai50_15_04","50x15","V2H",0.1,0.553011623811195
"tai50_15_04","50x15","V2",0.1,0.70799577315956
"tai50_15_04","50x15","MOR",0.1,0.440295878830574
"tai50_15_04","50x15","GT",0.1,0.081014441704832
"tai50_15_04","50x15","GP",0.1,0.0598802395209517
"tai50_15_04","50x15","MIX",0.1,0.169073617470947
"tai50_15_04","50x15","A0",0.25,0
"tai50_15_04","50x15","V2H",0.25,0.0211342021838644
"tai50_15_04","50x15","V2",0.25,0.126805213103202
"tai50_15_04","50x15","MOR",0.25,0.126805213103202
"tai50_15_04","50x15","GT",0.25,0
"tai50_15_04","50x15","GP",0.25,0
"tai50_15_04","50x15","MIX",0.25,0
"tai50_15_04","50x15","A0",0.5,0
"tai50_15_04","50x15","V2H",0.5,0
"tai50_15_04","50x15","V2",0.5,0
"tai50_15_04","50x15","MOR",0.5,0.0634026065516091
"tai50_15_04","50x15","GT",0.5,0
"tai50_15_04","50x15","GP",0.5,0
"tai50_15_04","50x15","MIX",0.5,0
"tai50_15_04","50x15","A0",1,0
"tai50_15_04","50x15","V2H",1,0
"tai50_15_04","50x15","V2",1,0
"tai50_15_04","50x15","MOR",1,0
"tai50_15_04","50x15","GT",1,0
"tai50_15_04","50x15","GP",1,0.0634026065516091
"tai50_15_04","50x15","MIX",1,0
"tai50_15_05","50x15","A0",0.05,7.7329420396185
"tai50_15_05","50x15","V2H",0.05,7.48716067498166
"tai50_15_05","50x15","V2",0.05,7.79530447542186
"tai50_15_05","50x15","MOR",0.05,8.7527512839325
"tai50_15_05","50x15","GT",0.05,6.58473954512106
"tai50_15_05","50x15","GP",0.05,6.90388848129126
"tai50_15_05","50x15","MIX",0.05,7.24871606749816
"tai50_15_05","50x15","A0",0.1,5.26412325752018
"tai50_15_05","50x15","V2H",0.1,5.6529713866471
"tai50_15_05","50x15","V2",0.1,5.40719002201027
"tai50_15_05","50x15","MOR",0.1,5.87674247982391
"tai50_15_05","50x15","GT",0.1,4.88261188554659
"tai50_15_05","50x15","GP",0.1,5.14673514306677
"tai50_15_05","50x15","MIX",0.1,5.51724137931035
"tai50_15_05","50x15","A0",0.25,2.5531914893617
"tai50_15_05","50x15","V2H",0.25,2.5421863536317
"tai50_15_05","50x15","V2",0.25,2.45414526779164
"tai50_15_05","50x15","MOR",0.25,3.68305209097579
"tai50_15_05","50x15","GT",0.25,2.76595744680851
"tai50_15_05","50x15","GP",0.25,2.91636096845194
"tai50_15_05","50x15","MIX",0.25,2.92369772560528
"tai50_15_05","50x15","A0",0.5,0.374174614820243
"tai50_15_05","50x15","V2H",0.5,0.410858400586934
"tai50_15_05","50x15","V2",0.5,0.928099779897292
"tai50_15_05","50x15","MOR",0.5,2.29640498899486
"tai50_15_05","50x15","GT",0.5,1.10051357300073
"tai50_15_05","50x15","GP",0.5,1.39398385913426
"tai50_15_05","50x15","MIX",0.5,0.546588407923701
"tai50_15_05","50x15","A0",1,-1.11885546588408
"tai50_15_05","50x15","V2H",1,-1.04915627292736
"tai50_15_05","50x15","V2",1,-0.928099779897292
"tai50_15_05","50x15","MOR",1,1.06749816581071
"tai50_15_05","50x15","GT",1,-0.337490829053552
"tai50_15_05","50x15","GP",1,-0.337490829053552
"tai50_15_05","50x15","MIX",1,-0.311812179016875
"tai50_15_06","50x15","A0",0.05,5.32404927691483
"tai50_15_06","50x15","V2H",0.05,4.73486877343331
"tai50_15_06","50x15","V2",0.05,4.40992679878593
"tai50_15_06","50x15","MOR",0.05,4.17068380646314
"tai50_15_06","50x15","GT",0.05,3.92787002321014
"tai50_15_06","50x15","GP",0.05,4.01356900553473
"tai50_15_06","50x15","MIX",0.05,3.91715765041956
"tai50_15_06","50x15","A0",0.1,3.08873415461525
"tai50_15_06","50x15","V2H",0.1,3.23156579182289
"tai50_15_06","50x15","V2",0.1,3.27441528298517
"tai50_15_06","50x15","MOR",0.1,2.69237636136405
"tai50_15_06","50x15","GT",0.1,2.56382788787717
"tai50_15_06","50x15","GP",0.1,2.22460274950902
"tai50_15_06","50x15","MIX",0.1,2.69237636136405
"tai50_15_06","50x15","A0",0.25,1.17836100696304
"tai50_15_06","50x15","V2H",0.25,1.28548473486877
"tai50_15_06","50x15","V2",0.25,1.58900196393501
"tai50_15_06","50x15","MOR",0.25,1.76754151044456
"tai50_15_06","50x15","GT",0.25,1.06052490626673
"tai50_15_06","50x15","GP",0.25,0.696304231387252
"tai50_15_06","50x15","MIX",0.25,1.02838778789503
"tai50_15_06","50x15","A0",0.5,-0.48205677557579
"tai50_15_06","50x15","V2H",0.5,-0.349937511158728
"tai50_15_06","50x15","V2",0.5,-0.0999821460453555
"tai50_15_06","50x15","MOR",0.5,0.539189430458843
"tai50_15_06","50x15","GT",0.5,-0.285663274415283
"tai50_15_06","50x15","GP",0.5,-0.285663274415283
"tai50_15_06","50x15","MIX",0.5,-0.29994643813605
"tai50_15_06","50x15","A0",1,-0.574897339760754
"tai50_15_06","50x15","V2H",1,-0.574897339760754
"tai50_15_06","50x15","V2",1,-0.385645420460639
"tai50_15_06","50x15","MOR",1,-0.0249955365113308
"tai50_15_06","50x15","GT",1,-0.496339939296557
"tai50_15_06","50x15","GP",1,-0.574897339760754
"tai50_15_06","50x15","MIX",1,-0.589180503481521
"tai50_15_07","50x15","A0",0.05,4.5769622833843
"tai50_15_07","50x15","V2H",0.05,5.19877675840979
"tai50_15_07","50x15","V2",0.05,4.85898742779477
"tai50_15_07","50x15","MOR",0.05,4.58375806999661
"tai50_15_07","50x15","GT",0.05,3.72748895684675
"tai50_15_07","50x15","GP",0.05,3.93815834182807
"tai50_15_07","50x15","MIX",0.05,4.51919809717975
"tai50_15_07","50x15","A0",0.1,3.10907237512742
"tai50_15_07","50x15","V2H",0.1,3.04451240231056
"tai50_15_07","50x15","V2",0.1,2.88820931022766
"tai50_15_07","50x15","MOR",0.1,2.69113149847094
"tai50_15_07","50x15","GT",0.1,2.26299694189602
"tai50_15_07","50x15","GP",0.1,1.6921508664628
"tai50_15_07","50x15","MIX",0.1,1.86544342507646
"tai50_15_07","50x15","A0",0.25,0.883452259599049
"tai50_15_07","50x15","V2H",0.25,1.06693849813116
"tai50_15_07","50x15","V2",0.25,1.59361196058444
"tai50_15_07","50x15","MOR",0.25,0.720353380903833
"tai50_15_07","50x15","GT",0.25,0.322799864084268
"tai50_15_07","50x15","GP",0.25,0.417940876656479
"tai50_15_07","50x15","MIX",0.25,0.152905198776758
"tai50_15_07","50x15","A0",0.5,0
"tai50_15_07","50x15","V2H",0.5,0
"tai50_15_07","50x15","V2",0.5,0.00679578661229419
"tai50_15_07","50x15","MOR",0.5,0
"tai50_15_07","50x15","GT",0.5,0
"tai50_15_07","50x15","GP",0.5,0
"tai50_15_07","50x15","MIX",0.5,0
"tai50_15_07","50x15","A0",1,0.0135915732246038
"tai50_15_07","50x15","V2H",1,0
"tai50_15_07","50x15","V2",1,0
"tai50_15_07","50x15","MOR",1,0
"tai50_15_07","50x15","GT",1,0
"tai50_15_07","50x15","GP",1,0
"tai50_15_07","50x15","MIX",1,0
"tai50_15_08","50x15","A0",0.05,5.45611015490534
"tai50_15_08","50x15","V2H",0.05,4.09294320137694
"tai50_15_08","50x15","V2",0.05,4.19277108433736
"tai50_15_08","50x15","MOR",0.05,5.81755593803787
"tai50_15_08","50x15","GT",0.05,4.80895008605851
"tai50_15_08","50x15","GP",0.05,3.32874354561101
"tai50_15_08","50x15","MIX",0.05,3.37693631669535
"tai50_15_08","50x15","A0",0.1,2.81927710843374
"tai50_15_08","50x15","V2H",0.1,2.71256454388985
"tai50_15_08","50x15","V2",0.1,2.55421686746987
"tai50_15_08","50x15","MOR",0.1,3.89672977624784
"tai50_15_08","50x15","GT",0.1,2.83304647160069
"tai50_15_08","50x15","GP",0.1,1.99655765920826
"tai50_15_08","50x15","MIX",0.1,2.02409638554217
"tai50_15_08","50x15","A0",0.25,0.330464716006882
"tai50_15_08","50x15","V2H",0.25,0.244406196213422
"tai50_15_08","50x15","V2",0.25,0.564543889845098
"tai50_15_08","50x15","MOR",0.25,1.60757314974182
"tai50_15_08","50x15","GT",0.25,0.843373493975904
"tai50_15_08","50x15","GP",0.25,0.464716006884682
"tai50_15_08","50x15","MIX",0.25,0.309810671256454
"tai50_15_08","50x15","A0",0.5,0
"tai50_15_08","50x15","V2H",0.5,0
"tai50_15_08","50x15","V2",0.5,0
"tai50_15_08","50x15","MOR",0.5,0.096385542168681
"tai50_15_08","50x15","GT",0.5,0.175559380378654
"tai50_15_08","50x15","GP",0.5,0
"tai50_15_08","50x15","MIX",0.5,0
"tai50_15_08","50x15","A0",1,0
"tai50_15_08","50x15","V2H",1,0
"tai50_15_08","50x15","V2",1,0
"tai50_15_08","50x15","MOR",1,0
"tai50_15_08","50x15","GT",1,0
"tai50_15_08","50x15","GP",1,0
"tai50_15_08","50x15","MIX",1,0
"tai50_15_09","50x15","A0",0.05,7.87166573400485
"tai50_15_09","50x15","V2H",0.05,7.19641857862339
"tai50_15_09","50x15","V2",0.05,6.88304420817012
"tai50_15_09","50x15","MOR",0.05,6.87558291363552
"tai50_15_09","50x15","GT",0.05,7.39787353105765
"tai50_15_09","50x15","GP",0.05,6.45028912516322
"tai50_15_09","50x15","MIX",0.05,6.14064540197724
"tai50_15_09","50x15","A0",0.1,5.1147174034695
"tai50_15_09","50x15","V2H",0.1,4.58869613878008
"tai50_15_09","50x15","V2",0.1,4.99533669091588
"tai50_15_09","50x15","MOR",0.1,5.67431449356463
"tai50_15_09","50x15","GT",0.1,5.76385002797985
"tai50_15_09","50x15","GP",0.1,4.55885096064166
"tai50_15_09","50x15","MIX",0.1,4.2492072374557
"tai50_15_09","50x15","A0",0.25,2.62264502891252
"tai50_15_09","50x15","V2H",0.25,1.81309457190822
"tai50_15_09","50x15","V2",0.25,2.38388360380526
"tai50_15_09","50x15","MOR",0.25,3.8239134489834
"tai50_15_09","50x15","GT",0.25,3.71572467823167
"tai50_15_09","50x15","GP",0.25,2.87632904308897
"tai50_15_09","50x15","MIX",0.25,2.18242865137101
"tai50_15_09","50x15","A0",0.5,0.261145308711061
"tai50_15_09","50x15","V2H",0.5,-0.0335758254057113
"tai50_15_09","50x15","V2",0.5,-0.164148479761242
"tai50_15_09","50x15","MOR",0.5,2.35403842566685
"tai50_15_09","50x15","GT",0.5,1.91755269539265
"tai50_15_09","50x15","GP",0.5,1.2609587763477
"tai50_15_09","50x15","MIX",0.5,0.443947024808808
"tai50_15_09","50x15","A0",1,-0.350680843126286
"tai50_15_09","50x15","V2H",1,-0.462600261145312
"tai50_15_09","50x15","V2",1,-0.503637381085618
"tai50_15_09","50x15","MOR",1,1.31691848535722
"tai50_15_09","50x15","GT",1,0.611826151837347
"tai50_15_09","50x15","GP",1,0.272337250512971
"tai50_15_09","50x15","MIX",1,-0.305913075918665
"tai50_15_10","50x15","A0",0.05,6.29737609329447
"tai50_15_10","50x15","V2H",0.05,5.53571428571429
"tai50_15_10","50x15","V2",0.05,5.10568513119533
"tai50_15_10","50x15","MOR",0.05,4.88338192419825
"tai50_15_10","50x15","GT",0.05,5.22959183673469
"tai50_15_10","50x15","GP",0.05,4.54446064139941
"tai50_15_10","50x15","MIX",0.05,4.9234693877551
"tai50_15_10","50x15","A0",0.1,4.15087463556852
"tai50_15_10","50x15","V2H",0.1,3.91763848396501
"tai50_15_10","50x15","V2",0.1,3.60058309037902
"tai50_15_10","50x15","MOR",0.1,3.15597667638484
"tai50_15_10","50x15","GT",0.1,3.89212827988339
"tai50_15_10","50x15","GP",0.1,3.34548104956269
"tai50_15_10","50x15","MIX",0.1,3.25072886297375
"tai50_15_10","50x15","A0",0.25,1.47959183673469
"tai50_15_10","50x15","V2H",0.25,1.72376093294461
"tai50_15_10","50x15","V2",0.25,1.81851311953353
"tai50_15_10","50x15","MOR",0.25,2.09183673469388
"tai50_15_10","50x15","GT",0.25,1.91690962099125
"tai50_15_10","50x15","GP",0.25,1.73833819241982
"tai50_15_10","50x15","MIX",0.25,1.02769679300291
"tai50_15_10","50x15","A0",0.5,0.112973760932941
"tai50_15_10","50x15","V2H",0.5,0.0619533527696727
"tai50_15_10","50x15","V2",0.5,0.287900874635572
"tai50_15_10","50x15","MOR",0.5,1.38483965014577
"tai50_15_10","50x15","GT",0.5,0.736151603498536
"tai50_15_10","50x15","GP",0.5,0.484693877551027
"tai50_15_10","50x15","MIX",0.5,-0.21865889212828
"tai50_15_10","50x15","A0",1,-0.440962099125361
"tai50_15_10","50x15","V2H",1,-0.524781341107875
"tai50_15_10","50x15","V2",1,-0.426384839650139
"tai50_15_10","50x15","MOR",1,0.513848396501454
"tai50_15_10","50x15","GT",1,-0.014577259475222
"tai50_15_10","50x15","GP",1,-0.455539358600583
"tai50_15_10","50x15","MIX",1,-0.543002915451898
"tai50_20_01","50x20","A0",0.05,9.59514170040486
"tai50_20_01","50x20","V2H",0.05,8.46491228070176
"tai50_20_01","50x20","V2",0.05,8.33333333333333
"tai50_20_01","50x20","MOR",0.05,6.59919028340081
"tai50_20_01","50x20","GT",0.05,5.55668016194331
"tai50_20_01","50x20","GP",0.05,6.2753036437247
"tai50_20_01","50x20","MIX",0.05,6.78137651821862
"tai50_20_01","50x20","A0",0.1,7.19635627530365
"tai50_20_01","50x20","V2H",0.1,7.03778677462888
"tai50_20_01","50x20","V2",0.1,7.18623481781376
"tai50_20_01","50x20","MOR",0.1,4.99999999999999
"tai50_20_01","50x20","GT",0.1,4.51417004048584
"tai50_20_01","50x20","GP",0.1,4.74358974358974
"tai50_20_01","50x20","MIX",0.1,5.04048582995952
"tai50_20_01","50x20","A0",0.25,4.19703103913631
"tai50_20_01","50x20","V2H",0.25,4.6693657219973
"tai50_20_01","50x20","V2",0.25,4.92240215924427
"tai50_20_01","50x20","MOR",0.25,3.40418353576249
"tai50_20_01","50x20","GT",0.25,3.13765182186235
"tai50_20_01","50x20","GP",0.25,2.86099865047234
"tai50_20_01","50x20","MIX",0.25,3.26248313090418
"tai50_20_01","50x20","A0",0.5,1.71052631578947
"tai50_20_01","50x20","V2H",0.5,2.54048582995952
"tai50_20_01","50x20","V2",0.5,3.01619433198381
"tai50_20_01","50x20","MOR",0.5,2.18286099865047
"tai50_20_01","50x20","GT",0.5,1.75438596491228
"tai50_20_01","50x20","GP",0.5,1.7004048582996
"tai50_20_01","50x20","MIX",0.5,2.05128205128206
"tai50_20_01","50x20","A0",1,-0.334008097165995
"tai50_20_01","50x20","V2H",1,0.192307692307686
"tai50_20_01","50x20","V2",1,0.492577597840753
"tai50_20_01","50x20","MOR",1,0.961538461538462
"tai50_20_01","50x20","GT",1,0.296896086369777
"tai50_20_01","50x20","GP",1,-0.0506072874493927
"tai50_20_01","50x20","MIX",1,0.124831309041829
"tai50_20_02","50x20","A0",0.05,9.35695538057742
"tai50_20_02","50x20","V2H",0.05,7.56233595800525
"tai50_20_02","50x20","V2",0.05,7.56561679790026
"tai50_20_02","50x20","MOR",0.05,7.50328083989501
"tai50_20_02","50x20","GT",0.05,6.36811023622047
"tai50_20_02","50x20","GP",0.05,5.12139107611548
"tai50_20_02","50x20","MIX",0.05,5.41994750656167
"tai50_20_02","50x20","A0",0.1,6.5748031496063
"tai50_20_02","50x20","V2H",0.1,6.54199475065617
"tai50_20_02","50x20","V2",0.1,6.48950131233596
"tai50_20_02","50x20","MOR",0.1,6.31233595800525
"tai50_20_02","50x20","GT",0.1,4.45538057742783
"tai50_20_02","50x20","GP",0.1,3.57283464566929
"tai50_20_02","50x20","MIX",0.1,3.83202099737533
"tai50_20_02","50x20","A0",0.25,4.01902887139108
"tai50_20_02","50x20","V2H",0.25,4.3241469816273
"tai50_20_02","50x20","V2",0.25,4.21587926509186
"tai50_20_02","50x20","MOR",0.25,4.79330708661417
"tai50_20_02","50x20","GT",0.25,3.01181102362205
"tai50_20_02","50x20","GP",0.25,2.03412073490814
"tai50_20_02","50x20","MIX",0.25,1.7749343832021
"tai50_20_02","50x20","A0",0.5,2.10958005249344
"tai50_20_02","50x20","V2H",0.5,2.16863517060367
"tai50_20_02","50x20","V2",0.5,2.2244094488189
"tai50_20_02","50x20","MOR",0.5,3.7762467191601
"tai50_20_02","50x20","GT",0.5,0.580708661417317
"tai50_20_02","50x20","GP",0.5,0.357611548556433
"tai50_20_02","50x20","MIX",0.5,0.377296587926509
"tai50_20_02","50x20","A0",1,0.190288713910767
"tai50_20_02","50x20","V2H",1,-0.301837270341201
"tai50_20_02","50x20","V2",1,-0.597112860892382
"tai50_20_02","50x20","MOR",1,1.6765091863517
"tai50_20_02","50x20","GT",1,-1.02690288713911
"tai50_20_02","50x20","GP",1,-1.36811023622047
"tai50_20_02","50x20","MIX",1,-1.61089238845144
"tai50_20_03","50x20","A0",0.05,9.06205923836389
"tai50_20_03","50x20","V2H",0.05,7.61283497884344
"tai50_20_03","50x20","V2",0.05,8.21579689703808
"tai50_20_03","50x20","MOR",0.05,6.33991537376587
"tai50_20_03","50x20","GT",0.05,5.84978843441467
"tai50_20_03","50x20","GP",0.05,5.61001410437235
"tai50_20_03","50x20","MIX",0.05,6.20592383638928
"tai50_20_03","50x20","A0",0.1,7.11918194640339
"tai50_20_03","50x20","V2H",0.1,6.80183356840621
"tai50_20_03","50x20","V2",0.1,6.50564174894217
"tai50_20_03","50x20","MOR",0.1,5.08462623413257
"tai50_20_03","50x20","GT",0.1,4.5345557122708
"tai50_20_03","50x20","GP",0.1,4.41819464033851
"tai50_20_03","50x20","MIX",0.1,5.049365303244
"tai50_20_03","50x20","A0",0.25,4.19605077574048
"tai50_20_03","50x20","V2H",0.25,4.97531734837799
"tai50_20_03","50x20","V2",0.25,5.08462623413257
"tai50_20_03","50x20","MOR",0.25,3.83638928067702
"tai50_20_03","50x20","GT",0.25,3.31100141043724
"tai50_20_03","50x20","GP",0.25,3.26163610719323
"tai50_20_03","50x20","MIX",0.25,3.12059238363893
"tai50_20_03","50x20","A0",0.5,2.10155148095909
"tai50_20_03","50x20","V2H",0.5,2.78913963328632
"tai50_20_03","50x20","V2",0.5,3.26163610719323
"tai50_20_03","50x20","MOR",0.5,2.55289139633287
"tai50_20_03","50x20","GT",0.5,2.30606488011284
"tai50_20_03","50x20","GP",0.5,1.50564174894217
"tai50_20_03","50x20","MIX",0.5,1.71720733427362
"tai50_20_03","50x20","A0",1,0.243300423131174
"tai50_20_03","50x20","V2H",1,0.691114245416076
"tai50_20_03","50x20","V2",1,0.444287729196048
"tai50_20_03","50x20","MOR",1,1.68899858956277
"tai50_20_03","50x20","GT",1,0.447813822284902
"tai50_20_03","50x20","GP",1,0.190409026798311
"tai50_20_03","50x20","MIX",1,0.172778561354023
"tai50_20_04","50x20","A0",0.05,9.44783076371459
"tai50_20_04","50x20","V2H",0.05,7.8056651129437
"tai50_20_04","50x20","V2",0.05,7.32162065256364
"tai50_20_04","50x20","MOR",0.05,4.99820724273934
"tai50_20_04","50x20","GT",0.05,6.75152384367157
"tai50_20_04","50x20","GP",0.05,6.40014342058085
"tai50_20_04","50x20","MIX",0.05,6.68339906776623
"tai50_20_04","50x20","A0",0.1,7.23915381857297
"tai50_20_04","50x20","V2H",0.1,6.70849766941556
"tai50_20_04","50x20","V2",0.1,6.03800645392614
"tai50_20_04","50x20","MOR",0.1,4.28468985299391
"tai50_20_04","50x20","GT",0.1,5.49300824668339
"tai50_20_04","50x20","GP",0.1,5.28504840444604
"tai50_20_04","50x20","MIX",0.1,5.55037647902475
"tai50_20_04","50x20","A0",0.25,3.96916457511652
"tai50_20_04","50x20","V2H",0.25,4.04446038006455
"tai50_20_04","50x20","V2",0.25,4.91932592326998
"tai50_20_04","50x20","MOR",0.25,2.70706346360703
"tai50_20_04","50x20","GT",0.25,3.98350663320186
"tai50_20_04","50x20","GP",0.25,4.07314449623521
"tai50_20_04","50x20","MIX",0.25,3.67156686984583
"tai50_20_04","50x20","A0",0.5,1.70670491215489
"tai50_20_04","50x20","V2H",0.5,2.96163499462173
"tai50_20_04","50x20","V2",0.5,2.33058443886698
"tai50_20_04","50x20","MOR",0.5,1.58121190390821
"tai50_20_04","50x20","GT",0.5,2.42380781642165
"tai50_20_04","50x20","GP",0.5,1.85012549300824
"tai50_20_04","50x20","MIX",0.5,2.19074937253496
"tai50_20_04","50x20","A0",1,-0.240229472929359
"tai50_20_04","50x20","V2H",1,0.147006095374683
"tai50_20_04","50x20","V2",1,0.121907493725353
"tai50_20_04","50x20","MOR",1,0.663320186446755
"tai50_20_04","50x20","GT",1,0.946575833632129
"tai50_20_04","50x20","GP",1,-0.157762638938691
"tai50_20_04","50x20","MIX",1,0.114736464682675
"tai50_20_05","50x20","A0",0.05,10.2668089647812
"tai50_20_05","50x20","V2H",0.05,8.98612593383137
"tai50_20_05","50x20","V2",0.05,8.91141942369264
"tai50_20_05","50x20","MOR",0.05,8.40270366417644
"tai50_20_05","50x20","GT",0.05,9.67982924226254
"tai50_20_05","50x20","GP",0.05,9.42369263607258
"tai50_20_05","50x20","MIX",0.05,8.92564923514764
"tai50_20_05","50x20","A0",0.1,8.09320526503024
"tai50_20_05","50x20","V2H",0.1,7.16115261472786
"tai50_20_05","50x20","V2",0.1,7.45642120241907
"tai50_20_05","50x20","MOR",0.1,6.98683742440413
"tai50_20_05","50x20","GT",0.1,8.24973319103522
"tai50_20_05","50x20","GP",0.1,8.08609035930275
"tai50_20_05","50x20","MIX",0.1,7.26431874777659
"tai50_20_05","50x20","A0",0.25,5.6492351476343
"tai50_20_05","50x20","V2H",0.25,5.21522589825685
"tai50_20_05","50x20","V2",0.25,5.08715759516186
"tai50_20_05","50x20","MOR",0.25,4.80611881892565
"tai50_20_05","50x20","GT",0.25,7.07221629313412
"tai50_20_05","50x20","GP",0.25,5.61721807186055
"tai50_20_05","50x20","MIX",0.25,5.20455353966561
"tai50_20_05","50x20","A0",0.5,3.55745286374956
"tai50_20_05","50x20","V2H",0.5,3.1732479544646
"tai50_20_05","50x20","V2",0.5,3.31910352187834
"tai50_20_05","50x20","MOR",0.5,3.64994663820704
"tai50_20_05","50x20","GT",0.5,4.74919957310566
"tai50_20_05","50x20","GP",0.5,4.07328352899324
"tai50_20_05","50x20","MIX",0.5,3.13055852009961
"tai50_20_05","50x20","A0",1,0.907150480256137
"tai50_20_05","50x20","V2H",1,0.939167556029886
"tai50_20_05","50x20","V2",1,0.590537175382423
"tai50_20_05","50x20","MOR",1,1.94948416933476
"tai50_20_05","50x20","GT",1,2.99181785841337
"tai50_20_05","50x20","GP",1,2.42262540021344
"tai50_20_05","50x20","MIX",1,0.647456421202413
"tai50_20_06","50x20","A0",0.05,7.47840812870449
"tai50_20_06","50x20","V2H",0.05,7.03471634208297
"tai50_20_06","50x20","V2",0.05,7.33276883996613
"tai50_20_06","50x20","MOR",0.05,5.08382726502963
"tai50_20_06","50x20","GT",0.05,5.23962743437764
"tai50_20_06","50x20","GP",0.05,5.39204064352243
"tai50_20_06","50x20","MIX",0.05,5.40220152413209
"tai50_20_06","50x20","A0",0.1,5.71718882303134
"tai50_20_06","50x20","V2H",0.1,5.37849280270957
"tai50_20_06","50x20","V2",0.1,5.70364098221846
"tai50_20_06","50x20","MOR",0.1,3.59356477561388
"tai50_20_06","50x20","GT",0.1,4.05419136325148
"tai50_20_06","50x20","GP",0.1,4.23708721422523
"tai50_20_06","50x20","MIX",0.1,4.4233700254022
"tai50_20_06","50x20","A0",0.25,2.58086367485181
"tai50_20_06","50x20","V2H",0.25,3.61727349703642
"tai50_20_06","50x20","V2",0.25,3.90177815410668
"tai50_20_06","50x20","MOR",0.25,2.41490262489416
"tai50_20_06","50x20","GT",0.25,2.39458086367485
"tai50_20_06","50x20","GP",0.25,3.14648602878916
"tai50_20_06","50x20","MIX",0.25,3.24470787468248
"tai50_20_06","50x20","A0",0.5,1.1143099068586
"tai50_20_06","50x20","V2H",0.5,1.5376799322608
"tai50_20_06","50x20","V2",0.5,1.66977138018629
"tai50_20_06","50x20","MOR",0.5,1.45300592718036
"tai50_20_06","50x20","GT",0.5,1.25317527519052
"tai50_20_06","50x20","GP",0.5,1.85266723116003
"tai50_20_06","50x20","MIX",0.5,1.56477561388653
"tai50_20_06","50x20","A0",1,-0.569009314140565
"tai50_20_06","50x20","V2H",1,-0.325148179508888
"tai50_20_06","50x20","V2",1,0.0880609652836548
"tai50_20_06","50x20","MOR",1,0.277730736663838
"tai50_20_06","50x20","GT",1,-0.169348010160881
"tai50_20_06","50x20","GP",1,0.243861134631662
"tai50_20_06","50x20","MIX",1,0.298052497883156
