"inst","algo","arm","frac_ok","conv","clase"
"ft10","ga","A0",1,TRUE,"10x10"
"ft10","ga","V2",1,TRUE,"10x10"
"ft10","ga","MIX",1,TRUE,"10x10"
"ft10","abce3","A0",0.933333333333333,TRUE,"10x10"
"ft10","abce3","GT",1,TRUE,"10x10"
"ft10","abce3","MIX",0.933333333333333,TRUE,"10x10"
"ft10","feabcls","V2",1,TRUE,"10x10"
"ft10","feabcls","GT",0.8,FALSE,"10x10"
"ft10","tsn2","A0",1,TRUE,"10x10"
"ft10","tsn2","V2",1,TRUE,"10x10"
"ft10","tsn2","MIX",0.966666666666667,TRUE,"10x10"
"ft10","tsn2","GT",1,TRUE,"10x10"
"ft10","abce3","GP",1,TRUE,"10x10"
"ft10","abce3","MIXH",1,TRUE,"10x10"
"ft10","feabcls","MOR",0.866666666666667,FALSE,"10x10"
"ft10","feabcls","GP",0.866666666666667,FALSE,"10x10"
"ft10","tsn2","V2H",1,TRUE,"10x10"
"ft10","tsn2","MOR",0.933333333333333,TRUE,"10x10"
"ft10","tsn2","MIXH",1,TRUE,"10x10"
"ft10","tsn2","GP",0.9,TRUE,"10x10"
"ft10","abce3","V2H",0.966666666666667,TRUE,"10x10"
"ft10","ga","V2H",0.966666666666667,TRUE,"10x10"
"ft10","ga","MOR",0.966666666666667,TRUE,"10x10"
"ft10","ga","MIXH",0.9,TRUE,"10x10"
"ft10","abce3","V2",1,TRUE,"10x10"
"ft10","ga","GP",1,TRUE,"10x10"
"ft10","ga","GT",1,TRUE,"10x10"
"ft10","abce3","MOR",0.966666666666667,TRUE,"10x10"
"ft10","feabcls","MIX",0.966666666666667,TRUE,"10x10"
"ft10","feabcls","V2H",1,TRUE,"10x10"
"ft10","feabcls","A0",1,TRUE,"10x10"
"ft10","feabcls","MIXH",1,TRUE,"10x10"
"tai15_15_01","tsn2","GP",1,TRUE,"15x15"
"tai15_15_01","abce3","GT",0.6,FALSE,"15x15"
"tai15_15_01","tsn2","V2",0.933333333333333,TRUE,"15x15"
"tai15_15_01","feabcls","V2",1,TRUE,"15x15"
"tai15_15_01","abce3","GP",0.633333333333333,FALSE,"15x15"
"tai15_15_01","tsn2","A0",0.966666666666667,TRUE,"15x15"
"tai15_15_01","tsn2","GT",0.766666666666667,FALSE,"15x15"
"tai15_15_01","ga","MIXH",0.966666666666667,TRUE,"15x15"
"tai15_15_01","ga","MOR",0.933333333333333,TRUE,"15x15"
"tai15_15_01","ga","GP",0.866666666666667,FALSE,"15x15"
"tai15_15_01","ga","A0",1,TRUE,"15x15"
"tai15_15_01","feabcls","MOR",0.733333333333333,FALSE,"15x15"
"tai15_15_01","ga","MIX",0.966666666666667,TRUE,"15x15"
"tai15_15_01","tsn2","V2H",1,TRUE,"15x15"
"tai15_15_01","tsn2","MIXH",0.966666666666667,TRUE,"15x15"
"tai15_15_01","tsn2","MOR",0.966666666666667,TRUE,"15x15"
"tai15_15_01","abce3","V2",0.7,FALSE,"15x15"
"tai15_15_01","abce3","MIX",0.533333333333333,FALSE,"15x15"
"tai15_15_01","ga","V2H",1,TRUE,"15x15"
"tai15_15_01","tsn2","MIX",1,TRUE,"15x15"
"tai15_15_01","feabcls","MIX",0.9,TRUE,"15x15"
"tai15_15_01","abce3","MIXH",0.7,FALSE,"15x15"
"tai15_15_01","ga","V2",0.966666666666667,TRUE,"15x15"
"tai15_15_01","abce3","V2H",0.633333333333333,FALSE,"15x15"
"tai15_15_01","abce3","MOR",0.5,FALSE,"15x15"
"tai15_15_01","feabcls","MIXH",0.966666666666667,TRUE,"15x15"
"tai15_15_01","ga","GT",0.966666666666667,TRUE,"15x15"
"tai15_15_01","abce3","A0",0.666666666666667,FALSE,"15x15"
"tai15_15_01","feabcls","A0",1,TRUE,"15x15"
"tai15_15_01","feabcls","GT",0.9,TRUE,"15x15"
"tai15_15_01","feabcls","V2H",1,TRUE,"15x15"
"tai15_15_01","feabcls","GP",0.966666666666667,TRUE,"15x15"
"tai15_15_02","feabcls","MIX",1,TRUE,"15x15"
"tai15_15_02","tsn2","A0",0.9,TRUE,"15x15"
"tai15_15_02","feabcls","MIXH",0.966666666666667,TRUE,"15x15"
"tai15_15_02","tsn2","V2H",0.933333333333333,TRUE,"15x15"
"tai15_15_02","tsn2","V2",1,TRUE,"15x15"
"tai15_15_02","tsn2","GT",0.966666666666667,TRUE,"15x15"
"tai15_15_02","ga","MOR",0.966666666666667,TRUE,"15x15"
"tai15_15_02","feabcls","GT",0.933333333333333,TRUE,"15x15"
"tai15_15_02","feabcls","A0",0.933333333333333,TRUE,"15x15"
"tai15_15_02","ga","V2H",0.933333333333333,TRUE,"15x15"
"tai15_15_02","tsn2","MOR",0.933333333333333,TRUE,"15x15"
"tai15_15_02","feabcls","GP",0.933333333333333,TRUE,"15x15"
"tai15_15_02","ga","MIX",1,TRUE,"15x15"
"tai15_15_02","abce3","A0",0.766666666666667,FALSE,"15x15"
"tai15_15_02","abce3","GT",0.6,FALSE,"15x15"
"tai15_15_02","tsn2","MIX",0.933333333333333,TRUE,"15x15"
"tai15_15_02","feabcls","V2",0.9,TRUE,"15x15"
"tai15_15_02","abce3","V2H",0.533333333333333,FALSE,"15x15"
"tai15_15_02","tsn2","GP",0.966666666666667,TRUE,"15x15"
"tai15_15_02","tsn2","MIXH",0.966666666666667,TRUE,"15x15"
"tai15_15_02","ga","MIXH",0.966666666666667,TRUE,"15x15"
"tai15_15_02","feabcls","V2H",0.866666666666667,FALSE,"15x15"
"tai15_15_02","abce3","MOR",0.566666666666667,FALSE,"15x15"
"tai15_15_02","ga","GT",0.866666666666667,FALSE,"15x15"
"tai15_15_02","ga","V2",0.933333333333333,TRUE,"15x15"
"tai15_15_02","abce3","V2",0.7,FALSE,"15x15"
"tai15_15_02","abce3","GP",0.8,FALSE,"15x15"
"tai15_15_02","abce3","MIX",0.533333333333333,FALSE,"15x15"
"tai15_15_02","feabcls","MOR",0.933333333333333,TRUE,"15x15"
"tai15_15_02","ga","A0",0.966666666666667,TRUE,"15x15"
"tai15_15_02","abce3","MIXH",0.866666666666667,FALSE,"15x15"
"tai15_15_02","ga","GP",0.966666666666667,TRUE,"15x15"
"tai15_15_03","feabcls","GT",0.9,TRUE,"15x15"
"tai15_15_03","feabcls","GP",1,TRUE,"15x15"
"tai15_15_03","abce3","MIX",0.633333333333333,FALSE,"15x15"
"tai15_15_03","tsn2","A0",0.9,TRUE,"15x15"
"tai15_15_03","feabcls","A0",0.933333333333333,TRUE,"15x15"
"tai15_15_03","feabcls","MIX",1,TRUE,"15x15"
"tai15_15_03","ga","V2H",0.866666666666667,FALSE,"15x15"
"tai15_15_03","feabcls","V2H",0.9,TRUE,"15x15"
"tai15_15_03","abce3","V2",0.666666666666667,FALSE,"15x15"
"tai15_15_03","ga","MIX",0.966666666666667,TRUE,"15x15"
"tai15_15_03","feabcls","MIXH",1,TRUE,"15x15"
"tai15_15_03","tsn2","V2",0.866666666666667,FALSE,"15x15"
"tai15_15_03","abce3","MIXH",0.8,FALSE,"15x15"
"tai15_15_03","abce3","MOR",0.666666666666667,FALSE,"15x15"
"tai15_15_03","tsn2","GT",0.866666666666667,FALSE,"15x15"
"tai15_15_03","tsn2","V2H",0.933333333333333,TRUE,"15x15"
"tai15_15_03","feabcls","V2",0.833333333333333,FALSE,"15x15"
"tai15_15_03","tsn2","MIX",0.9,TRUE,"15x15"
"tai15_15_03","ga","MIXH",1,TRUE,"15x15"
"tai15_15_03","ga","V2",0.9,TRUE,"15x15"
"tai15_15_03","feabcls","MOR",0.8,FALSE,"15x15"
"tai15_15_03","ga","A0",1,TRUE,"15x15"
"tai15_15_03","abce3","A0",0.633333333333333,FALSE,"15x15"
"tai15_15_03","tsn2","GP",1,TRUE,"15x15"
"tai15_15_03","abce3","GT",0.8,FALSE,"15x15"
"tai15_15_03","ga","GT",0.833333333333333,FALSE,"15x15"
"tai15_15_03","tsn2","MIXH",1,TRUE,"15x15"
"tai15_15_03","abce3","V2H",0.7,FALSE,"15x15"
"tai15_15_03","tsn2","MOR",1,TRUE,"15x15"
"tai15_15_03","abce3","GP",0.766666666666667,FALSE,"15x15"
"tai15_15_03","ga","GP",1,TRUE,"15x15"
"tai15_15_03","ga","MOR",0.833333333333333,FALSE,"15x15"
"tai15_15_04","abce3","V2",0.7,FALSE,"15x15"
"tai15_15_04","feabcls","A0",0.9,TRUE,"15x15"
"tai15_15_04","abce3","MIX",0.8,FALSE,"15x15"
"tai15_15_04","abce3","GT",0.733333333333333,FALSE,"15x15"
"tai15_15_04","abce3","A0",0.766666666666667,FALSE,"15x15"
"tai15_15_04","feabcls","V2",0.9,TRUE,"15x15"
"tai15_15_04","feabcls","V2H",0.933333333333333,TRUE,"15x15"
"tai15_15_04","abce3","MIXH",0.733333333333333,FALSE,"15x15"
"tai15_15_04","abce3","MOR",0.566666666666667,FALSE,"15x15"
"tai15_15_04","ga","GT",0.833333333333333,FALSE,"15x15"
"tai15_15_04","feabcls","GT",1,TRUE,"15x15"
"tai15_15_04","tsn2","A0",1,TRUE,"15x15"
"tai15_15_04","tsn2","V2",0.866666666666667,FALSE,"15x15"
"tai15_15_04","ga","MIX",0.933333333333333,TRUE,"15x15"
"tai15_15_04","feabcls","MOR",0.8,FALSE,"15x15"
"tai15_15_04","feabcls","GP",1,TRUE,"15x15"
"tai15_15_04","abce3","GP",0.9,TRUE,"15x15"
"tai15_15_04","abce3","V2H",0.733333333333333,FALSE,"15x15"
"tai15_15_04","ga","GP",0.966666666666667,TRUE,"15x15"
"tai15_15_04","feabcls","MIX",0.9,TRUE,"15x15"
"tai15_15_04","tsn2","GT",0.966666666666667,TRUE,"15x15"
"tai15_15_04","tsn2","MIX",1,TRUE,"15x15"
"tai15_15_04","ga","MIXH",1,TRUE,"15x15"
"tai15_15_04","ga","MOR",0.9,TRUE,"15x15"
"tai15_15_04","tsn2","V2H",0.933333333333333,TRUE,"15x15"
"tai15_15_04","tsn2","MOR",0.933333333333333,TRUE,"15x15"
"tai15_15_04","ga","V2",0.966666666666667,TRUE,"15x15"
"tai15_15_04","feabcls","MIXH",0.966666666666667,TRUE,"15x15"
"tai15_15_04","ga","A0",0.9,TRUE,"15x15"
"tai15_15_04","tsn2","MIXH",1,TRUE,"15x15"
"tai15_15_04","tsn2","GP",0.966666666666667,TRUE,"15x15"
"tai15_15_04","ga","V2H",0.9,TRUE,"15x15"
"tai15_15_05","abce3","A0",0.7,FALSE,"15x15"
"tai15_15_05","abce3","V2",0.733333333333333,FALSE,"15x15"
"tai15_15_05","ga","GT",0.866666666666667,FALSE,"15x15"
"tai15_15_05","abce3","MIXH",0.733333333333333,FALSE,"15x15"
"tai15_15_05","abce3","V2H",0.833333333333333,FALSE,"15x15"
"tai15_15_05","ga","V2",0.933333333333333,TRUE,"15x15"
"tai15_15_05","abce3","MIX",0.8,FALSE,"15x15"
"tai15_15_05","feabcls","V2",0.966666666666667,TRUE,"15x15"
"tai15_15_05","abce3","GT",0.6,FALSE,"15x15"
"tai15_15_05","ga","MIX",0.9,TRUE,"15x15"
"tai15_15_05","feabcls","A0",0.966666666666667,TRUE,"15x15"
"tai15_15_05","feabcls","V2H",1,TRUE,"15x15"
"tai15_15_05","abce3","MOR",0.4,FALSE,"15x15"
"tai15_15_05","ga","GP",1,TRUE,"15x15"
"tai15_15_05","ga","MOR",1,TRUE,"15x15"
"tai15_15_05","feabcls","MIX",0.933333333333333,TRUE,"15x15"
"tai15_15_05","feabcls","GT",0.966666666666667,TRUE,"15x15"
"tai15_15_05","tsn2","A0",0.933333333333333,TRUE,"15x15"
"tai15_15_05","tsn2","MIX",1,TRUE,"15x15"
"tai15_15_05","tsn2","MIXH",0.966666666666667,TRUE,"15x15"
"tai15_15_05","feabcls","MOR",0.833333333333333,FALSE,"15x15"
"tai15_15_05","abce3","GP",0.933333333333333,TRUE,"15x15"
"tai15_15_05","ga","MIXH",1,TRUE,"15x15"
"tai15_15_05","ga","A0",1,TRUE,"15x15"
"tai15_15_05","feabcls","MIXH",0.9,TRUE,"15x15"
"tai15_15_05","tsn2","GT",0.966666666666667,TRUE,"15x15"
"tai15_15_05","tsn2","V2",0.966666666666667,TRUE,"15x15"
"tai15_15_05","tsn2","MOR",0.966666666666667,TRUE,"15x15"
"tai15_15_05","ga","V2H",0.933333333333333,TRUE,"15x15"
"tai15_15_05","feabcls","GP",1,TRUE,"15x15"
"tai15_15_05","tsn2","V2H",0.933333333333333,TRUE,"15x15"
"tai15_15_05","tsn2","GP",1,TRUE,"15x15"
"tai15_15_06","abce3","A0",0.533333333333333,FALSE,"15x15"
"tai15_15_06","ga","V2",1,TRUE,"15x15"
"tai15_15_06","abce3","V2",0.733333333333333,FALSE,"15x15"
"tai15_15_06","abce3","MIX",0.8,FALSE,"15x15"
"tai15_15_06","abce3","V2H",0.8,FALSE,"15x15"
"tai15_15_06","ga","A0",0.966666666666667,TRUE,"15x15"
"tai15_15_06","abce3","GT",0.766666666666667,FALSE,"15x15"
"tai15_15_06","abce3","GP",0.933333333333333,TRUE,"15x15"
"tai15_15_06","ga","MIX",0.9,TRUE,"15x15"
"tai15_15_06","ga","MOR",1,TRUE,"15x15"
"tai15_15_06","ga","GT",0.833333333333333,FALSE,"15x15"
"tai15_15_06","feabcls","A0",0.966666666666667,TRUE,"15x15"
"tai15_15_06","abce3","MIXH",0.833333333333333,FALSE,"15x15"
"tai15_15_06","feabcls","GT",0.933333333333333,TRUE,"15x15"
"tai15_15_06","abce3","MOR",0.533333333333333,FALSE,"15x15"
"tai15_15_06","ga","GP",0.966666666666667,TRUE,"15x15"
"tai15_15_06","feabcls","V2",0.966666666666667,TRUE,"15x15"
"tai15_15_06","ga","MIXH",0.933333333333333,TRUE,"15x15"
"tai15_15_06","tsn2","V2",1,TRUE,"15x15"
"tai15_15_06","tsn2","MIX",0.933333333333333,TRUE,"15x15"
"tai15_15_06","feabcls","V2H",0.866666666666667,FALSE,"15x15"
"tai15_15_06","feabcls","MIX",0.933333333333333,TRUE,"15x15"
"tai15_15_06","ga","V2H",0.866666666666667,FALSE,"15x15"
"tai15_15_06","tsn2","MOR",0.866666666666667,FALSE,"15x15"
"tai15_15_06","tsn2","MIXH",0.933333333333333,TRUE,"15x15"
"tai15_15_06","feabcls","MOR",0.966666666666667,TRUE,"15x15"
"tai15_15_06","tsn2","A0",0.966666666666667,TRUE,"15x15"
"tai15_15_06","tsn2","GT",0.9,TRUE,"15x15"
"tai15_15_06","tsn2","GP",0.933333333333333,TRUE,"15x15"
"tai15_15_06","feabcls","GP",0.933333333333333,TRUE,"15x15"
"tai15_15_06","tsn2","V2H",0.9,TRUE,"15x15"
"tai15_15_06","feabcls","MIXH",0.9,TRUE,"15x15"
"tai15_15_07","abce3","A0",0.5,FALSE,"15x15"
"tai15_15_07","abce3","GT",0.4,FALSE,"15x15"
"tai15_15_07","ga","MIX",0.966666666666667,TRUE,"15x15"
"tai15_15_07","abce3","V2",0.733333333333333,FALSE,"15x15"
"tai15_15_07","abce3","MOR",0.566666666666667,FALSE,"15x15"
"tai15_15_07","abce3","GP",0.666666666666667,FALSE,"15x15"
"tai15_15_07","ga","GT",1,TRUE,"15x15"
"tai15_15_07","abce3","MIX",0.766666666666667,FALSE,"15x15"
"tai15_15_07","feabcls","GT",1,TRUE,"15x15"
"tai15_15_07","tsn2","A0",1,TRUE,"15x15"
"tai15_15_07","abce3","V2H",0.8,FALSE,"15x15"
"tai15_15_07","ga","V2",1,TRUE,"15x15"
"tai15_15_07","abce3","MIXH",0.766666666666667,FALSE,"15x15"
"tai15_15_07","feabcls","GP",0.933333333333333,TRUE,"15x15"
"tai15_15_07","feabcls","V2",0.933333333333333,TRUE,"15x15"
"tai15_15_07","ga","GP",0.933333333333333,TRUE,"15x15"
"tai15_15_07","feabcls","A0",0.966666666666667,TRUE,"15x15"
"tai15_15_07","feabcls","MIX",1,TRUE,"15x15"
"tai15_15_07","ga","MIXH",0.933333333333333,TRUE,"15x15"
"tai15_15_07","ga","A0",0.9,TRUE,"15x15"
"tai15_15_07","ga","MOR",1,TRUE,"15x15"
"tai15_15_07","feabcls","V2H",0.966666666666667,TRUE,"15x15"
"tai15_15_07","tsn2","GT",0.966666666666667,TRUE,"15x15"
"tai15_15_07","feabcls","MOR",1,TRUE,"15x15"
"tai15_15_07","tsn2","V2",0.966666666666667,TRUE,"15x15"
"tai15_15_07","tsn2","MOR",0.966666666666667,TRUE,"15x15"
"tai15_15_07","tsn2","V2H",1,TRUE,"15x15"
"tai15_15_07","tsn2","MIX",0.933333333333333,TRUE,"15x15"
"tai15_15_07","ga","V2H",0.933333333333333,TRUE,"15x15"
"tai15_15_07","feabcls","MIXH",0.966666666666667,TRUE,"15x15"
"tai15_15_07","tsn2","GP",0.933333333333333,TRUE,"15x15"
"tai15_15_07","tsn2","MIXH",0.966666666666667,TRUE,"15x15"
"tai15_15_08","ga","MIX",1,TRUE,"15x15"
"tai15_15_08","feabcls","A0",0.966666666666667,TRUE,"15x15"
"tai15_15_08","abce3","A0",0.6,FALSE,"15x15"
"tai15_15_08","abce3","V2",0.633333333333333,FALSE,"15x15"
"tai15_15_08","abce3","GT",0.633333333333333,FALSE,"15x15"
"tai15_15_08","abce3","GP",0.833333333333333,FALSE,"15x15"
"tai15_15_08","ga","MIXH",0.9,TRUE,"15x15"
"tai15_15_08","ga","V2",0.933333333333333,TRUE,"15x15"
"tai15_15_08","abce3","MOR",0.733333333333333,FALSE,"15x15"
"tai15_15_08","tsn2","A0",0.966666666666667,TRUE,"15x15"
"tai15_15_08","feabcls","V2",0.966666666666667,TRUE,"15x15"
"tai15_15_08","ga","A0",0.833333333333333,FALSE,"15x15"
"tai15_15_08","feabcls","MIX",0.966666666666667,TRUE,"15x15"
"tai15_15_08","ga","GT",0.866666666666667,FALSE,"15x15"
"tai15_15_08","feabcls","V2H",1,TRUE,"15x15"
"tai15_15_08","abce3","V2H",0.7,FALSE,"15x15"
"tai15_15_08","ga","MOR",0.9,TRUE,"15x15"
"tai15_15_08","feabcls","MIXH",0.966666666666667,TRUE,"15x15"
"tai15_15_08","tsn2","V2",0.933333333333333,TRUE,"15x15"
"tai15_15_08","feabcls","GT",0.966666666666667,TRUE,"15x15"
"tai15_15_08","abce3","MIX",0.433333333333333,FALSE,"15x15"
"tai15_15_08","ga","GP",1,TRUE,"15x15"
"tai15_15_08","tsn2","V2H",0.9,TRUE,"15x15"
"tai15_15_08","feabcls","MOR",0.933333333333333,TRUE,"15x15"
"tai15_15_08","ga","V2H",1,TRUE,"15x15"
"tai15_15_08","abce3","MIXH",0.633333333333333,FALSE,"15x15"
"tai15_15_08","tsn2","GT",1,TRUE,"15x15"
"tai15_15_08","tsn2","MIX",0.9,TRUE,"15x15"
"tai15_15_08","feabcls","GP",0.933333333333333,TRUE,"15x15"
"tai15_15_08","tsn2","GP",1,TRUE,"15x15"
"tai15_15_08","tsn2","MOR",1,TRUE,"15x15"
"tai15_15_08","tsn2","MIXH",0.933333333333333,TRUE,"15x15"
"tai15_15_09","feabcls","A0",1,TRUE,"15x15"
"tai15_15_09","abce3","MOR",0.6,FALSE,"15x15"
"tai15_15_09","abce3","A0",0.7,FALSE,"15x15"
"tai15_15_09","ga","GT",0.933333333333333,TRUE,"15x15"
"tai15_15_09","abce3","V2",0.966666666666667,TRUE,"15x15"
"tai15_15_09","feabcls","MIX",0.966666666666667,TRUE,"15x15"
"tai15_15_09","feabcls","V2",0.966666666666667,TRUE,"15x15"
"tai15_15_09","abce3","GT",0.833333333333333,FALSE,"15x15"
"tai15_15_09","ga","MOR",0.866666666666667,FALSE,"15x15"
"tai15_15_09","ga","V2",1,TRUE,"15x15"
"tai15_15_09","feabcls","V2H",0.966666666666667,TRUE,"15x15"
"tai15_15_09","abce3","V2H",0.766666666666667,FALSE,"15x15"
"tai15_15_09","ga","MIX",0.966666666666667,TRUE,"15x15"
"tai15_15_09","tsn2","GT",0.966666666666667,TRUE,"15x15"
"tai15_15_09","tsn2","A0",0.933333333333333,TRUE,"15x15"
"tai15_15_09","feabcls","GT",0.9,TRUE,"15x15"
"tai15_15_09","ga","GP",0.9,TRUE,"15x15"
"tai15_15_09","ga","A0",0.933333333333333,TRUE,"15x15"
"tai15_15_09","feabcls","MIXH",0.966666666666667,TRUE,"15x15"
"tai15_15_09","feabcls","MOR",0.8,FALSE,"15x15"
"tai15_15_09","abce3","MIX",0.833333333333333,FALSE,"15x15"
"tai15_15_09","tsn2","GP",0.966666666666667,TRUE,"15x15"
"tai15_15_09","tsn2","MIX",0.8,FALSE,"15x15"
"tai15_15_09","tsn2","V2",0.9,TRUE,"15x15"
"tai15_15_09","abce3","GP",0.733333333333333,FALSE,"15x15"
"tai15_15_09","ga","MIXH",1,TRUE,"15x15"
"tai15_15_09","tsn2","MIXH",0.933333333333333,TRUE,"15x15"
"tai15_15_09","tsn2","V2H",0.9,TRUE,"15x15"
"tai15_15_09","feabcls","GP",0.966666666666667,TRUE,"15x15"
"tai15_15_09","abce3","MIXH",0.7,FALSE,"15x15"
"tai15_15_09","ga","V2H",1,TRUE,"15x15"
"tai15_15_09","tsn2","MOR",0.966666666666667,TRUE,"15x15"
"tai15_15_10","ga","GT",0.966666666666667,TRUE,"15x15"
"tai15_15_10","feabcls","MIX",0.966666666666667,TRUE,"15x15"
"tai15_15_10","abce3","V2",0.766666666666667,FALSE,"15x15"
"tai15_15_10","abce3","GT",0.633333333333333,FALSE,"15x15"
"tai15_15_10","ga","V2H",0.966666666666667,TRUE,"15x15"
"tai15_15_10","ga","A0",0.966666666666667,TRUE,"15x15"
"tai15_15_10","feabcls","A0",1,TRUE,"15x15"
"tai15_15_10","abce3","MOR",0.6,FALSE,"15x15"
"tai15_15_10","ga","MIX",0.966666666666667,TRUE,"15x15"
"tai15_15_10","ga","MOR",0.9,TRUE,"15x15"
"tai15_15_10","tsn2","A0",0.9,TRUE,"15x15"
"tai15_15_10","feabcls","V2",0.966666666666667,TRUE,"15x15"
"tai15_15_10","ga","GP",0.833333333333333,FALSE,"15x15"
"tai15_15_10","abce3","A0",0.733333333333333,FALSE,"15x15"
"tai15_15_10","ga","V2",0.966666666666667,TRUE,"15x15"
"tai15_15_10","feabcls","V2H",1,TRUE,"15x15"
"tai15_15_10","abce3","MIX",0.7,FALSE,"15x15"
"tai15_15_10","tsn2","GP",1,TRUE,"15x15"
"tai15_15_10","feabcls","MIXH",1,TRUE,"15x15"
"tai15_15_10","tsn2","V2",0.866666666666667,FALSE,"15x15"
"tai15_15_10","abce3","GP",0.6,FALSE,"15x15"
"tai15_15_10","ga","MIXH",0.933333333333333,TRUE,"15x15"
"tai15_15_10","tsn2","GT",0.9,TRUE,"15x15"
"tai15_15_10","tsn2","V2H",1,TRUE,"15x15"
"tai15_15_10","feabcls","GT",0.933333333333333,TRUE,"15x15"
"tai15_15_10","abce3","MIXH",0.733333333333333,FALSE,"15x15"
"tai15_15_10","tsn2","MIXH",0.966666666666667,TRUE,"15x15"
"tai15_15_10","tsn2","MIX",0.966666666666667,TRUE,"15x15"
"tai15_15_10","feabcls","MOR",0.933333333333333,TRUE,"15x15"
"tai15_15_10","feabcls","GP",0.9,TRUE,"15x15"
"tai15_15_10","abce3","V2H",0.733333333333333,FALSE,"15x15"
"tai15_15_10","tsn2","MOR",0.966666666666667,TRUE,"15x15"
"tai20_20_01","ga","GT",0.7,FALSE,"20x20"
"tai20_20_01","feabcls","MIX",0.866666666666667,FALSE,"20x20"
"tai20_20_01","feabcls","A0",0.866666666666667,FALSE,"20x20"
"tai20_20_01","abce3","V2",1,TRUE,"20x20"
"tai20_20_01","ga","MIX",0.733333333333333,FALSE,"20x20"
"tai20_20_01","ga","A0",0.866666666666667,FALSE,"20x20"
"tai20_20_01","tsn2","A0",1,TRUE,"20x20"
"tai20_20_01","feabcls","V2",0.9,TRUE,"20x20"
"tai20_20_01","ga","GP",0.766666666666667,FALSE,"20x20"
"tai20_20_01","ga","V2H",0.8,FALSE,"20x20"
"tai20_20_01","ga","V2",0.833333333333333,FALSE,"20x20"
"tai20_20_01","feabcls","V2H",0.8,FALSE,"20x20"
"tai20_20_01","abce3","GT",1,TRUE,"20x20"
"tai20_20_01","abce3","A0",1,TRUE,"20x20"
"tai20_20_01","feabcls","MIXH",1,TRUE,"20x20"
"tai20_20_01","tsn2","V2",0.966666666666667,TRUE,"20x20"
"tai20_20_01","abce3","MOR",1,TRUE,"20x20"
"tai20_20_01","ga","MIXH",0.9,TRUE,"20x20"
"tai20_20_01","ga","MOR",0.766666666666667,FALSE,"20x20"
"tai20_20_01","tsn2","V2H",1,TRUE,"20x20"
"tai20_20_01","feabcls","GT",0.766666666666667,FALSE,"20x20"
"tai20_20_01","abce3","MIX",1,TRUE,"20x20"
"tai20_20_01","tsn2","GP",0.966666666666667,TRUE,"20x20"
"tai20_20_01","tsn2","GT",1,TRUE,"20x20"
"tai20_20_01","feabcls","MOR",0.733333333333333,FALSE,"20x20"
"tai20_20_01","abce3","GP",1,TRUE,"20x20"
"tai20_20_01","abce3","V2H",1,TRUE,"20x20"
"tai20_20_01","tsn2","MIXH",1,TRUE,"20x20"
"tai20_20_01","tsn2","MOR",0.833333333333333,FALSE,"20x20"
"tai20_20_01","feabcls","GP",0.8,FALSE,"20x20"
"tai20_20_01","abce3","MIXH",1,TRUE,"20x20"
"tai20_20_01","tsn2","MIX",1,TRUE,"20x20"
"tai20_20_02","ga","A0",0.866666666666667,FALSE,"20x20"
"tai20_20_02","ga","V2",0.8,FALSE,"20x20"
"tai20_20_02","feabcls","A0",0.833333333333333,FALSE,"20x20"
"tai20_20_02","abce3","V2",1,TRUE,"20x20"
"tai20_20_02","ga","GT",0.9,TRUE,"20x20"
"tai20_20_02","ga","MOR",0.9,TRUE,"20x20"
"tai20_20_02","feabcls","MIX",0.933333333333333,TRUE,"20x20"
"tai20_20_02","feabcls","V2",0.833333333333333,FALSE,"20x20"
"tai20_20_02","ga","V2H",0.866666666666667,FALSE,"20x20"
"tai20_20_02","ga","MIX",0.833333333333333,FALSE,"20x20"
"tai20_20_02","tsn2","GT",0.933333333333333,TRUE,"20x20"
"tai20_20_02","feabcls","V2H",0.9,TRUE,"20x20"
"tai20_20_02","abce3","GT",1,TRUE,"20x20"
"tai20_20_02","ga","GP",0.966666666666667,TRUE,"20x20"
"tai20_20_02","abce3","A0",1,TRUE,"20x20"
"tai20_20_02","tsn2","A0",1,TRUE,"20x20"
"tai20_20_02","feabcls","GT",0.833333333333333,FALSE,"20x20"
"tai20_20_02","abce3","MIX",1,TRUE,"20x20"
"tai20_20_02","tsn2","GP",0.966666666666667,TRUE,"20x20"
"tai20_20_02","feabcls","MIXH",0.933333333333333,TRUE,"20x20"
"tai20_20_02","feabcls","MOR",0.833333333333333,FALSE,"20x20"
"tai20_20_02","abce3","MOR",1,TRUE,"20x20"
"tai20_20_02","ga","MIXH",0.9,TRUE,"20x20"
"tai20_20_02","tsn2","MIX",1,TRUE,"20x20"
"tai20_20_02","tsn2","V2",1,TRUE,"20x20"
"tai20_20_02","feabcls","GP",0.933333333333333,TRUE,"20x20"
"tai20_20_02","abce3","GP",1,TRUE,"20x20"
"tai20_20_02","tsn2","MIXH",1,TRUE,"20x20"
"tai20_20_02","tsn2","V2H",0.966666666666667,TRUE,"20x20"
"tai20_20_02","tsn2","MOR",0.966666666666667,TRUE,"20x20"
"tai20_20_02","abce3","V2H",1,TRUE,"20x20"
"tai20_20_02","abce3","MIXH",1,TRUE,"20x20"
"tai20_20_03","ga","GT",0.933333333333333,TRUE,"20x20"
"tai20_20_03","ga","A0",0.833333333333333,FALSE,"20x20"
"tai20_20_03","tsn2","GT",0.966666666666667,TRUE,"20x20"
"tai20_20_03","feabcls","MIX",0.866666666666667,FALSE,"20x20"
"tai20_20_03","abce3","GT",1,TRUE,"20x20"
"tai20_20_03","ga","V2",0.666666666666667,FALSE,"20x20"
"tai20_20_03","tsn2","MIX",0.9,TRUE,"20x20"
"tai20_20_03","abce3","V2",1,TRUE,"20x20"
"tai20_20_03","ga","GP",0.933333333333333,TRUE,"20x20"
"tai20_20_03","ga","V2H",0.8,FALSE,"20x20"
"tai20_20_03","ga","MIX",0.733333333333333,FALSE,"20x20"
"tai20_20_03","feabcls","A0",0.833333333333333,FALSE,"20x20"
"tai20_20_03","feabcls","V2",0.9,TRUE,"20x20"
"tai20_20_03","abce3","MIX",1,TRUE,"20x20"
"tai20_20_03","tsn2","GP",1,TRUE,"20x20"
"tai20_20_03","tsn2","A0",1,TRUE,"20x20"
"tai20_20_03","feabcls","V2H",0.8,FALSE,"20x20"
"tai20_20_03","abce3","MOR",1,TRUE,"20x20"
"tai20_20_03","ga","MOR",0.866666666666667,FALSE,"20x20"
"tai20_20_03","abce3","A0",1,TRUE,"20x20"
"tai20_20_03","tsn2","V2",0.966666666666667,TRUE,"20x20"
"tai20_20_03","feabcls","GT",0.9,TRUE,"20x20"
"tai20_20_03","abce3","GP",1,TRUE,"20x20"
"tai20_20_03","tsn2","MIXH",1,TRUE,"20x20"
"tai20_20_03","feabcls","MIXH",0.766666666666667,FALSE,"20x20"
"tai20_20_03","feabcls","MOR",0.833333333333333,FALSE,"20x20"
"tai20_20_03","feabcls","GP",0.8,FALSE,"20x20"
"tai20_20_03","ga","MIXH",0.9,TRUE,"20x20"
"tai20_20_03","abce3","V2H",1,TRUE,"20x20"
"tai20_20_03","tsn2","V2H",0.933333333333333,TRUE,"20x20"
"tai20_20_03","tsn2","MOR",0.966666666666667,TRUE,"20x20"
"tai20_20_03","abce3","MIXH",1,TRUE,"20x20"
"tai20_20_04","ga","V2",0.7,FALSE,"20x20"
"tai20_20_04","ga","A0",0.766666666666667,FALSE,"20x20"
"tai20_20_04","ga","GT",0.833333333333333,FALSE,"20x20"
"tai20_20_04","ga","MIX",0.766666666666667,FALSE,"20x20"
"tai20_20_04","abce3","V2",1,TRUE,"20x20"
"tai20_20_04","abce3","A0",1,TRUE,"20x20"
"tai20_20_04","feabcls","MIX",0.933333333333333,TRUE,"20x20"
"tai20_20_04","ga","V2H",0.866666666666667,FALSE,"20x20"
"tai20_20_04","ga","GP",0.866666666666667,FALSE,"20x20"
"tai20_20_04","ga","MOR",0.966666666666667,TRUE,"20x20"
"tai20_20_04","tsn2","GT",0.866666666666667,FALSE,"20x20"
"tai20_20_04","tsn2","A0",0.966666666666667,TRUE,"20x20"
"tai20_20_04","feabcls","A0",0.933333333333333,TRUE,"20x20"
"tai20_20_04","abce3","GT",1,TRUE,"20x20"
"tai20_20_04","abce3","V2H",1,TRUE,"20x20"
"tai20_20_04","tsn2","MIX",0.933333333333333,TRUE,"20x20"
"tai20_20_04","tsn2","V2",1,TRUE,"20x20"
"tai20_20_04","ga","MIXH",0.833333333333333,FALSE,"20x20"
"tai20_20_04","abce3","MIX",1,TRUE,"20x20"
"tai20_20_04","tsn2","GP",0.933333333333333,TRUE,"20x20"
"tai20_20_04","feabcls","MIXH",0.833333333333333,FALSE,"20x20"
"tai20_20_04","feabcls","V2",0.7,FALSE,"20x20"
"tai20_20_04","abce3","MOR",1,TRUE,"20x20"
"tai20_20_04","abce3","GP",1,TRUE,"20x20"
"tai20_20_04","tsn2","MIXH",0.933333333333333,TRUE,"20x20"
"tai20_20_04","feabcls","V2H",0.9,TRUE,"20x20"
"tai20_20_04","feabcls","GT",0.9,TRUE,"20x20"
"tai20_20_04","feabcls","GP",0.633333333333333,FALSE,"20x20"
"tai20_20_04","abce3","MIXH",1,TRUE,"20x20"
"tai20_20_04","tsn2","V2H",0.9,TRUE,"20x20"
"tai20_20_04","feabcls","MOR",0.866666666666667,FALSE,"20x20"
"tai20_20_04","tsn2","MOR",1,TRUE,"20x20"
"tai20_20_05","ga","V2",0.266666666666667,FALSE,"20x20"
"tai20_20_05","ga","MIX",0.866666666666667,FALSE,"20x20"
"tai20_20_05","abce3","A0",1,TRUE,"20x20"
"tai20_20_05","abce3","V2",1,TRUE,"20x20"
"tai20_20_05","ga","V2H",0.466666666666667,FALSE,"20x20"
"tai20_20_05","ga","MOR",0.833333333333333,FALSE,"20x20"
"tai20_20_05","ga","A0",0.8,FALSE,"20x20"
"tai20_20_05","ga","GP",0.866666666666667,FALSE,"20x20"
"tai20_20_05","feabcls","A0",0.866666666666667,FALSE,"20x20"
"tai20_20_05","feabcls","V2",0.833333333333333,FALSE,"20x20"
"tai20_20_05","ga","GT",0.833333333333333,FALSE,"20x20"
"tai20_20_05","feabcls","MIX",0.9,TRUE,"20x20"
"tai20_20_05","abce3","MOR",1,TRUE,"20x20"
"tai20_20_05","feabcls","V2H",0.733333333333333,FALSE,"20x20"
"tai20_20_05","abce3","GT",1,TRUE,"20x20"
"tai20_20_05","tsn2","GT",0.966666666666667,TRUE,"20x20"
"tai20_20_05","tsn2","A0",0.933333333333333,TRUE,"20x20"
"tai20_20_05","tsn2","V2",0.966666666666667,TRUE,"20x20"
"tai20_20_05","ga","MIXH",0.9,TRUE,"20x20"
"tai20_20_05","abce3","MIX",1,TRUE,"20x20"
"tai20_20_05","tsn2","MIX",1,TRUE,"20x20"
"tai20_20_05","feabcls","MIXH",0.933333333333333,TRUE,"20x20"
"tai20_20_05","feabcls","GT",0.866666666666667,FALSE,"20x20"
"tai20_20_05","abce3","V2H",1,TRUE,"20x20"
"tai20_20_05","tsn2","GP",0.9,TRUE,"20x20"
"tai20_20_05","tsn2","MIXH",0.9,TRUE,"20x20"
"tai20_20_05","feabcls","MOR",0.866666666666667,FALSE,"20x20"
"tai20_20_05","feabcls","GP",0.9,TRUE,"20x20"
"tai20_20_05","abce3","GP",1,TRUE,"20x20"
"tai20_20_05","abce3","MIXH",1,TRUE,"20x20"
"tai20_20_05","tsn2","V2H",0.966666666666667,TRUE,"20x20"
"tai20_20_05","tsn2","MOR",1,TRUE,"20x20"
"tai20_20_06","ga","A0",0.866666666666667,FALSE,"20x20"
"tai20_20_06","ga","GT",0.666666666666667,FALSE,"20x20"
"tai20_20_06","ga","MIX",0.8,FALSE,"20x20"
"tai20_20_06","ga","V2",0.733333333333333,FALSE,"20x20"
"tai20_20_06","abce3","A0",1,TRUE,"20x20"
"tai20_20_06","ga","V2H",0.933333333333333,TRUE,"20x20"
"tai20_20_06","ga","GP",0.9,TRUE,"20x20"
"tai20_20_06","abce3","V2",1,TRUE,"20x20"
"tai20_20_06","abce3","GT",1,TRUE,"20x20"
"tai20_20_06","abce3","MIX",1,TRUE,"20x20"
"tai20_20_06","abce3","V2H",1,TRUE,"20x20"
"tai20_20_06","ga","MIXH",0.866666666666667,FALSE,"20x20"
"tai20_20_06","abce3","MOR",1,TRUE,"20x20"
"tai20_20_06","ga","MOR",0.8,FALSE,"20x20"
"tai20_20_06","feabcls","V2",0.966666666666667,TRUE,"20x20"
"tai20_20_06","tsn2","GT",0.966666666666667,TRUE,"20x20"
"tai20_20_06","feabcls","MIX",0.933333333333333,TRUE,"20x20"
"tai20_20_06","feabcls","A0",0.866666666666667,FALSE,"20x20"
"tai20_20_06","feabcls","V2H",0.866666666666667,FALSE,"20x20"
"tai20_20_06","abce3","MIXH",1,TRUE,"20x20"
"tai20_20_06","tsn2","MIX",0.9,TRUE,"20x20"
"tai20_20_06","abce3","GP",1,TRUE,"20x20"
"tai20_20_06","tsn2","V2",1,TRUE,"20x20"
"tai20_20_06","feabcls","GT",0.933333333333333,TRUE,"20x20"
"tai20_20_06","tsn2","GP",0.966666666666667,TRUE,"20x20"
"tai20_20_06","tsn2","A0",0.966666666666667,TRUE,"20x20"
"tai20_20_06","feabcls","MIXH",0.966666666666667,TRUE,"20x20"
"tai20_20_06","feabcls","MOR",0.833333333333333,FALSE,"20x20"
"tai20_20_06","feabcls","GP",0.9,TRUE,"20x20"
"tai20_20_06","tsn2","MIXH",1,TRUE,"20x20"
"tai20_20_06","tsn2","V2H",0.966666666666667,TRUE,"20x20"
"tai20_20_06","tsn2","MOR",0.9,TRUE,"20x20"
"tai20_20_07","ga","V2",0.8,FALSE,"20x20"
"tai20_20_07","ga","A0",0.833333333333333,FALSE,"20x20"
"tai20_20_07","ga","V2H",0.866666666666667,FALSE,"20x20"
"tai20_20_07","ga","MIX",0.9,TRUE,"20x20"
"tai20_20_07","abce3","A0",1,TRUE,"20x20"
"tai20_20_07","abce3","GT",1,TRUE,"20x20"
"tai20_20_07","ga","GT",0.733333333333333,FALSE,"20x20"
"tai20_20_07","ga","MOR",0.8,FALSE,"20x20"
"tai20_20_07","ga","MIXH",0.8,FALSE,"20x20"
"tai20_20_07","abce3","V2H",1,TRUE,"20x20"
"tai20_20_07","abce3","MIX",1,TRUE,"20x20"
"tai20_20_07","abce3","V2",1,TRUE,"20x20"
"tai20_20_07","feabcls","A0",0.766666666666667,FALSE,"20x20"
"tai20_20_07","feabcls","MIX",0.933333333333333,TRUE,"20x20"
"tai20_20_07","abce3","GP",1,TRUE,"20x20"
"tai20_20_07","feabcls","V2",0.8,FALSE,"20x20"
"tai20_20_07","ga","GP",0.833333333333333,FALSE,"20x20"
"tai20_20_07","abce3","MOR",1,TRUE,"20x20"
"tai20_20_07","tsn2","A0",1,TRUE,"20x20"
"tai20_20_07","abce3","MIXH",1,TRUE,"20x20"
"tai20_20_07","tsn2","GT",1,TRUE,"20x20"
"tai20_20_07","tsn2","MIX",1,TRUE,"20x20"
"tai20_20_07","feabcls","V2H",0.833333333333333,FALSE,"20x20"
"tai20_20_07","tsn2","V2",1,TRUE,"20x20"
"tai20_20_07","feabcls","GT",0.833333333333333,FALSE,"20x20"
"tai20_20_07","tsn2","GP",0.933333333333333,TRUE,"20x20"
"tai20_20_07","tsn2","MIXH",1,TRUE,"20x20"
"tai20_20_07","feabcls","MIXH",0.9,TRUE,"20x20"
"tai20_20_07","feabcls","MOR",1,TRUE,"20x20"
"tai20_20_07","feabcls","GP",0.833333333333333,FALSE,"20x20"
"tai20_20_07","tsn2","V2H",1,TRUE,"20x20"
"tai20_20_07","tsn2","MOR",0.933333333333333,TRUE,"20x20"
"tai20_20_08","ga","V2",0.633333333333333,FALSE,"20x20"
"tai20_20_08","ga","A0",0.866666666666667,FALSE,"20x20"
"tai20_20_08","abce3","V2",1,TRUE,"20x20"
"tai20_20_08","abce3","A0",1,TRUE,"20x20"
"tai20_20_08","ga","GT",0.933333333333333,TRUE,"20x20"
"tai20_20_08","ga","MIX",0.766666666666667,FALSE,"20x20"
"tai20_20_08","ga","GP",0.733333333333333,FALSE,"20x20"
"tai20_20_08","ga","MOR",0.633333333333333,FALSE,"20x20"
"tai20_20_08","abce3","MIX",1,TRUE,"20x20"
"tai20_20_08","ga","V2H",0.733333333333333,FALSE,"20x20"
"tai20_20_08","feabcls","GP",0.966666666666667,TRUE,"20x20"
"tai20_20_08","abce3","GT",1,TRUE,"20x20"
"tai20_20_08","abce3","V2H",1,TRUE,"20x20"
"tai20_20_08","feabcls","GT",0.933333333333333,TRUE,"20x20"
"tai20_20_08","feabcls","MIX",0.9,TRUE,"20x20"
"tai20_20_08","ga","MIXH",0.766666666666667,FALSE,"20x20"
"tai20_20_08","feabcls","A0",0.9,TRUE,"20x20"
"tai20_20_08","abce3","MIXH",1,TRUE,"20x20"
"tai20_20_08","feabcls","V2H",0.833333333333333,FALSE,"20x20"
"tai20_20_08","tsn2","A0",0.9,TRUE,"20x20"
"tai20_20_08","abce3","MOR",1,TRUE,"20x20"
"tai20_20_08","feabcls","V2",0.9,TRUE,"20x20"
"tai20_20_08","tsn2","MIX",1,TRUE,"20x20"
"tai20_20_08","feabcls","MOR",0.966666666666667,TRUE,"20x20"
"tai20_20_08","tsn2","V2",0.966666666666667,TRUE,"20x20"
"tai20_20_08","abce3","GP",1,TRUE,"20x20"
"tai20_20_08","tsn2","GP",1,TRUE,"20x20"
"tai20_20_08","tsn2","MIXH",0.966666666666667,TRUE,"20x20"
"tai20_20_08","feabcls","MIXH",0.866666666666667,FALSE,"20x20"
"tai20_20_08","tsn2","GT",1,TRUE,"20x20"
"tai20_20_08","tsn2","MOR",0.933333333333333,TRUE,"20x20"
"tai20_20_08","tsn2","V2H",1,TRUE,"20x20"
"tai20_20_09","abce3","A0",1,TRUE,"20x20"
"tai20_20_09","ga","A0",0.933333333333333,TRUE,"20x20"
"tai20_20_09","ga","MIX",0.766666666666667,FALSE,"20x20"
"tai20_20_09","ga","MOR",0.666666666666667,FALSE,"20x20"
"tai20_20_09","abce3","GT",1,TRUE,"20x20"
"tai20_20_09","ga","V2",0.966666666666667,TRUE,"20x20"
"tai20_20_09","ga","V2H",0.933333333333333,TRUE,"20x20"
"tai20_20_09","abce3","V2",1,TRUE,"20x20"
"tai20_20_09","ga","MIXH",0.933333333333333,TRUE,"20x20"
"tai20_20_09","abce3","MIX",1,TRUE,"20x20"
"tai20_20_09","ga","GT",0.833333333333333,FALSE,"20x20"
"tai20_20_09","ga","GP",0.9,TRUE,"20x20"
"tai20_20_09","feabcls","A0",0.9,TRUE,"20x20"
"tai20_20_09","abce3","V2H",1,TRUE,"20x20"
"tai20_20_09","feabcls","V2",0.966666666666667,TRUE,"20x20"
"tai20_20_09","feabcls","GT",1,TRUE,"20x20"
"tai20_20_09","abce3","MOR",1,TRUE,"20x20"
"tai20_20_09","feabcls","MIX",0.9,TRUE,"20x20"
"tai20_20_09","abce3","GP",1,TRUE,"20x20"
"tai20_20_09","abce3","MIXH",1,TRUE,"20x20"
"tai20_20_09","tsn2","A0",1,TRUE,"20x20"
"tai20_20_09","feabcls","V2H",1,TRUE,"20x20"
"tai20_20_09","tsn2","GT",1,TRUE,"20x20"
"tai20_20_09","tsn2","MIX",1,TRUE,"20x20"
"tai20_20_09","feabcls","MOR",0.966666666666667,TRUE,"20x20"
"tai20_20_09","tsn2","V2",0.866666666666667,FALSE,"20x20"
"tai20_20_09","feabcls","MIXH",1,TRUE,"20x20"
"tai20_20_09","tsn2","GP",1,TRUE,"20x20"
"tai20_20_09","tsn2","MIXH",0.933333333333333,TRUE,"20x20"
"tai20_20_09","feabcls","GP",0.866666666666667,FALSE,"20x20"
"tai20_20_09","tsn2","V2H",0.933333333333333,TRUE,"20x20"
"tai20_20_09","tsn2","MOR",1,TRUE,"20x20"
"tai20_20_10","ga","MIX",0.833333333333333,FALSE,"20x20"
"tai20_20_10","ga","V2",0.433333333333333,FALSE,"20x20"
"tai20_20_10","ga","A0",0.933333333333333,TRUE,"20x20"
"tai20_20_10","ga","GT",0.8,FALSE,"20x20"
"tai20_20_10","ga","GP",0.633333333333333,FALSE,"20x20"
"tai20_20_10","abce3","V2",1,TRUE,"20x20"
"tai20_20_10","abce3","A0",1,TRUE,"20x20"
"tai20_20_10","abce3","MIX",1,TRUE,"20x20"
"tai20_20_10","feabcls","GT",0.833333333333333,FALSE,"20x20"
"tai20_20_10","ga","MIXH",0.866666666666667,FALSE,"20x20"
"tai20_20_10","abce3","GT",1,TRUE,"20x20"
"tai20_20_10","ga","V2H",0.766666666666667,FALSE,"20x20"
"tai20_20_10","ga","MOR",0.833333333333333,FALSE,"20x20"
"tai20_20_10","tsn2","V2",0.866666666666667,FALSE,"20x20"
"tai20_20_10","abce3","MOR",1,TRUE,"20x20"
"tai20_20_10","feabcls","A0",0.9,TRUE,"20x20"
"tai20_20_10","feabcls","V2",0.766666666666667,FALSE,"20x20"
"tai20_20_10","abce3","V2H",1,TRUE,"20x20"
"tai20_20_10","abce3","MIXH",1,TRUE,"20x20"
"tai20_20_10","abce3","GP",1,TRUE,"20x20"
"tai20_20_10","feabcls","V2H",0.9,TRUE,"20x20"
"tai20_20_10","feabcls","MIX",0.9,TRUE,"20x20"
"tai20_20_10","tsn2","A0",0.966666666666667,TRUE,"20x20"
"tai20_20_10","feabcls","GP",0.8,FALSE,"20x20"
"tai20_20_10","tsn2","MOR",1,TRUE,"20x20"
"tai20_20_10","feabcls","MOR",0.8,FALSE,"20x20"
"tai20_20_10","feabcls","MIXH",0.9,TRUE,"20x20"
"tai20_20_10","tsn2","GT",0.966666666666667,TRUE,"20x20"
"tai20_20_10","tsn2","MIX",1,TRUE,"20x20"
"tai20_20_10","tsn2","MIXH",0.966666666666667,TRUE,"20x20"
"tai20_20_10","tsn2","V2H",0.933333333333333,TRUE,"20x20"
"tai20_20_10","tsn2","GP",1,TRUE,"20x20"
"tai30_15_01","abce3","A0",1,TRUE,"30x15"
"tai30_15_01","ga","MIX",0.266666666666667,FALSE,"30x15"
"tai30_15_01","ga","MIXH",0.333333333333333,FALSE,"30x15"
"tai30_15_01","ga","A0",0.333333333333333,FALSE,"30x15"
"tai30_15_01","ga","V2",0.233333333333333,FALSE,"30x15"
"tai30_15_01","ga","GP",0.133333333333333,FALSE,"30x15"
"tai30_15_01","ga","GT",0.4,FALSE,"30x15"
"tai30_15_01","abce3","GT",1,TRUE,"30x15"
"tai30_15_01","ga","V2H",0.1,FALSE,"30x15"
"tai30_15_01","ga","MOR",0.433333333333333,FALSE,"30x15"
"tai30_15_01","feabcls","GT",0.866666666666667,FALSE,"30x15"
"tai30_15_01","abce3","V2H",1,TRUE,"30x15"
"tai30_15_01","abce3","MIX",1,TRUE,"30x15"
"tai30_15_01","feabcls","V2",0.933333333333333,TRUE,"30x15"
"tai30_15_01","feabcls","MOR",0.766666666666667,FALSE,"30x15"
"tai30_15_01","abce3","V2",1,TRUE,"30x15"
"tai30_15_01","abce3","GP",1,TRUE,"30x15"
"tai30_15_01","abce3","MIXH",1,TRUE,"30x15"
"tai30_15_01","tsn2","GT",0.866666666666667,FALSE,"30x15"
"tai30_15_01","tsn2","A0",0.933333333333333,TRUE,"30x15"
"tai30_15_01","feabcls","A0",0.933333333333333,TRUE,"30x15"
"tai30_15_01","feabcls","MIX",0.966666666666667,TRUE,"30x15"
"tai30_15_01","feabcls","V2H",0.8,FALSE,"30x15"
"tai30_15_01","feabcls","GP",0.966666666666667,TRUE,"30x15"
"tai30_15_01","tsn2","V2",0.966666666666667,TRUE,"30x15"
"tai30_15_01","abce3","MOR",1,TRUE,"30x15"
"tai30_15_01","tsn2","MIXH",0.933333333333333,TRUE,"30x15"
"tai30_15_01","feabcls","MIXH",0.866666666666667,FALSE,"30x15"
"tai30_15_01","tsn2","V2H",0.9,TRUE,"30x15"
"tai30_15_01","tsn2","MIX",0.966666666666667,TRUE,"30x15"
"tai30_15_01","tsn2","GP",0.933333333333333,TRUE,"30x15"
"tai30_15_01","tsn2","MOR",0.933333333333333,TRUE,"30x15"
"tai30_15_02","ga","GT",0.6,FALSE,"30x15"
"tai30_15_02","ga","MIX",0.4,FALSE,"30x15"
"tai30_15_02","abce3","A0",1,TRUE,"30x15"
"tai30_15_02","abce3","MIX",1,TRUE,"30x15"
"tai30_15_02","ga","A0",0.4,FALSE,"30x15"
"tai30_15_02","ga","V2",0.1,FALSE,"30x15"
"tai30_15_02","ga","GP",0.566666666666667,FALSE,"30x15"
"tai30_15_02","ga","MIXH",0.466666666666667,FALSE,"30x15"
"tai30_15_02","abce3","V2",1,TRUE,"30x15"
"tai30_15_02","abce3","GT",1,TRUE,"30x15"
"tai30_15_02","feabcls","A0",0.933333333333333,TRUE,"30x15"
"tai30_15_02","feabcls","V2",0.966666666666667,TRUE,"30x15"
"tai30_15_02","feabcls","GT",0.766666666666667,FALSE,"30x15"
"tai30_15_02","ga","V2H",0.166666666666667,FALSE,"30x15"
"tai30_15_02","abce3","MOR",1,TRUE,"30x15"
"tai30_15_02","abce3","GP",1,TRUE,"30x15"
"tai30_15_02","abce3","V2H",1,TRUE,"30x15"
"tai30_15_02","tsn2","V2",0.833333333333333,FALSE,"30x15"
"tai30_15_02","ga","MOR",0.4,FALSE,"30x15"
"tai30_15_02","tsn2","MOR",0.9,TRUE,"30x15"
"tai30_15_02","feabcls","MIX",0.9,TRUE,"30x15"
"tai30_15_02","abce3","MIXH",1,TRUE,"30x15"
"tai30_15_02","feabcls","GP",0.733333333333333,FALSE,"30x15"
"tai30_15_02","tsn2","MIX",0.8,FALSE,"30x15"
"tai30_15_02","feabcls","V2H",0.9,TRUE,"30x15"
"tai30_15_02","tsn2","A0",0.9,TRUE,"30x15"
"tai30_15_02","tsn2","GT",0.9,TRUE,"30x15"
"tai30_15_02","tsn2","V2H",0.9,TRUE,"30x15"
"tai30_15_02","tsn2","GP",0.833333333333333,FALSE,"30x15"
"tai30_15_02","feabcls","MOR",0.866666666666667,FALSE,"30x15"
"tai30_15_02","feabcls","MIXH",0.933333333333333,TRUE,"30x15"
"tai30_15_02","tsn2","MIXH",0.9,TRUE,"30x15"
"tai30_15_03","ga","GT",0.633333333333333,FALSE,"30x15"
"tai30_15_03","ga","MIX",0.3,FALSE,"30x15"
"tai30_15_03","ga","V2",0.133333333333333,FALSE,"30x15"
"tai30_15_03","ga","GP",0.3,FALSE,"30x15"
"tai30_15_03","ga","MIXH",0.5,FALSE,"30x15"
"tai30_15_03","ga","A0",0.6,FALSE,"30x15"
"tai30_15_03","abce3","GT",1,TRUE,"30x15"
"tai30_15_03","abce3","MIX",1,TRUE,"30x15"
"tai30_15_03","feabcls","V2",0.9,TRUE,"30x15"
"tai30_15_03","abce3","A0",1,TRUE,"30x15"
"tai30_15_03","abce3","V2",1,TRUE,"30x15"
"tai30_15_03","abce3","MOR",1,TRUE,"30x15"
"tai30_15_03","abce3","GP",1,TRUE,"30x15"
"tai30_15_03","abce3","V2H",1,TRUE,"30x15"
"tai30_15_03","ga","V2H",0.133333333333333,FALSE,"30x15"
"tai30_15_03","feabcls","A0",0.933333333333333,TRUE,"30x15"
"tai30_15_03","feabcls","MIX",0.9,TRUE,"30x15"
"tai30_15_03","feabcls","GT",0.866666666666667,FALSE,"30x15"
"tai30_15_03","tsn2","A0",1,TRUE,"30x15"
"tai30_15_03","ga","MOR",0.533333333333333,FALSE,"30x15"
"tai30_15_03","feabcls","V2H",0.866666666666667,FALSE,"30x15"
"tai30_15_03","abce3","MIXH",1,TRUE,"30x15"
"tai30_15_03","feabcls","MOR",0.8,FALSE,"30x15"
"tai30_15_03","tsn2","V2",0.933333333333333,TRUE,"30x15"
"tai30_15_03","tsn2","MIX",0.966666666666667,TRUE,"30x15"
"tai30_15_03","tsn2","GT",0.866666666666667,FALSE,"30x15"
"tai30_15_03","tsn2","GP",0.866666666666667,FALSE,"30x15"
"tai30_15_03","feabcls","GP",0.833333333333333,FALSE,"30x15"
"tai30_15_03","tsn2","V2H",0.933333333333333,TRUE,"30x15"
"tai30_15_03","feabcls","MIXH",0.9,TRUE,"30x15"
"tai30_15_03","tsn2","MIXH",0.866666666666667,FALSE,"30x15"
"tai30_15_03","tsn2","MOR",0.966666666666667,TRUE,"30x15"
"tai30_15_04","abce3","V2",1,TRUE,"30x15"
"tai30_15_04","ga","GT",0.433333333333333,FALSE,"30x15"
"tai30_15_04","ga","A0",0.633333333333333,FALSE,"30x15"
"tai30_15_04","ga","V2",0.4,FALSE,"30x15"
"tai30_15_04","abce3","GT",1,TRUE,"30x15"
"tai30_15_04","ga","MIX",0.6,FALSE,"30x15"
"tai30_15_04","abce3","A0",1,TRUE,"30x15"
"tai30_15_04","abce3","MIX",1,TRUE,"30x15"
"tai30_15_04","ga","GP",0.566666666666667,FALSE,"30x15"
"tai30_15_04","feabcls","A0",0.933333333333333,TRUE,"30x15"
"tai30_15_04","feabcls","V2",0.9,TRUE,"30x15"
"tai30_15_04","feabcls","MIX",0.933333333333333,TRUE,"30x15"
"tai30_15_04","feabcls","GT",0.933333333333333,TRUE,"30x15"
"tai30_15_04","ga","MIXH",0.7,FALSE,"30x15"
"tai30_15_04","feabcls","V2H",0.866666666666667,FALSE,"30x15"
"tai30_15_04","feabcls","MOR",0.8,FALSE,"30x15"
"tai30_15_04","abce3","MOR",1,TRUE,"30x15"
"tai30_15_04","tsn2","V2",0.966666666666667,TRUE,"30x15"
"tai30_15_04","ga","V2H",0.6,FALSE,"30x15"
"tai30_15_04","ga","MOR",0.633333333333333,FALSE,"30x15"
"tai30_15_04","tsn2","A0",0.9,TRUE,"30x15"
"tai30_15_04","abce3","GP",1,TRUE,"30x15"
"tai30_15_04","abce3","V2H",1,TRUE,"30x15"
"tai30_15_04","feabcls","GP",0.8,FALSE,"30x15"
"tai30_15_04","feabcls","MIXH",0.933333333333333,TRUE,"30x15"
"tai30_15_04","tsn2","GT",0.866666666666667,FALSE,"30x15"
"tai30_15_04","abce3","MIXH",1,TRUE,"30x15"
"tai30_15_04","tsn2","MIXH",0.933333333333333,TRUE,"30x15"
"tai30_15_04","tsn2","MOR",0.9,TRUE,"30x15"
"tai30_15_04","tsn2","V2H",0.933333333333333,TRUE,"30x15"
"tai30_15_04","tsn2","MIX",0.966666666666667,TRUE,"30x15"
"tai30_15_04","tsn2","GP",0.833333333333333,FALSE,"30x15"
"tai30_15_05","ga","A0",0.6,FALSE,"30x15"
"tai30_15_05","abce3","V2",1,TRUE,"30x15"
"tai30_15_05","ga","GT",0.766666666666667,FALSE,"30x15"
"tai30_15_05","abce3","A0",1,TRUE,"30x15"
"tai30_15_05","ga","V2",0.166666666666667,FALSE,"30x15"
"tai30_15_05","abce3","GT",1,TRUE,"30x15"
"tai30_15_05","ga","MIX",0.2,FALSE,"30x15"
"tai30_15_05","feabcls","V2",0.966666666666667,TRUE,"30x15"
"tai30_15_05","abce3","MOR",1,TRUE,"30x15"
"tai30_15_05","ga","GP",0.333333333333333,FALSE,"30x15"
"tai30_15_05","abce3","MIX",1,TRUE,"30x15"
"tai30_15_05","feabcls","V2H",0.933333333333333,TRUE,"30x15"
"tai30_15_05","feabcls","GT",1,TRUE,"30x15"
"tai30_15_05","abce3","GP",1,TRUE,"30x15"
"tai30_15_05","feabcls","A0",1,TRUE,"30x15"
"tai30_15_05","feabcls","MIX",1,TRUE,"30x15"
"tai30_15_05","feabcls","MOR",1,TRUE,"30x15"
"tai30_15_05","tsn2","A0",1,TRUE,"30x15"
"tai30_15_05","ga","MIXH",0.4,FALSE,"30x15"
"tai30_15_05","ga","V2H",0.233333333333333,FALSE,"30x15"
"tai30_15_05","tsn2","GT",1,TRUE,"30x15"
"tai30_15_05","feabcls","GP",1,TRUE,"30x15"
"tai30_15_05","abce3","MIXH",1,TRUE,"30x15"
"tai30_15_05","abce3","V2H",1,TRUE,"30x15"
"tai30_15_05","ga","MOR",0.466666666666667,FALSE,"30x15"
"tai30_15_05","feabcls","MIXH",1,TRUE,"30x15"
"tai30_15_05","tsn2","V2",0.966666666666667,TRUE,"30x15"
"tai30_15_05","tsn2","MIX",1,TRUE,"30x15"
"tai30_15_05","tsn2","MIXH",1,TRUE,"30x15"
"tai30_15_05","tsn2","V2H",0.966666666666667,TRUE,"30x15"
"tai30_15_05","tsn2","MOR",1,TRUE,"30x15"
"tai30_15_05","tsn2","GP",0.933333333333333,TRUE,"30x15"
"tai30_15_06","abce3","V2",1,TRUE,"30x15"
"tai30_15_06","feabcls","A0",0.933333333333333,TRUE,"30x15"
"tai30_15_06","feabcls","V2",0.933333333333333,TRUE,"30x15"
"tai30_15_06","ga","A0",0.566666666666667,FALSE,"30x15"
"tai30_15_06","ga","V2",0.766666666666667,FALSE,"30x15"
"tai30_15_06","ga","GP",0.4,FALSE,"30x15"
"tai30_15_06","ga","GT",0.566666666666667,FALSE,"30x15"
"tai30_15_06","ga","MIX",0.433333333333333,FALSE,"30x15"
"tai30_15_06","abce3","A0",1,TRUE,"30x15"
"tai30_15_06","abce3","MOR",1,TRUE,"30x15"
"tai30_15_06","abce3","GT",1,TRUE,"30x15"
"tai30_15_06","abce3","MIX",1,TRUE,"30x15"
"tai30_15_06","feabcls","GT",0.9,TRUE,"30x15"
"tai30_15_06","tsn2","V2",0.9,TRUE,"30x15"
"tai30_15_06","feabcls","MIX",0.9,TRUE,"30x15"
"tai30_15_06","tsn2","A0",0.866666666666667,FALSE,"30x15"
"tai30_15_06","feabcls","V2H",0.966666666666667,TRUE,"30x15"
"tai30_15_06","feabcls","MOR",0.833333333333333,FALSE,"30x15"
"tai30_15_06","ga","MIXH",0.733333333333333,FALSE,"30x15"
"tai30_15_06","feabcls","MIXH",0.9,TRUE,"30x15"
"tai30_15_06","tsn2","GT",0.933333333333333,TRUE,"30x15"
"tai30_15_06","tsn2","MIX",0.833333333333333,FALSE,"30x15"
"tai30_15_06","abce3","GP",1,TRUE,"30x15"
"tai30_15_06","abce3","V2H",1,TRUE,"30x15"
"tai30_15_06","tsn2","V2H",1,TRUE,"30x15"
"tai30_15_06","tsn2","GP",0.8,FALSE,"30x15"
"tai30_15_06","feabcls","GP",0.933333333333333,TRUE,"30x15"
"tai30_15_06","abce3","MIXH",1,TRUE,"30x15"
"tai30_15_06","ga","V2H",0.766666666666667,FALSE,"30x15"
"tai30_15_06","ga","MOR",0.466666666666667,FALSE,"30x15"
"tai30_15_06","tsn2","MIXH",0.9,TRUE,"30x15"
"tai30_15_06","tsn2","MOR",0.9,TRUE,"30x15"
"tai30_15_07","ga","A0",0.733333333333333,FALSE,"30x15"
"tai30_15_07","abce3","V2",1,TRUE,"30x15"
"tai30_15_07","abce3","GT",1,TRUE,"30x15"
"tai30_15_07","ga","GT",0.433333333333333,FALSE,"30x15"
"tai30_15_07","ga","MIX",0.4,FALSE,"30x15"
"tai30_15_07","feabcls","A0",0.9,TRUE,"30x15"
"tai30_15_07","feabcls","V2",0.9,TRUE,"30x15"
"tai30_15_07","abce3","MIX",1,TRUE,"30x15"
"tai30_15_07","feabcls","V2H",0.9,TRUE,"30x15"
"tai30_15_07","ga","V2",0.566666666666667,FALSE,"30x15"
"tai30_15_07","ga","V2H",0.6,FALSE,"30x15"
"tai30_15_07","feabcls","GT",0.8,FALSE,"30x15"
"tai30_15_07","tsn2","A0",0.833333333333333,FALSE,"30x15"
"tai30_15_07","abce3","A0",1,TRUE,"30x15"
"tai30_15_07","ga","GP",0.566666666666667,FALSE,"30x15"
"tai30_15_07","ga","MOR",0.833333333333333,FALSE,"30x15"
"tai30_15_07","feabcls","MIXH",0.966666666666667,TRUE,"30x15"
"tai30_15_07","feabcls","MOR",0.933333333333333,TRUE,"30x15"
"tai30_15_07","abce3","MOR",1,TRUE,"30x15"
"tai30_15_07","ga","MIXH",0.7,FALSE,"30x15"
"tai30_15_07","feabcls","MIX",0.866666666666667,FALSE,"30x15"
"tai30_15_07","tsn2","V2",0.966666666666667,TRUE,"30x15"
"tai30_15_07","feabcls","GP",0.733333333333333,FALSE,"30x15"
"tai30_15_07","abce3","GP",1,TRUE,"30x15"
"tai30_15_07","tsn2","GP",0.966666666666667,TRUE,"30x15"
"tai30_15_07","tsn2","V2H",0.966666666666667,TRUE,"30x15"
"tai30_15_07","tsn2","MIX",0.833333333333333,FALSE,"30x15"
"tai30_15_07","tsn2","MIXH",0.933333333333333,TRUE,"30x15"
"tai30_15_07","abce3","V2H",1,TRUE,"30x15"
"tai30_15_07","tsn2","GT",0.866666666666667,FALSE,"30x15"
"tai30_15_07","tsn2","MOR",0.833333333333333,FALSE,"30x15"
"tai30_15_07","abce3","MIXH",1,TRUE,"30x15"
"tai30_15_08","ga","GT",0.233333333333333,FALSE,"30x15"
"tai30_15_08","ga","MOR",0.5,FALSE,"30x15"
"tai30_15_08","abce3","V2",1,TRUE,"30x15"
"tai30_15_08","abce3","GT",1,TRUE,"30x15"
"tai30_15_08","ga","V2H",0,FALSE,"30x15"
"tai30_15_08","ga","A0",0.3,FALSE,"30x15"
"tai30_15_08","feabcls","A0",0.933333333333333,TRUE,"30x15"
"tai30_15_08","feabcls","V2",0.9,TRUE,"30x15"
"tai30_15_08","ga","MIX",0,FALSE,"30x15"
"tai30_15_08","abce3","A0",1,TRUE,"30x15"
"tai30_15_08","feabcls","MIX",0.966666666666667,TRUE,"30x15"
"tai30_15_08","tsn2","A0",0.9,TRUE,"30x15"
"tai30_15_08","abce3","MIX",1,TRUE,"30x15"
"tai30_15_08","feabcls","V2H",0.833333333333333,FALSE,"30x15"
"tai30_15_08","ga","V2",0.0333333333333333,FALSE,"30x15"
"tai30_15_08","tsn2","GP",0.833333333333333,FALSE,"30x15"
"tai30_15_08","feabcls","GT",0.833333333333333,FALSE,"30x15"
"tai30_15_08","tsn2","V2",0.9,TRUE,"30x15"
"tai30_15_08","abce3","MOR",1,TRUE,"30x15"
"tai30_15_08","ga","GP",0.266666666666667,FALSE,"30x15"
"tai30_15_08","tsn2","GT",0.9,TRUE,"30x15"
"tai30_15_08","feabcls","MIXH",0.9,TRUE,"30x15"
"tai30_15_08","feabcls","MOR",0.866666666666667,FALSE,"30x15"
"tai30_15_08","abce3","GP",1,TRUE,"30x15"
"tai30_15_08","tsn2","MIXH",0.933333333333333,TRUE,"30x15"
"tai30_15_08","tsn2","MIX",0.9,TRUE,"30x15"
"tai30_15_08","tsn2","V2H",0.9,TRUE,"30x15"
"tai30_15_08","feabcls","GP",0.866666666666667,FALSE,"30x15"
"tai30_15_08","ga","MIXH",0.1,FALSE,"30x15"
"tai30_15_08","abce3","V2H",1,TRUE,"30x15"
"tai30_15_08","tsn2","MOR",0.933333333333333,TRUE,"30x15"
"tai30_15_08","abce3","MIXH",1,TRUE,"30x15"
"tai30_15_09","feabcls","A0",0.966666666666667,TRUE,"30x15"
"tai30_15_09","ga","V2H",0.2,FALSE,"30x15"
"tai30_15_09","ga","MOR",0.466666666666667,FALSE,"30x15"
"tai30_15_09","ga","GT",0.5,FALSE,"30x15"
"tai30_15_09","ga","MIX",0.0333333333333333,FALSE,"30x15"
"tai30_15_09","ga","A0",0.533333333333333,FALSE,"30x15"
"tai30_15_09","ga","V2",0.0333333333333333,FALSE,"30x15"
"tai30_15_09","abce3","V2",1,TRUE,"30x15"
"tai30_15_09","abce3","GT",1,TRUE,"30x15"
"tai30_15_09","abce3","A0",1,TRUE,"30x15"
"tai30_15_09","ga","GP",0.4,FALSE,"30x15"
"tai30_15_09","feabcls","V2",0.933333333333333,TRUE,"30x15"
"tai30_15_09","feabcls","GT",0.966666666666667,TRUE,"30x15"
"tai30_15_09","abce3","MIX",1,TRUE,"30x15"
"tai30_15_09","abce3","MOR",1,TRUE,"30x15"
"tai30_15_09","feabcls","MIX",0.966666666666667,TRUE,"30x15"
"tai30_15_09","tsn2","A0",1,TRUE,"30x15"
"tai30_15_09","feabcls","MIXH",0.966666666666667,TRUE,"30x15"
"tai30_15_09","feabcls","V2H",0.833333333333333,FALSE,"30x15"
"tai30_15_09","ga","MIXH",0.3,FALSE,"30x15"
"tai30_15_09","tsn2","GP",0.9,TRUE,"30x15"
"tai30_15_09","tsn2","V2",0.933333333333333,TRUE,"30x15"
"tai30_15_09","tsn2","V2H",0.933333333333333,TRUE,"30x15"
"tai30_15_09","abce3","GP",1,TRUE,"30x15"
"tai30_15_09","abce3","V2H",1,TRUE,"30x15"
"tai30_15_09","tsn2","MIXH",1,TRUE,"30x15"
"tai30_15_09","tsn2","MIX",0.933333333333333,TRUE,"30x15"
"tai30_15_09","feabcls","MOR",0.866666666666667,FALSE,"30x15"
"tai30_15_09","abce3","MIXH",1,TRUE,"30x15"
"tai30_15_09","tsn2","GT",0.966666666666667,TRUE,"30x15"
"tai30_15_09","tsn2","MOR",0.866666666666667,FALSE,"30x15"
"tai30_15_09","feabcls","GP",0.933333333333333,TRUE,"30x15"
"tai30_15_10","feabcls","A0",0.866666666666667,FALSE,"30x15"
"tai30_15_10","ga","A0",0.5,FALSE,"30x15"
"tai30_15_10","ga","V2H",0.233333333333333,FALSE,"30x15"
"tai30_15_10","abce3","V2",1,TRUE,"30x15"
"tai30_15_10","ga","GT",0.4,FALSE,"30x15"
"tai30_15_10","ga","GP",0.566666666666667,FALSE,"30x15"
"tai30_15_10","ga","V2",0.166666666666667,FALSE,"30x15"
"tai30_15_10","feabcls","V2",0.966666666666667,TRUE,"30x15"
"tai30_15_10","abce3","GT",1,TRUE,"30x15"
"tai30_15_10","ga","MIX",0.266666666666667,FALSE,"30x15"
"tai30_15_10","ga","MIXH",0.5,FALSE,"30x15"
"tai30_15_10","ga","MOR",0.633333333333333,FALSE,"30x15"
"tai30_15_10","feabcls","GT",0.866666666666667,FALSE,"30x15"
"tai30_15_10","abce3","MIX",1,TRUE,"30x15"
"tai30_15_10","abce3","A0",1,TRUE,"30x15"
"tai30_15_10","abce3","V2H",1,TRUE,"30x15"
"tai30_15_10","feabcls","MIX",0.933333333333333,TRUE,"30x15"
"tai30_15_10","feabcls","MIXH",0.9,TRUE,"30x15"
"tai30_15_10","feabcls","V2H",0.933333333333333,TRUE,"30x15"
"tai30_15_10","abce3","MOR",1,TRUE,"30x15"
"tai30_15_10","tsn2","GT",0.933333333333333,TRUE,"30x15"
"tai30_15_10","tsn2","A0",0.933333333333333,TRUE,"30x15"
"tai30_15_10","tsn2","V2H",0.833333333333333,FALSE,"30x15"
"tai30_15_10","feabcls","MOR",0.866666666666667,FALSE,"30x15"
"tai30_15_10","abce3","GP",1,TRUE,"30x15"
"tai30_15_10","tsn2","GP",0.933333333333333,TRUE,"30x15"
"tai30_15_10","tsn2","V2",0.866666666666667,FALSE,"30x15"
"tai30_15_10","tsn2","MOR",0.933333333333333,TRUE,"30x15"
"tai30_15_10","feabcls","GP",0.9,TRUE,"30x15"
"tai30_15_10","tsn2","MIX",0.9,TRUE,"30x15"
"tai30_15_10","tsn2","MIXH",0.933333333333333,TRUE,"30x15"
"tai30_15_10","abce3","MIXH",1,TRUE,"30x15"
"tai30_20_01","abce3","V2",1,TRUE,"30x20"
"tai30_20_01","ga","GT",0.6,FALSE,"30x20"
"tai30_20_01","ga","MOR",0.533333333333333,FALSE,"30x20"
"tai30_20_01","feabcls","A0",0.933333333333333,TRUE,"30x20"
"tai30_20_01","abce3","GT",0.966666666666667,TRUE,"30x20"
"tai30_20_01","ga","V2H",0.0666666666666667,FALSE,"30x20"
"tai30_20_01","ga","A0",0.3,FALSE,"30x20"
"tai30_20_01","feabcls","MIX",0.966666666666667,TRUE,"30x20"
"tai30_20_01","feabcls","V2",0.9,TRUE,"30x20"
"tai30_20_01","ga","MIX",0.133333333333333,FALSE,"30x20"
"tai30_20_01","ga","GP",0.4,FALSE,"30x20"
"tai30_20_01","ga","V2",0.0333333333333333,FALSE,"30x20"
"tai30_20_01","tsn2","A0",0.933333333333333,TRUE,"30x20"
"tai30_20_01","abce3","MIX",1,TRUE,"30x20"
"tai30_20_01","abce3","A0",1,TRUE,"30x20"
"tai30_20_01","ga","MIXH",0.333333333333333,FALSE,"30x20"
"tai30_20_01","abce3","V2H",1,TRUE,"30x20"
"tai30_20_01","feabcls","GT",0.933333333333333,TRUE,"30x20"
"tai30_20_01","feabcls","V2H",0.933333333333333,TRUE,"30x20"
"tai30_20_01","abce3","MOR",1,TRUE,"30x20"
"tai30_20_01","abce3","GP",1,TRUE,"30x20"
"tai30_20_01","tsn2","V2",1,TRUE,"30x20"
"tai30_20_01","feabcls","MIXH",0.9,TRUE,"30x20"
"tai30_20_01","feabcls","MOR",0.9,TRUE,"30x20"
"tai30_20_01","feabcls","GP",0.833333333333333,FALSE,"30x20"
"tai30_20_01","tsn2","GP",0.9,TRUE,"30x20"
"tai30_20_01","tsn2","MIXH",0.9,TRUE,"30x20"
"tai30_20_01","tsn2","V2H",0.866666666666667,FALSE,"30x20"
"tai30_20_01","tsn2","MOR",0.9,TRUE,"30x20"
"tai30_20_01","tsn2","GT",0.8,FALSE,"30x20"
"tai30_20_01","tsn2","MIX",0.866666666666667,FALSE,"30x20"
"tai30_20_01","abce3","MIXH",1,TRUE,"30x20"
"tai30_20_02","feabcls","A0",0.933333333333333,TRUE,"30x20"
"tai30_20_02","ga","GT",0.833333333333333,FALSE,"30x20"
"tai30_20_02","feabcls","MIX",0.966666666666667,TRUE,"30x20"
"tai30_20_02","tsn2","A0",0.733333333333333,FALSE,"30x20"
"tai30_20_02","abce3","V2",1,TRUE,"30x20"
"tai30_20_02","ga","MIX",0.366666666666667,FALSE,"30x20"
"tai30_20_02","ga","V2H",0.0666666666666667,FALSE,"30x20"
"tai30_20_02","ga","A0",0.4,FALSE,"30x20"
"tai30_20_02","feabcls","V2",0.933333333333333,TRUE,"30x20"
"tai30_20_02","abce3","GT",1,TRUE,"30x20"
"tai30_20_02","abce3","A0",1,TRUE,"30x20"
"tai30_20_02","ga","MOR",0.233333333333333,FALSE,"30x20"
"tai30_20_02","tsn2","V2",0.766666666666667,FALSE,"30x20"
"tai30_20_02","feabcls","GT",0.933333333333333,TRUE,"30x20"
"tai30_20_02","ga","GP",0.4,FALSE,"30x20"
"tai30_20_02","abce3","MOR",1,TRUE,"30x20"
"tai30_20_02","ga","V2",0.0666666666666667,FALSE,"30x20"
"tai30_20_02","tsn2","GP",0.866666666666667,FALSE,"30x20"
"tai30_20_02","abce3","MIX",1,TRUE,"30x20"
"tai30_20_02","feabcls","V2H",1,TRUE,"30x20"
"tai30_20_02","ga","MIXH",0.6,FALSE,"30x20"
"tai30_20_02","abce3","V2H",1,TRUE,"30x20"
"tai30_20_02","feabcls","MIXH",0.966666666666667,TRUE,"30x20"
"tai30_20_02","tsn2","V2H",0.7,FALSE,"30x20"
"tai30_20_02","abce3","GP",1,TRUE,"30x20"
"tai30_20_02","abce3","MIXH",1,TRUE,"30x20"
"tai30_20_02","tsn2","MIXH",0.833333333333333,FALSE,"30x20"
"tai30_20_02","tsn2","MIX",0.833333333333333,FALSE,"30x20"
"tai30_20_02","feabcls","MOR",0.933333333333333,TRUE,"30x20"
"tai30_20_02","feabcls","GP",0.966666666666667,TRUE,"30x20"
"tai30_20_02","tsn2","GT",0.933333333333333,TRUE,"30x20"
"tai30_20_02","tsn2","MOR",0.766666666666667,FALSE,"30x20"
"tai30_20_03","feabcls","A0",0.9,TRUE,"30x20"
"tai30_20_03","ga","GT",0.133333333333333,FALSE,"30x20"
"tai30_20_03","ga","MOR",0.2,FALSE,"30x20"
"tai30_20_03","feabcls","MIX",0.933333333333333,TRUE,"30x20"
"tai30_20_03","ga","A0",0.0333333333333333,FALSE,"30x20"
"tai30_20_03","ga","V2H",0,FALSE,"30x20"
"tai30_20_03","ga","MIX",0.0666666666666667,FALSE,"30x20"
"tai30_20_03","ga","V2",0.1,FALSE,"30x20"
"tai30_20_03","feabcls","V2",0.833333333333333,FALSE,"30x20"
"tai30_20_03","abce3","V2",1,TRUE,"30x20"
"tai30_20_03","ga","GP",0.166666666666667,FALSE,"30x20"
"tai30_20_03","abce3","V2H",1,TRUE,"30x20"
"tai30_20_03","tsn2","A0",0.666666666666667,FALSE,"30x20"
"tai30_20_03","feabcls","GT",0.966666666666667,TRUE,"30x20"
"tai30_20_03","abce3","GT",1,TRUE,"30x20"
"tai30_20_03","abce3","A0",1,TRUE,"30x20"
"tai30_20_03","tsn2","GT",0.866666666666667,FALSE,"30x20"
"tai30_20_03","tsn2","V2",0.666666666666667,FALSE,"30x20"
"tai30_20_03","feabcls","MIXH",0.9,TRUE,"30x20"
"tai30_20_03","ga","MIXH",0.0333333333333333,FALSE,"30x20"
"tai30_20_03","abce3","MOR",1,TRUE,"30x20"
"tai30_20_03","tsn2","MIX",0.766666666666667,FALSE,"30x20"
"tai30_20_03","tsn2","GP",0.866666666666667,FALSE,"30x20"
"tai30_20_03","abce3","MIX",1,TRUE,"30x20"
"tai30_20_03","feabcls","V2H",0.933333333333333,TRUE,"30x20"
"tai30_20_03","abce3","GP",1,TRUE,"30x20"
"tai30_20_03","abce3","MIXH",1,TRUE,"30x20"
"tai30_20_03","tsn2","V2H",0.633333333333333,FALSE,"30x20"
"tai30_20_03","tsn2","MOR",0.633333333333333,FALSE,"30x20"
"tai30_20_03","feabcls","MOR",0.9,TRUE,"30x20"
"tai30_20_03","feabcls","GP",1,TRUE,"30x20"
"tai30_20_03","tsn2","MIXH",0.8,FALSE,"30x20"
"tai30_20_04","ga","GT",0.0666666666666667,FALSE,"30x20"
"tai30_20_04","ga","A0",0.366666666666667,FALSE,"30x20"
"tai30_20_04","tsn2","GT",0.933333333333333,TRUE,"30x20"
"tai30_20_04","tsn2","MIX",0.8,FALSE,"30x20"
"tai30_20_04","feabcls","A0",0.833333333333333,FALSE,"30x20"
"tai30_20_04","abce3","V2",1,TRUE,"30x20"
"tai30_20_04","ga","V2",0,FALSE,"30x20"
"tai30_20_04","ga","MIX",0.166666666666667,FALSE,"30x20"
"tai30_20_04","feabcls","MIX",1,TRUE,"30x20"
"tai30_20_04","feabcls","V2",0.933333333333333,TRUE,"30x20"
"tai30_20_04","ga","V2H",0.1,FALSE,"30x20"
"tai30_20_04","ga","MOR",0.266666666666667,FALSE,"30x20"
"tai30_20_04","abce3","A0",1,TRUE,"30x20"
"tai30_20_04","tsn2","A0",0.833333333333333,FALSE,"30x20"
"tai30_20_04","abce3","GT",1,TRUE,"30x20"
"tai30_20_04","abce3","MIX",1,TRUE,"30x20"
"tai30_20_04","ga","MIXH",0.366666666666667,FALSE,"30x20"
"tai30_20_04","abce3","V2H",1,TRUE,"30x20"
"tai30_20_04","ga","GP",0.2,FALSE,"30x20"
"tai30_20_04","abce3","MOR",0.933333333333333,TRUE,"30x20"
"tai30_20_04","feabcls","V2H",0.933333333333333,TRUE,"30x20"
"tai30_20_04","feabcls","MOR",0.933333333333333,TRUE,"30x20"
"tai30_20_04","feabcls","GT",1,TRUE,"30x20"
"tai30_20_04","feabcls","MIXH",0.9,TRUE,"30x20"
"tai30_20_04","tsn2","V2H",0.833333333333333,FALSE,"30x20"
"tai30_20_04","tsn2","MOR",0.866666666666667,FALSE,"30x20"
"tai30_20_04","tsn2","V2",0.833333333333333,FALSE,"30x20"
"tai30_20_04","tsn2","GP",0.8,FALSE,"30x20"
"tai30_20_04","tsn2","MIXH",0.9,TRUE,"30x20"
"tai30_20_04","abce3","GP",1,TRUE,"30x20"
"tai30_20_04","abce3","MIXH",1,TRUE,"30x20"
"tai30_20_04","feabcls","GP",0.966666666666667,TRUE,"30x20"
"tai30_20_05","ga","V2",0.0666666666666667,FALSE,"30x20"
"tai30_20_05","ga","GT",0.3,FALSE,"30x20"
"tai30_20_05","ga","MIX",0.0666666666666667,FALSE,"30x20"
"tai30_20_05","ga","A0",0.266666666666667,FALSE,"30x20"
"tai30_20_05","ga","V2H",0.0666666666666667,FALSE,"30x20"
"tai30_20_05","ga","GP",0.3,FALSE,"30x20"
"tai30_20_05","abce3","A0",0.966666666666667,TRUE,"30x20"
"tai30_20_05","tsn2","GT",0.966666666666667,TRUE,"30x20"
"tai30_20_05","feabcls","MIX",1,TRUE,"30x20"
"tai30_20_05","feabcls","A0",0.866666666666667,FALSE,"30x20"
"tai30_20_05","abce3","V2",1,TRUE,"30x20"
"tai30_20_05","ga","MOR",0.4,FALSE,"30x20"
"tai30_20_05","tsn2","MIX",0.933333333333333,TRUE,"30x20"
"tai30_20_05","tsn2","A0",0.766666666666667,FALSE,"30x20"
"tai30_20_05","ga","MIXH",0.433333333333333,FALSE,"30x20"
"tai30_20_05","abce3","GT",0.966666666666667,TRUE,"30x20"
"tai30_20_05","abce3","V2H",1,TRUE,"30x20"
"tai30_20_05","abce3","MIXH",1,TRUE,"30x20"
"tai30_20_05","feabcls","V2",0.966666666666667,TRUE,"30x20"
"tai30_20_05","abce3","MOR",1,TRUE,"30x20"
"tai30_20_05","abce3","MIX",1,TRUE,"30x20"
"tai30_20_05","feabcls","V2H",0.9,TRUE,"30x20"
"tai30_20_05","tsn2","V2",0.866666666666667,FALSE,"30x20"
"tai30_20_05","feabcls","GT",1,TRUE,"30x20"
"tai30_20_05","abce3","GP",1,TRUE,"30x20"
"tai30_20_05","tsn2","V2H",0.866666666666667,FALSE,"30x20"
"tai30_20_05","feabcls","MOR",0.933333333333333,TRUE,"30x20"
"tai30_20_05","tsn2","GP",0.933333333333333,TRUE,"30x20"
"tai30_20_05","feabcls","MIXH",0.966666666666667,TRUE,"30x20"
"tai30_20_05","tsn2","MOR",0.866666666666667,FALSE,"30x20"
"tai30_20_05","feabcls","GP",0.933333333333333,TRUE,"30x20"
"tai30_20_05","tsn2","MIXH",0.966666666666667,TRUE,"30x20"
"tai30_20_06","ga","V2",0.866666666666667,FALSE,"30x20"
"tai30_20_06","ga","V2H",0.333333333333333,FALSE,"30x20"
"tai30_20_06","ga","MIX",0.666666666666667,FALSE,"30x20"
"tai30_20_06","ga","GT",0.133333333333333,FALSE,"30x20"
"tai30_20_06","ga","A0",0.133333333333333,FALSE,"30x20"
"tai30_20_06","feabcls","A0",0.933333333333333,TRUE,"30x20"
"tai30_20_06","ga","MOR",0.5,FALSE,"30x20"
"tai30_20_06","abce3","A0",1,TRUE,"30x20"
"tai30_20_06","abce3","V2",1,TRUE,"30x20"
"tai30_20_06","feabcls","MIX",0.966666666666667,TRUE,"30x20"
"tai30_20_06","feabcls","V2",0.933333333333333,TRUE,"30x20"
"tai30_20_06","ga","MIXH",0.266666666666667,FALSE,"30x20"
"tai30_20_06","tsn2","GT",0.833333333333333,FALSE,"30x20"
"tai30_20_06","tsn2","MIX",0.733333333333333,FALSE,"30x20"
"tai30_20_06","ga","GP",0.1,FALSE,"30x20"
"tai30_20_06","feabcls","GT",0.966666666666667,TRUE,"30x20"
"tai30_20_06","abce3","GT",1,TRUE,"30x20"
"tai30_20_06","abce3","MIX",1,TRUE,"30x20"
"tai30_20_06","tsn2","A0",0.7,FALSE,"30x20"
"tai30_20_06","abce3","MOR",1,TRUE,"30x20"
"tai30_20_06","abce3","V2H",0.966666666666667,TRUE,"30x20"
"tai30_20_06","abce3","GP",1,TRUE,"30x20"
"tai30_20_06","abce3","MIXH",1,TRUE,"30x20"
"tai30_20_06","tsn2","V2",0.8,FALSE,"30x20"
"tai30_20_06","feabcls","V2H",0.933333333333333,TRUE,"30x20"
"tai30_20_06","feabcls","MIXH",0.933333333333333,TRUE,"30x20"
"tai30_20_06","tsn2","V2H",0.733333333333333,FALSE,"30x20"
"tai30_20_06","feabcls","MOR",0.933333333333333,TRUE,"30x20"
"tai30_20_06","tsn2","GP",0.733333333333333,FALSE,"30x20"
"tai30_20_06","tsn2","MIXH",0.8,FALSE,"30x20"
"tai30_20_06","tsn2","MOR",0.933333333333333,TRUE,"30x20"
"tai30_20_06","feabcls","GP",0.866666666666667,FALSE,"30x20"
"tai30_20_07","ga","GT",0.433333333333333,FALSE,"30x20"
"tai30_20_07","ga","A0",0.233333333333333,FALSE,"30x20"
"tai30_20_07","abce3","A0",1,TRUE,"30x20"
"tai30_20_07","ga","MIX",0.1,FALSE,"30x20"
"tai30_20_07","abce3","V2",1,TRUE,"30x20"
"tai30_20_07","ga","V2",0.7,FALSE,"30x20"
"tai30_20_07","ga","MOR",0.6,FALSE,"30x20"
"tai30_20_07","ga","V2H",0.266666666666667,FALSE,"30x20"
"tai30_20_07","ga","GP",0.1,FALSE,"30x20"
"tai30_20_07","abce3","GT",1,TRUE,"30x20"
"tai30_20_07","feabcls","A0",0.933333333333333,TRUE,"30x20"
"tai30_20_07","abce3","MIX",1,TRUE,"30x20"
"tai30_20_07","tsn2","GT",0.866666666666667,FALSE,"30x20"
"tai30_20_07","ga","MIXH",0.366666666666667,FALSE,"30x20"
"tai30_20_07","abce3","MOR",1,TRUE,"30x20"
"tai30_20_07","abce3","V2H",1,TRUE,"30x20"
"tai30_20_07","abce3","MIXH",1,TRUE,"30x20"
"tai30_20_07","tsn2","MIX",0.833333333333333,FALSE,"30x20"
"tai30_20_07","feabcls","MIX",0.933333333333333,TRUE,"30x20"
"tai30_20_07","feabcls","V2",0.933333333333333,TRUE,"30x20"
"tai30_20_07","feabcls","GT",0.966666666666667,TRUE,"30x20"
"tai30_20_07","feabcls","GP",0.9,TRUE,"30x20"
"tai30_20_07","feabcls","MIXH",0.933333333333333,TRUE,"30x20"
"tai30_20_07","abce3","GP",1,TRUE,"30x20"
"tai30_20_07","feabcls","V2H",0.9,TRUE,"30x20"
"tai30_20_07","feabcls","MOR",0.9,TRUE,"30x20"
"tai30_20_07","tsn2","MIXH",0.9,TRUE,"30x20"
"tai30_20_07","tsn2","A0",0.8,FALSE,"30x20"
"tai30_20_07","tsn2","V2",0.866666666666667,FALSE,"30x20"
"tai30_20_07","tsn2","GP",0.866666666666667,FALSE,"30x20"
"tai30_20_07","tsn2","V2H",0.866666666666667,FALSE,"30x20"
"tai30_20_07","tsn2","MOR",0.833333333333333,FALSE,"30x20"
"tai30_20_08","ga","A0",0.433333333333333,FALSE,"30x20"
"tai30_20_08","abce3","A0",1,TRUE,"30x20"
"tai30_20_08","abce3","GT",1,TRUE,"30x20"
"tai30_20_08","ga","V2",0.1,FALSE,"30x20"
"tai30_20_08","ga","MIX",0.0666666666666667,FALSE,"30x20"
"tai30_20_08","ga","MOR",0.166666666666667,FALSE,"30x20"
"tai30_20_08","ga","MIXH",0.1,FALSE,"30x20"
"tai30_20_08","abce3","MIX",1,TRUE,"30x20"
"tai30_20_08","ga","V2H",0.0666666666666667,FALSE,"30x20"
"tai30_20_08","abce3","V2",1,TRUE,"30x20"
"tai30_20_08","feabcls","A0",0.866666666666667,FALSE,"30x20"
"tai30_20_08","abce3","V2H",1,TRUE,"30x20"
"tai30_20_08","ga","GT",0.0333333333333333,FALSE,"30x20"
"tai30_20_08","tsn2","GT",0.766666666666667,FALSE,"30x20"
"tai30_20_08","ga","GP",0.1,FALSE,"30x20"
"tai30_20_08","feabcls","MIX",1,TRUE,"30x20"
"tai30_20_08","feabcls","V2",0.833333333333333,FALSE,"30x20"
"tai30_20_08","feabcls","GT",0.933333333333333,TRUE,"30x20"
"tai30_20_08","tsn2","MIX",0.733333333333333,FALSE,"30x20"
"tai30_20_08","abce3","MOR",1,TRUE,"30x20"
"tai30_20_08","abce3","GP",1,TRUE,"30x20"
"tai30_20_08","abce3","MIXH",1,TRUE,"30x20"
"tai30_20_08","feabcls","MOR",0.933333333333333,TRUE,"30x20"
"tai30_20_08","feabcls","GP",0.9,TRUE,"30x20"
"tai30_20_08","tsn2","A0",0.9,TRUE,"30x20"
"tai30_20_08","tsn2","V2",0.833333333333333,FALSE,"30x20"
"tai30_20_08","tsn2","GP",0.8,FALSE,"30x20"
"tai30_20_08","tsn2","MIXH",0.833333333333333,FALSE,"30x20"
"tai30_20_08","feabcls","V2H",0.866666666666667,FALSE,"30x20"
"tai30_20_08","feabcls","MIXH",0.933333333333333,TRUE,"30x20"
"tai30_20_08","tsn2","V2H",0.666666666666667,FALSE,"30x20"
"tai30_20_08","tsn2","MOR",0.866666666666667,FALSE,"30x20"
"tai30_20_09","ga","GT",0.166666666666667,FALSE,"30x20"
"tai30_20_09","ga","V2",0.0666666666666667,FALSE,"30x20"
"tai30_20_09","ga","V2H",0.0666666666666667,FALSE,"30x20"
"tai30_20_09","ga","MIX",0,FALSE,"30x20"
"tai30_20_09","abce3","A0",0.966666666666667,TRUE,"30x20"
"tai30_20_09","ga","A0",0.366666666666667,FALSE,"30x20"
"tai30_20_09","feabcls","GT",0.966666666666667,TRUE,"30x20"
"tai30_20_09","ga","GP",0.0666666666666667,FALSE,"30x20"
"tai30_20_09","abce3","V2",1,TRUE,"30x20"
"tai30_20_09","abce3","MIX",1,TRUE,"30x20"
"tai30_20_09","abce3","V2H",1,TRUE,"30x20"
"tai30_20_09","abce3","MIXH",1,TRUE,"30x20"
"tai30_20_09","ga","MIXH",0.3,FALSE,"30x20"
"tai30_20_09","ga","MOR",0.5,FALSE,"30x20"
"tai30_20_09","feabcls","A0",0.933333333333333,TRUE,"30x20"
"tai30_20_09","feabcls","V2",0.966666666666667,TRUE,"30x20"
"tai30_20_09","feabcls","GP",0.833333333333333,FALSE,"30x20"
"tai30_20_09","abce3","GT",1,TRUE,"30x20"
"tai30_20_09","abce3","GP",1,TRUE,"30x20"
"tai30_20_09","feabcls","V2H",0.933333333333333,TRUE,"30x20"
"tai30_20_09","feabcls","MIX",0.9,TRUE,"30x20"
"tai30_20_09","abce3","MOR",1,TRUE,"30x20"
"tai30_20_09","tsn2","GT",0.966666666666667,TRUE,"30x20"
"tai30_20_09","tsn2","MIX",0.833333333333333,FALSE,"30x20"
"tai30_20_09","feabcls","MOR",0.933333333333333,TRUE,"30x20"
"tai30_20_09","tsn2","MOR",0.9,TRUE,"30x20"
"tai30_20_09","tsn2","V2",0.566666666666667,FALSE,"30x20"
"tai30_20_09","tsn2","GP",0.8,FALSE,"30x20"
"tai30_20_09","tsn2","MIXH",0.766666666666667,FALSE,"30x20"
"tai30_20_09","tsn2","A0",0.8,FALSE,"30x20"
"tai30_20_09","tsn2","V2H",0.866666666666667,FALSE,"30x20"
"tai30_20_09","feabcls","MIXH",0.933333333333333,TRUE,"30x20"
"tai30_20_10","ga","V2",0.0333333333333333,FALSE,"30x20"
"tai30_20_10","ga","MIX",0.1,FALSE,"30x20"
"tai30_20_10","ga","A0",0.133333333333333,FALSE,"30x20"
"tai30_20_10","ga","V2H",0.0666666666666667,FALSE,"30x20"
"tai30_20_10","ga","MOR",0.766666666666667,FALSE,"30x20"
"tai30_20_10","abce3","A0",0.966666666666667,TRUE,"30x20"
"tai30_20_10","abce3","GT",1,TRUE,"30x20"
"tai30_20_10","ga","GT",0.566666666666667,FALSE,"30x20"
"tai30_20_10","abce3","V2",1,TRUE,"30x20"
"tai30_20_10","ga","MIXH",0.366666666666667,FALSE,"30x20"
"tai30_20_10","abce3","V2H",1,TRUE,"30x20"
"tai30_20_10","abce3","MIX",1,TRUE,"30x20"
"tai30_20_10","feabcls","V2",1,TRUE,"30x20"
"tai30_20_10","feabcls","A0",0.866666666666667,FALSE,"30x20"
"tai30_20_10","feabcls","MIX",0.9,TRUE,"30x20"
"tai30_20_10","abce3","GP",1,TRUE,"30x20"
"tai30_20_10","abce3","MIXH",1,TRUE,"30x20"
"tai30_20_10","feabcls","GT",0.833333333333333,FALSE,"30x20"
"tai30_20_10","ga","GP",0.433333333333333,FALSE,"30x20"
"tai30_20_10","tsn2","GT",0.966666666666667,TRUE,"30x20"
"tai30_20_10","tsn2","MIX",0.8,FALSE,"30x20"
"tai30_20_10","feabcls","MOR",0.8,FALSE,"30x20"
"tai30_20_10","tsn2","A0",0.766666666666667,FALSE,"30x20"
"tai30_20_10","abce3","MOR",1,TRUE,"30x20"
"tai30_20_10","feabcls","V2H",0.933333333333333,TRUE,"30x20"
"tai30_20_10","feabcls","MIXH",1,TRUE,"30x20"
"tai30_20_10","feabcls","GP",0.966666666666667,TRUE,"30x20"
"tai30_20_10","tsn2","V2",0.866666666666667,FALSE,"30x20"
"tai30_20_10","tsn2","MOR",0.933333333333333,TRUE,"30x20"
"tai30_20_10","tsn2","MIXH",0.833333333333333,FALSE,"30x20"
"tai30_20_10","tsn2","GP",0.9,TRUE,"30x20"
"tai30_20_10","tsn2","V2H",0.7,FALSE,"30x20"
"tai50_15_01","ga","GT",0.3,FALSE,"50x15"
"tai50_15_01","ga","MIX",0.266666666666667,FALSE,"50x15"
"tai50_15_01","abce3","V2",1,TRUE,"50x15"
"tai50_15_01","ga","A0",0.433333333333333,FALSE,"50x15"
"tai50_15_01","ga","V2",0.533333333333333,FALSE,"50x15"
"tai50_15_01","abce3","A0",1,TRUE,"50x15"
"tai50_15_01","ga","GP",0.3,FALSE,"50x15"
"tai50_15_01","abce3","GT",0.7,FALSE,"50x15"
"tai50_15_01","ga","V2H",0.666666666666667,FALSE,"50x15"
"tai50_15_01","ga","MOR",0.4,FALSE,"50x15"
"tai50_15_01","abce3","MIX",0.9,TRUE,"50x15"
"tai50_15_01","ga","MIXH",0.366666666666667,FALSE,"50x15"
"tai50_15_01","feabcls","A0",0.9,TRUE,"50x15"
"tai50_15_01","feabcls","V2",0.666666666666667,FALSE,"50x15"
"tai50_15_01","abce3","V2H",1,TRUE,"50x15"
"tai50_15_01","feabcls","GT",0.333333333333333,FALSE,"50x15"
"tai50_15_01","abce3","MOR",0.766666666666667,FALSE,"50x15"
"tai50_15_01","abce3","GP",0.833333333333333,FALSE,"50x15"
"tai50_15_01","feabcls","MIX",0.666666666666667,FALSE,"50x15"
"tai50_15_01","abce3","MIXH",0.966666666666667,TRUE,"50x15"
"tai50_15_01","tsn2","V2",0.966666666666667,TRUE,"50x15"
"tai50_15_01","tsn2","MOR",0.633333333333333,FALSE,"50x15"
"tai50_15_01","feabcls","V2H",0.866666666666667,FALSE,"50x15"
"tai50_15_01","tsn2","A0",0.966666666666667,TRUE,"50x15"
"tai50_15_01","feabcls","GP",0.433333333333333,FALSE,"50x15"
"tai50_15_01","tsn2","MIX",0.933333333333333,TRUE,"50x15"
"tai50_15_01","tsn2","GP",1,TRUE,"50x15"
"tai50_15_01","feabcls","MOR",0.333333333333333,FALSE,"50x15"
"tai50_15_01","tsn2","GT",1,TRUE,"50x15"
"tai50_15_01","tsn2","V2H",0.9,TRUE,"50x15"
"tai50_15_01","tsn2","MIXH",1,TRUE,"50x15"
"tai50_15_01","feabcls","MIXH",0.9,TRUE,"50x15"
"tai50_15_02","ga","MIX",0.333333333333333,FALSE,"50x15"
"tai50_15_02","ga","GT",0.266666666666667,FALSE,"50x15"
"tai50_15_02","ga","MOR",0.266666666666667,FALSE,"50x15"
"tai50_15_02","abce3","A0",0.9,TRUE,"50x15"
"tai50_15_02","ga","A0",0.433333333333333,FALSE,"50x15"
"tai50_15_02","ga","V2",0.133333333333333,FALSE,"50x15"
"tai50_15_02","feabcls","V2",0.766666666666667,FALSE,"50x15"
"tai50_15_02","ga","GP",0.266666666666667,FALSE,"50x15"
"tai50_15_02","abce3","GT",1,TRUE,"50x15"
"tai50_15_02","ga","V2H",0.366666666666667,FALSE,"50x15"
"tai50_15_02","abce3","GP",0.9,TRUE,"50x15"
"tai50_15_02","feabcls","GT",0.3,FALSE,"50x15"
"tai50_15_02","ga","MIXH",0.266666666666667,FALSE,"50x15"
"tai50_15_02","abce3","MIX",1,TRUE,"50x15"
"tai50_15_02","feabcls","A0",0.8,FALSE,"50x15"
"tai50_15_02","abce3","MIXH",1,TRUE,"50x15"
"tai50_15_02","tsn2","A0",0.9,TRUE,"50x15"
"tai50_15_02","abce3","V2H",0.966666666666667,TRUE,"50x15"
"tai50_15_02","abce3","MOR",0.9,TRUE,"50x15"
"tai50_15_02","feabcls","MIX",0.833333333333333,FALSE,"50x15"
"tai50_15_02","feabcls","MOR",0.266666666666667,FALSE,"50x15"
"tai50_15_02","abce3","V2",0.966666666666667,TRUE,"50x15"
"tai50_15_02","tsn2","MIX",1,TRUE,"50x15"
"tai50_15_02","feabcls","V2H",0.833333333333333,FALSE,"50x15"
"tai50_15_02","tsn2","GT",0.666666666666667,FALSE,"50x15"
"tai50_15_02","tsn2","V2",0.866666666666667,FALSE,"50x15"
"tai50_15_02","tsn2","V2H",0.8,FALSE,"50x15"
"tai50_15_02","tsn2","MOR",0.733333333333333,FALSE,"50x15"
"tai50_15_02","feabcls","MIXH",0.833333333333333,FALSE,"50x15"
"tai50_15_02","feabcls","GP",0.433333333333333,FALSE,"50x15"
"tai50_15_02","tsn2","MIXH",1,TRUE,"50x15"
"tai50_15_02","tsn2","GP",0.966666666666667,TRUE,"50x15"
"tai50_15_03","ga","GT",0.433333333333333,FALSE,"50x15"
"tai50_15_03","ga","MIX",0.366666666666667,FALSE,"50x15"
"tai50_15_03","abce3","V2",0.966666666666667,TRUE,"50x15"
"tai50_15_03","abce3","GT",1,TRUE,"50x15"
"tai50_15_03","abce3","A0",1,TRUE,"50x15"
"tai50_15_03","ga","A0",0.366666666666667,FALSE,"50x15"
"tai50_15_03","ga","V2",0.233333333333333,FALSE,"50x15"
"tai50_15_03","abce3","MOR",0.966666666666667,TRUE,"50x15"
"tai50_15_03","ga","GP",0.5,FALSE,"50x15"
"tai50_15_03","abce3","MIX",1,TRUE,"50x15"
"tai50_15_03","ga","V2H",0.3,FALSE,"50x15"
"tai50_15_03","ga","MOR",0.233333333333333,FALSE,"50x15"
"tai50_15_03","feabcls","A0",1,TRUE,"50x15"
"tai50_15_03","ga","MIXH",0.333333333333333,FALSE,"50x15"
"tai50_15_03","feabcls","GT",0.9,TRUE,"50x15"
"tai50_15_03","tsn2","V2",1,TRUE,"50x15"
"tai50_15_03","abce3","GP",1,TRUE,"50x15"
"tai50_15_03","feabcls","V2",1,TRUE,"50x15"
"tai50_15_03","abce3","V2H",1,TRUE,"50x15"
"tai50_15_03","abce3","MIXH",1,TRUE,"50x15"
"tai50_15_03","feabcls","GP",1,TRUE,"50x15"
"tai50_15_03","feabcls","V2H",1,TRUE,"50x15"
"tai50_15_03","feabcls","MIX",0.966666666666667,TRUE,"50x15"
"tai50_15_03","tsn2","A0",1,TRUE,"50x15"
"tai50_15_03","tsn2","GT",1,TRUE,"50x15"
"tai50_15_03","tsn2","MOR",1,TRUE,"50x15"
"tai50_15_03","feabcls","MOR",0.666666666666667,FALSE,"50x15"
"tai50_15_03","feabcls","MIXH",1,TRUE,"50x15"
"tai50_15_03","tsn2","V2H",1,TRUE,"50x15"
"tai50_15_03","tsn2","MIX",1,TRUE,"50x15"
"tai50_15_03","tsn2","MIXH",1,TRUE,"50x15"
"tai50_15_03","tsn2","GP",1,TRUE,"50x15"
"tai50_15_04","ga","GT",0.633333333333333,FALSE,"50x15"
"tai50_15_04","ga","MIX",0.8,FALSE,"50x15"
"tai50_15_04","ga","A0",0.7,FALSE,"50x15"
"tai50_15_04","abce3","V2",1,TRUE,"50x15"
"tai50_15_04","abce3","GT",1,TRUE,"50x15"
"tai50_15_04","abce3","A0",1,TRUE,"50x15"
"tai50_15_04","ga","MIXH",0.6,FALSE,"50x15"
"tai50_15_04","ga","V2",0.333333333333333,FALSE,"50x15"
"tai50_15_04","abce3","MOR",1,TRUE,"50x15"
"tai50_15_04","ga","GP",0.766666666666667,FALSE,"50x15"
"tai50_15_04","feabcls","V2",1,TRUE,"50x15"
"tai50_15_04","ga","V2H",0.333333333333333,FALSE,"50x15"
"tai50_15_04","feabcls","A0",1,TRUE,"50x15"
"tai50_15_04","abce3","MIX",1,TRUE,"50x15"
"tai50_15_04","abce3","MIXH",1,TRUE,"50x15"
"tai50_15_04","abce3","V2H",1,TRUE,"50x15"
"tai50_15_04","ga","MOR",0.666666666666667,FALSE,"50x15"
"tai50_15_04","abce3","GP",1,TRUE,"50x15"
"tai50_15_04","tsn2","GT",1,TRUE,"50x15"
"tai50_15_04","feabcls","GT",1,TRUE,"50x15"
"tai50_15_04","tsn2","A0",1,TRUE,"50x15"
"tai50_15_04","feabcls","MIX",1,TRUE,"50x15"
"tai50_15_04","feabcls","V2H",1,TRUE,"50x15"
"tai50_15_04","feabcls","MOR",0.966666666666667,TRUE,"50x15"
"tai50_15_04","feabcls","GP",1,TRUE,"50x15"
"tai50_15_04","tsn2","V2",1,TRUE,"50x15"
"tai50_15_04","tsn2","MIX",1,TRUE,"50x15"
"tai50_15_04","feabcls","MIXH",1,TRUE,"50x15"
"tai50_15_04","tsn2","GP",1,TRUE,"50x15"
"tai50_15_04","tsn2","V2H",1,TRUE,"50x15"
"tai50_15_04","tsn2","MOR",1,TRUE,"50x15"
"tai50_15_04","tsn2","MIXH",1,TRUE,"50x15"
"tai50_15_05","ga","GT",0.466666666666667,FALSE,"50x15"
"tai50_15_05","ga","MIX",0.3,FALSE,"50x15"
"tai50_15_05","feabcls","A0",0.566666666666667,FALSE,"50x15"
"tai50_15_05","feabcls","V2",0.466666666666667,FALSE,"50x15"
"tai50_15_05","abce3","V2",1,TRUE,"50x15"
"tai50_15_05","abce3","GT",0.933333333333333,TRUE,"50x15"
"tai50_15_05","ga","A0",0.5,FALSE,"50x15"
"tai50_15_05","ga","V2",0.366666666666667,FALSE,"50x15"
"tai50_15_05","feabcls","MIX",0.3,FALSE,"50x15"
"tai50_15_05","abce3","MOR",1,TRUE,"50x15"
"tai50_15_05","abce3","A0",0.966666666666667,TRUE,"50x15"
"tai50_15_05","ga","V2H",0.2,FALSE,"50x15"
"tai50_15_05","feabcls","V2H",0.566666666666667,FALSE,"50x15"
"tai50_15_05","tsn2","A0",0.633333333333333,FALSE,"50x15"
"tai50_15_05","ga","GP",0.3,FALSE,"50x15"
"tai50_15_05","ga","MIXH",0.433333333333333,FALSE,"50x15"
"tai50_15_05","ga","MOR",0.366666666666667,FALSE,"50x15"
"tai50_15_05","feabcls","MOR",0.4,FALSE,"50x15"
"tai50_15_05","abce3","MIX",1,TRUE,"50x15"
"tai50_15_05","feabcls","GT",0.266666666666667,FALSE,"50x15"
"tai50_15_05","abce3","V2H",0.966666666666667,TRUE,"50x15"
"tai50_15_05","tsn2","MOR",0.733333333333333,FALSE,"50x15"
"tai50_15_05","abce3","GP",1,TRUE,"50x15"
"tai50_15_05","abce3","MIXH",0.966666666666667,TRUE,"50x15"
"tai50_15_05","tsn2","V2",0.433333333333333,FALSE,"50x15"
"tai50_15_05","tsn2","MIXH",0.933333333333333,TRUE,"50x15"
"tai50_15_05","tsn2","GT",0.9,TRUE,"50x15"
"tai50_15_05","tsn2","MIX",0.8,FALSE,"50x15"
"tai50_15_05","feabcls","GP",0.166666666666667,FALSE,"50x15"
"tai50_15_05","feabcls","MIXH",0.5,FALSE,"50x15"
"tai50_15_05","tsn2","V2H",0.766666666666667,FALSE,"50x15"
"tai50_15_05","tsn2","GP",0.733333333333333,FALSE,"50x15"
"tai50_15_06","ga","GT",0.433333333333333,FALSE,"50x15"
"tai50_15_06","abce3","GT",1,TRUE,"50x15"
"tai50_15_06","ga","MIX",0.433333333333333,FALSE,"50x15"
"tai50_15_06","feabcls","A0",1,TRUE,"50x15"
"tai50_15_06","abce3","V2",1,TRUE,"50x15"
"tai50_15_06","abce3","MOR",1,TRUE,"50x15"
"tai50_15_06","abce3","MIX",1,TRUE,"50x15"
"tai50_15_06","ga","A0",0.4,FALSE,"50x15"
"tai50_15_06","feabcls","V2",0.966666666666667,TRUE,"50x15"
"tai50_15_06","feabcls","GT",0.833333333333333,FALSE,"50x15"
"tai50_15_06","abce3","GP",0.966666666666667,TRUE,"50x15"
"tai50_15_06","abce3","A0",0.966666666666667,TRUE,"50x15"
"tai50_15_06","ga","V2",0.233333333333333,FALSE,"50x15"
"tai50_15_06","feabcls","V2H",0.966666666666667,TRUE,"50x15"
"tai50_15_06","tsn2","A0",1,TRUE,"50x15"
"tai50_15_06","ga","GP",0.366666666666667,FALSE,"50x15"
"tai50_15_06","ga","V2H",0.133333333333333,FALSE,"50x15"
"tai50_15_06","feabcls","MIX",0.966666666666667,TRUE,"50x15"
"tai50_15_06","feabcls","MOR",0.9,TRUE,"50x15"
"tai50_15_06","abce3","MIXH",1,TRUE,"50x15"
"tai50_15_06","ga","MIXH",0.3,FALSE,"50x15"
"tai50_15_06","ga","MOR",0.3,FALSE,"50x15"
"tai50_15_06","tsn2","GT",1,TRUE,"50x15"
"tai50_15_06","tsn2","V2",1,TRUE,"50x15"
"tai50_15_06","tsn2","MIX",1,TRUE,"50x15"
"tai50_15_06","abce3","V2H",1,TRUE,"50x15"
"tai50_15_06","feabcls","MIXH",1,TRUE,"50x15"
"tai50_15_06","feabcls","GP",1,TRUE,"50x15"
"tai50_15_06","tsn2","V2H",1,TRUE,"50x15"
"tai50_15_06","tsn2","MOR",0.9,TRUE,"50x15"
"tai50_15_06","tsn2","MIXH",1,TRUE,"50x15"
"tai50_15_06","tsn2","GP",1,TRUE,"50x15"
"tai50_15_07","feabcls","A0",1,TRUE,"50x15"
"tai50_15_07","ga","GT",0.3,FALSE,"50x15"
"tai50_15_07","ga","MIX",0.3,FALSE,"50x15"
"tai50_15_07","feabcls","MIX",1,TRUE,"50x15"
"tai50_15_07","tsn2","A0",1,TRUE,"50x15"
"tai50_15_07","abce3","V2",1,TRUE,"50x15"
"tai50_15_07","abce3","GT",0.966666666666667,TRUE,"50x15"
"tai50_15_07","abce3","A0",0.933333333333333,TRUE,"50x15"
"tai50_15_07","ga","A0",0.166666666666667,FALSE,"50x15"
"tai50_15_07","feabcls","V2",1,TRUE,"50x15"
"tai50_15_07","abce3","MOR",0.933333333333333,TRUE,"50x15"
"tai50_15_07","ga","GP",0.2,FALSE,"50x15"
"tai50_15_07","feabcls","MIXH",1,TRUE,"50x15"
"tai50_15_07","tsn2","GT",1,TRUE,"50x15"
"tai50_15_07","feabcls","GT",1,TRUE,"50x15"
"tai50_15_07","abce3","MIX",0.933333333333333,TRUE,"50x15"
"tai50_15_07","ga","MIXH",0.2,FALSE,"50x15"
"tai50_15_07","ga","V2",0.2,FALSE,"50x15"
"tai50_15_07","feabcls","V2H",1,TRUE,"50x15"
"tai50_15_07","abce3","GP",0.966666666666667,TRUE,"50x15"
"tai50_15_07","abce3","MIXH",1,TRUE,"50x15"
"tai50_15_07","tsn2","V2H",1,TRUE,"50x15"
"tai50_15_07","tsn2","MIX",1,TRUE,"50x15"
"tai50_15_07","tsn2","V2",1,TRUE,"50x15"
"tai50_15_07","feabcls","GP",1,TRUE,"50x15"
"tai50_15_07","ga","V2H",0.233333333333333,FALSE,"50x15"
"tai50_15_07","tsn2","GP",1,TRUE,"50x15"
"tai50_15_07","feabcls","MOR",1,TRUE,"50x15"
"tai50_15_07","abce3","V2H",1,TRUE,"50x15"
"tai50_15_07","ga","MOR",0.366666666666667,FALSE,"50x15"
"tai50_15_07","tsn2","MIXH",1,TRUE,"50x15"
"tai50_15_07","tsn2","MOR",1,TRUE,"50x15"
"tai50_15_08","feabcls","A0",1,TRUE,"50x15"
"tai50_15_08","feabcls","MIX",1,TRUE,"50x15"
"tai50_15_08","ga","GT",0.2,FALSE,"50x15"
"tai50_15_08","ga","MIX",0.2,FALSE,"50x15"
"tai50_15_08","ga","A0",0.166666666666667,FALSE,"50x15"
"tai50_15_08","feabcls","V2",1,TRUE,"50x15"
"tai50_15_08","abce3","V2",1,TRUE,"50x15"
"tai50_15_08","ga","GP",0.266666666666667,FALSE,"50x15"
"tai50_15_08","ga","V2H",0.2,FALSE,"50x15"
"tai50_15_08","tsn2","A0",1,TRUE,"50x15"
"tai50_15_08","feabcls","GT",0.966666666666667,TRUE,"50x15"
"tai50_15_08","abce3","GT",0.933333333333333,TRUE,"50x15"
"tai50_15_08","abce3","A0",0.9,TRUE,"50x15"
"tai50_15_08","ga","V2",0.266666666666667,FALSE,"50x15"
"tai50_15_08","feabcls","V2H",1,TRUE,"50x15"
"tai50_15_08","abce3","MOR",1,TRUE,"50x15"
"tai50_15_08","ga","MIXH",0.333333333333333,FALSE,"50x15"
"tai50_15_08","feabcls","MIXH",1,TRUE,"50x15"
"tai50_15_08","tsn2","V2",1,TRUE,"50x15"
"tai50_15_08","feabcls","MOR",1,TRUE,"50x15"
"tai50_15_08","abce3","MIX",1,TRUE,"50x15"
"tai50_15_08","ga","MOR",0.4,FALSE,"50x15"
"tai50_15_08","tsn2","V2H",1,TRUE,"50x15"
"tai50_15_08","tsn2","MIX",1,TRUE,"50x15"
"tai50_15_08","abce3","GP",0.933333333333333,TRUE,"50x15"
"tai50_15_08","abce3","V2H",1,TRUE,"50x15"
"tai50_15_08","tsn2","GT",1,TRUE,"50x15"
"tai50_15_08","tsn2","MOR",1,TRUE,"50x15"
"tai50_15_08","feabcls","GP",1,TRUE,"50x15"
"tai50_15_08","abce3","MIXH",1,TRUE,"50x15"
"tai50_15_08","tsn2","GP",1,TRUE,"50x15"
"tai50_15_08","tsn2","MIXH",1,TRUE,"50x15"
"tai50_15_09","ga","V2H",0.3,FALSE,"50x15"
"tai50_15_09","feabcls","A0",0.866666666666667,FALSE,"50x15"
"tai50_15_09","abce3","V2",0.966666666666667,TRUE,"50x15"
"tai50_15_09","ga","GT",0.2,FALSE,"50x15"
"tai50_15_09","ga","A0",0.3,FALSE,"50x15"
"tai50_15_09","feabcls","MIX",0.6,FALSE,"50x15"
"tai50_15_09","feabcls","V2",0.833333333333333,FALSE,"50x15"
"tai50_15_09","abce3","GT",0.866666666666667,FALSE,"50x15"
"tai50_15_09","ga","MOR",0.466666666666667,FALSE,"50x15"
"tai50_15_09","ga","V2",0.333333333333333,FALSE,"50x15"
"tai50_15_09","feabcls","V2H",0.8,FALSE,"50x15"
"tai50_15_09","abce3","MOR",0.866666666666667,FALSE,"50x15"
"tai50_15_09","ga","MIX",0.433333333333333,FALSE,"50x15"
"tai50_15_09","tsn2","GT",0.666666666666667,FALSE,"50x15"
"tai50_15_09","tsn2","A0",0.8,FALSE,"50x15"
"tai50_15_09","feabcls","GT",0.3,FALSE,"50x15"
"tai50_15_09","ga","GP",0.433333333333333,FALSE,"50x15"
"tai50_15_09","abce3","A0",1,TRUE,"50x15"
"tai50_15_09","feabcls","MIXH",0.9,TRUE,"50x15"
"tai50_15_09","feabcls","MOR",0.533333333333333,FALSE,"50x15"
"tai50_15_09","abce3","MIX",1,TRUE,"50x15"
"tai50_15_09","tsn2","GP",0.9,TRUE,"50x15"
"tai50_15_09","tsn2","MIX",0.966666666666667,TRUE,"50x15"
"tai50_15_09","tsn2","V2",1,TRUE,"50x15"
"tai50_15_09","abce3","GP",1,TRUE,"50x15"
"tai50_15_09","ga","MIXH",0.233333333333333,FALSE,"50x15"
"tai50_15_09","tsn2","MIXH",0.933333333333333,TRUE,"50x15"
"tai50_15_09","tsn2","V2H",0.966666666666667,TRUE,"50x15"
"tai50_15_09","feabcls","GP",0.4,FALSE,"50x15"
"tai50_15_09","abce3","MIXH",1,TRUE,"50x15"
"tai50_15_09","abce3","V2H",0.966666666666667,TRUE,"50x15"
"tai50_15_09","tsn2","MOR",0.633333333333333,FALSE,"50x15"
"tai50_15_10","ga","GT",0.266666666666667,FALSE,"50x15"
"tai50_15_10","feabcls","MIX",0.966666666666667,TRUE,"50x15"
"tai50_15_10","abce3","V2",1,TRUE,"50x15"
"tai50_15_10","abce3","GT",1,TRUE,"50x15"
"tai50_15_10","ga","V2H",0.366666666666667,FALSE,"50x15"
"tai50_15_10","ga","A0",0.333333333333333,FALSE,"50x15"
"tai50_15_10","feabcls","A0",0.8,FALSE,"50x15"
"tai50_15_10","abce3","MOR",0.966666666666667,TRUE,"50x15"
"tai50_15_10","ga","MIX",0.4,FALSE,"50x15"
"tai50_15_10","ga","MOR",0.733333333333333,FALSE,"50x15"
"tai50_15_10","tsn2","A0",0.966666666666667,TRUE,"50x15"
"tai50_15_10","feabcls","V2",0.933333333333333,TRUE,"50x15"
"tai50_15_10","ga","GP",0.333333333333333,FALSE,"50x15"
"tai50_15_10","abce3","A0",0.966666666666667,TRUE,"50x15"
"tai50_15_10","ga","V2",0.2,FALSE,"50x15"
"tai50_15_10","feabcls","V2H",0.9,TRUE,"50x15"
"tai50_15_10","abce3","MIX",1,TRUE,"50x15"
"tai50_15_10","tsn2","GP",1,TRUE,"50x15"
"tai50_15_10","feabcls","MIXH",1,TRUE,"50x15"
"tai50_15_10","tsn2","V2",0.933333333333333,TRUE,"50x15"
"tai50_15_10","abce3","GP",1,TRUE,"50x15"
"tai50_15_10","ga","MIXH",0.333333333333333,FALSE,"50x15"
"tai50_15_10","tsn2","GT",1,TRUE,"50x15"
"tai50_15_10","tsn2","V2H",1,TRUE,"50x15"
"tai50_15_10","feabcls","GT",0.733333333333333,FALSE,"50x15"
"tai50_15_10","abce3","MIXH",1,TRUE,"50x15"
"tai50_15_10","tsn2","MIXH",0.966666666666667,TRUE,"50x15"
"tai50_15_10","tsn2","MIX",1,TRUE,"50x15"
"tai50_15_10","feabcls","MOR",0.466666666666667,FALSE,"50x15"
"tai50_15_10","feabcls","GP",0.566666666666667,FALSE,"50x15"
"tai50_15_10","abce3","V2H",1,TRUE,"50x15"
"tai50_15_10","tsn2","MOR",1,TRUE,"50x15"
"tai50_20_01","ga","GT",0.433333333333333,FALSE,"50x20"
"tai50_20_01","tsn2","MIX",0.4,FALSE,"50x20"
"tai50_20_01","feabcls","A0",0.266666666666667,FALSE,"50x20"
"tai50_20_01","abce3","V2",0.9,TRUE,"50x20"
"tai50_20_01","ga","MIX",0.433333333333333,FALSE,"50x20"
"tai50_20_01","ga","A0",0.4,FALSE,"50x20"
"tai50_20_01","tsn2","A0",0.2,FALSE,"50x20"
"tai50_20_01","feabcls","V2",0.166666666666667,FALSE,"50x20"
"tai50_20_01","ga","GP",0.433333333333333,FALSE,"50x20"
"tai50_20_01","ga","V2H",0.166666666666667,FALSE,"50x20"
"tai50_20_01","ga","V2",0.2,FALSE,"50x20"
"tai50_20_01","feabcls","V2H",0.233333333333333,FALSE,"50x20"
"tai50_20_01","abce3","GT",1,TRUE,"50x20"
"tai50_20_01","abce3","A0",0.866666666666667,FALSE,"50x20"
"tai50_20_01","tsn2","MIXH",0.333333333333333,FALSE,"50x20"
"tai50_20_01","tsn2","V2",0.3,FALSE,"50x20"
"tai50_20_01","abce3","MOR",0.933333333333333,TRUE,"50x20"
"tai50_20_01","ga","MIXH",0.466666666666667,FALSE,"50x20"
"tai50_20_01","ga","MOR",0.366666666666667,FALSE,"50x20"
"tai50_20_01","tsn2","V2H",0.266666666666667,FALSE,"50x20"
"tai50_20_01","feabcls","MIX",0.166666666666667,FALSE,"50x20"
"tai50_20_01","abce3","MIX",1,TRUE,"50x20"
"tai50_20_01","tsn2","GP",0.333333333333333,FALSE,"50x20"
"tai50_20_01","tsn2","GT",0.333333333333333,FALSE,"50x20"
"tai50_20_01","feabcls","MOR",0.3,FALSE,"50x20"
"tai50_20_01","abce3","GP",0.966666666666667,TRUE,"50x20"
"tai50_20_01","abce3","V2H",0.833333333333333,FALSE,"50x20"
"tai50_20_01","feabcls","GP",0.133333333333333,FALSE,"50x20"
"tai50_20_01","tsn2","MOR",0.433333333333333,FALSE,"50x20"
"tai50_20_01","feabcls","MIXH",0.266666666666667,FALSE,"50x20"
"tai50_20_01","feabcls","GT",0.166666666666667,FALSE,"50x20"
"tai50_20_01","abce3","MIXH",1,TRUE,"50x20"
"tai50_20_02","ga","A0",0.266666666666667,FALSE,"50x20"
"tai50_20_02","ga","GT",0.333333333333333,FALSE,"50x20"
"tai50_20_02","ga","V2",0.266666666666667,FALSE,"50x20"
"tai50_20_02","abce3","V2",0.966666666666667,TRUE,"50x20"
"tai50_20_02","ga","V2H",0.266666666666667,FALSE,"50x20"
"tai50_20_02","ga","MOR",0.3,FALSE,"50x20"
"tai50_20_02","feabcls","A0",0.2,FALSE,"50x20"
"tai50_20_02","tsn2","MIX",0.366666666666667,FALSE,"50x20"
"tai50_20_02","abce3","GT",1,TRUE,"50x20"
"tai50_20_02","ga","MIX",0.433333333333333,FALSE,"50x20"
"tai50_20_02","tsn2","V2",0.3,FALSE,"50x20"
"tai50_20_02","feabcls","V2H",0.2,FALSE,"50x20"
"tai50_20_02","abce3","MOR",0.9,TRUE,"50x20"
"tai50_20_02","ga","GP",0.266666666666667,FALSE,"50x20"
"tai50_20_02","abce3","A0",0.9,TRUE,"50x20"
"tai50_20_02","tsn2","GT",0.466666666666667,FALSE,"50x20"
"tai50_20_02","feabcls","MIX",0.266666666666667,FALSE,"50x20"
"tai50_20_02","abce3","MIX",1,TRUE,"50x20"
"tai50_20_02","tsn2","MOR",0.3,FALSE,"50x20"
"tai50_20_02","abce3","V2H",0.966666666666667,TRUE,"50x20"
"tai50_20_02","tsn2","MIXH",0.166666666666667,FALSE,"50x20"
"tai50_20_02","abce3","GP",0.966666666666667,TRUE,"50x20"
"tai50_20_02","ga","MIXH",0.4,FALSE,"50x20"
"tai50_20_02","feabcls","GT",0.233333333333333,FALSE,"50x20"
"tai50_20_02","tsn2","GP",0.433333333333333,FALSE,"50x20"
"tai50_20_02","tsn2","A0",0.233333333333333,FALSE,"50x20"
"tai50_20_02","feabcls","V2",0.233333333333333,FALSE,"50x20"
"tai50_20_02","feabcls","MOR",0.166666666666667,FALSE,"50x20"
"tai50_20_02","feabcls","GP",0.333333333333333,FALSE,"50x20"
"tai50_20_02","feabcls","MIXH",0.133333333333333,FALSE,"50x20"
"tai50_20_02","abce3","MIXH",1,TRUE,"50x20"
"tai50_20_02","tsn2","V2H",0.2,FALSE,"50x20"
"tai50_20_03","ga","A0",0.366666666666667,FALSE,"50x20"
"tai50_20_03","ga","V2",0.133333333333333,FALSE,"50x20"
"tai50_20_03","abce3","A0",0.966666666666667,TRUE,"50x20"
"tai50_20_03","tsn2","MIX",0.5,FALSE,"50x20"
"tai50_20_03","ga","V2H",0.233333333333333,FALSE,"50x20"
"tai50_20_03","ga","MIX",0.3,FALSE,"50x20"
"tai50_20_03","ga","GT",0.4,FALSE,"50x20"
"tai50_20_03","ga","GP",0.366666666666667,FALSE,"50x20"
"tai50_20_03","abce3","GT",0.9,TRUE,"50x20"
"tai50_20_03","ga","MOR",0.5,FALSE,"50x20"
"tai50_20_03","abce3","MIX",0.9,TRUE,"50x20"
"tai50_20_03","tsn2","GT",0.5,FALSE,"50x20"
"tai50_20_03","tsn2","MIXH",0.4,FALSE,"50x20"
"tai50_20_03","tsn2","A0",0.3,FALSE,"50x20"
"tai50_20_03","abce3","V2H",0.966666666666667,TRUE,"50x20"
"tai50_20_03","abce3","MIXH",1,TRUE,"50x20"
"tai50_20_03","tsn2","V2",0.266666666666667,FALSE,"50x20"
"tai50_20_03","abce3","GP",0.966666666666667,TRUE,"50x20"
"tai50_20_03","abce3","V2",1,TRUE,"50x20"
"tai50_20_03","feabcls","A0",0.233333333333333,FALSE,"50x20"
"tai50_20_03","tsn2","GP",0.466666666666667,FALSE,"50x20"
"tai50_20_03","feabcls","MIX",0.233333333333333,FALSE,"50x20"
"tai50_20_03","ga","MIXH",0.3,FALSE,"50x20"
"tai50_20_03","abce3","MOR",0.966666666666667,TRUE,"50x20"
"tai50_20_03","feabcls","V2H",0.2,FALSE,"50x20"
"tai50_20_03","tsn2","MOR",0.466666666666667,FALSE,"50x20"
"tai50_20_03","feabcls","V2",0.133333333333333,FALSE,"50x20"
"tai50_20_03","feabcls","GT",0.333333333333333,FALSE,"50x20"
"tai50_20_03","feabcls","GP",0.3,FALSE,"50x20"
"tai50_20_03","tsn2","V2H",0.333333333333333,FALSE,"50x20"
"tai50_20_03","feabcls","MOR",0.3,FALSE,"50x20"
"tai50_20_03","feabcls","MIXH",0.266666666666667,FALSE,"50x20"
"tai50_20_04","abce3","A0",1,TRUE,"50x20"
"tai50_20_04","ga","MIX",0.366666666666667,FALSE,"50x20"
"tai50_20_04","abce3","V2",0.966666666666667,TRUE,"50x20"
"tai50_20_04","ga","V2",0.5,FALSE,"50x20"
"tai50_20_04","ga","MOR",0.533333333333333,FALSE,"50x20"
"tai50_20_04","ga","MIXH",0.333333333333333,FALSE,"50x20"
"tai50_20_04","abce3","GT",0.933333333333333,TRUE,"50x20"
"tai50_20_04","ga","A0",0.266666666666667,FALSE,"50x20"
"tai50_20_04","ga","GT",0.266666666666667,FALSE,"50x20"
"tai50_20_04","tsn2","MIX",0.4,FALSE,"50x20"
"tai50_20_04","abce3","V2H",1,TRUE,"50x20"
"tai50_20_04","abce3","MIX",1,TRUE,"50x20"
"tai50_20_04","ga","V2H",0.233333333333333,FALSE,"50x20"
"tai50_20_04","ga","GP",0.366666666666667,FALSE,"50x20"
"tai50_20_04","tsn2","A0",0.133333333333333,FALSE,"50x20"
"tai50_20_04","abce3","GP",1,TRUE,"50x20"
"tai50_20_04","tsn2","V2",0.333333333333333,FALSE,"50x20"
"tai50_20_04","feabcls","GT",0.2,FALSE,"50x20"
"tai50_20_04","abce3","MOR",0.966666666666667,TRUE,"50x20"
"tai50_20_04","feabcls","A0",0.233333333333333,FALSE,"50x20"
"tai50_20_04","abce3","MIXH",1,TRUE,"50x20"
"tai50_20_04","tsn2","MOR",0.4,FALSE,"50x20"
"tai50_20_04","tsn2","GT",0.633333333333333,FALSE,"50x20"
"tai50_20_04","tsn2","V2H",0.433333333333333,FALSE,"50x20"
"tai50_20_04","feabcls","V2",0.166666666666667,FALSE,"50x20"
"tai50_20_04","feabcls","MOR",0.466666666666667,FALSE,"50x20"
"tai50_20_04","tsn2","MIXH",0.433333333333333,FALSE,"50x20"
"tai50_20_04","feabcls","MIX",0.266666666666667,FALSE,"50x20"
"tai50_20_04","feabcls","V2H",0.3,FALSE,"50x20"
"tai50_20_04","feabcls","GP",0.2,FALSE,"50x20"
"tai50_20_04","tsn2","GP",0.533333333333333,FALSE,"50x20"
"tai50_20_04","feabcls","MIXH",0.3,FALSE,"50x20"
"tai50_20_05","ga","V2",0.3,FALSE,"50x20"
"tai50_20_05","ga","MIX",0.3,FALSE,"50x20"
"tai50_20_05","abce3","V2",0.933333333333333,TRUE,"50x20"
"tai50_20_05","tsn2","MIX",0.366666666666667,FALSE,"50x20"
"tai50_20_05","ga","GT",0.6,FALSE,"50x20"
"tai50_20_05","ga","GP",0.266666666666667,FALSE,"50x20"
"tai50_20_05","ga","MOR",0.466666666666667,FALSE,"50x20"
"tai50_20_05","abce3","A0",0.866666666666667,FALSE,"50x20"
"tai50_20_05","tsn2","MIXH",0.233333333333333,FALSE,"50x20"
"tai50_20_05","tsn2","A0",0.233333333333333,FALSE,"50x20"
"tai50_20_05","feabcls","V2",0.233333333333333,FALSE,"50x20"
"tai50_20_05","abce3","GT",0.833333333333333,FALSE,"50x20"
"tai50_20_05","ga","A0",0.366666666666667,FALSE,"50x20"
"tai50_20_05","ga","V2H",0.266666666666667,FALSE,"50x20"
"tai50_20_05","ga","MIXH",0.333333333333333,FALSE,"50x20"
"tai50_20_05","abce3","MOR",0.933333333333333,TRUE,"50x20"
"tai50_20_05","abce3","V2H",0.9,TRUE,"50x20"
"tai50_20_05","tsn2","GT",0.466666666666667,FALSE,"50x20"
"tai50_20_05","tsn2","V2",0.3,FALSE,"50x20"
"tai50_20_05","feabcls","GT",0.1,FALSE,"50x20"
"tai50_20_05","abce3","MIX",0.966666666666667,TRUE,"50x20"
"tai50_20_05","abce3","MIXH",0.966666666666667,TRUE,"50x20"
"tai50_20_05","tsn2","V2H",0.2,FALSE,"50x20"
"tai50_20_05","feabcls","MOR",0.3,FALSE,"50x20"
"tai50_20_05","abce3","GP",0.833333333333333,FALSE,"50x20"
"tai50_20_05","feabcls","V2H",0.1,FALSE,"50x20"
"tai50_20_05","tsn2","GP",0.233333333333333,FALSE,"50x20"
"tai50_20_05","feabcls","MIX",0.233333333333333,FALSE,"50x20"
"tai50_20_05","feabcls","A0",0.2,FALSE,"50x20"
"tai50_20_05","tsn2","MOR",0.433333333333333,FALSE,"50x20"
"tai50_20_05","feabcls","GP",0.166666666666667,FALSE,"50x20"
"tai50_20_05","feabcls","MIXH",0.2,FALSE,"50x20"
"tai50_20_06","tsn2","MIX",0.433333333333333,FALSE,"50x20"
"tai50_20_06","ga","V2",0.333333333333333,FALSE,"50x20"
"tai50_20_06","ga","A0",0.3,FALSE,"50x20"
"tai50_20_06","tsn2","MIXH",0.233333333333333,FALSE,"50x20"
"tai50_20_06","abce3","A0",0.866666666666667,FALSE,"50x20"
"tai50_20_06","tsn2","GP",0.4,FALSE,"50x20"
"tai50_20_06","ga","GT",0.433333333333333,FALSE,"50x20"
"tai50_20_06","ga","MIX",0.666666666666667,FALSE,"50x20"
"tai50_20_06","tsn2","GT",0.366666666666667,FALSE,"50x20"
"tai50_20_06","tsn2","A0",0.466666666666667,FALSE,"50x20"
"tai50_20_06","ga","V2H",0.3,FALSE,"50x20"
"tai50_20_06","ga","MOR",0.5,FALSE,"50x20"
"tai50_20_06","abce3","V2H",0.933333333333333,TRUE,"50x20"
"tai50_20_06","tsn2","V2",0.4,FALSE,"50x20"
"tai50_20_06","feabcls","MIX",0.166666666666667,FALSE,"50x20"
"tai50_20_06","feabcls","V2",0.3,FALSE,"50x20"
"tai50_20_06","abce3","V2",0.966666666666667,TRUE,"50x20"
"tai50_20_06","abce3","GT",0.866666666666667,FALSE,"50x20"
"tai50_20_06","tsn2","V2H",0.466666666666667,FALSE,"50x20"
"tai50_20_06","ga","GP",0.966666666666667,TRUE,"50x20"
"tai50_20_06","ga","MIXH",0.466666666666667,FALSE,"50x20"
"tai50_20_06","abce3","MOR",0.9,TRUE,"50x20"
"tai50_20_06","tsn2","MOR",0.5,FALSE,"50x20"
"tai50_20_06","feabcls","GT",0.266666666666667,FALSE,"50x20"
"tai50_20_06","feabcls","A0",0.166666666666667,FALSE,"50x20"
"tai50_20_06","abce3","MIX",0.933333333333333,TRUE,"50x20"
"tai50_20_06","abce3","GP",1,TRUE,"50x20"
"tai50_20_06","feabcls","MIXH",0.1,FALSE,"50x20"
"tai50_20_06","feabcls","MOR",0.4,FALSE,"50x20"
"tai50_20_06","feabcls","V2H",0.2,FALSE,"50x20"
"tai50_20_06","abce3","MIXH",0.933333333333333,TRUE,"50x20"
"tai50_20_06","feabcls","GP",0.166666666666667,FALSE,"50x20"
"tai50_20_07","tsn2","GT",0.4,FALSE,"50x20"
"tai50_20_07","tsn2","V2",0.333333333333333,FALSE,"50x20"
"tai50_20_07","feabcls","V2",0.2,FALSE,"50x20"
"tai50_20_07","ga","GT",0.333333333333333,FALSE,"50x20"
"tai50_20_07","feabcls","MIX",0.166666666666667,FALSE,"50x20"
"tai50_20_07","ga","A0",0.466666666666667,FALSE,"50x20"
"tai50_20_07","tsn2","MOR",0.4,FALSE,"50x20"
"tai50_20_07","feabcls","MOR",0.133333333333333,FALSE,"50x20"
"tai50_20_07","ga","V2",0.233333333333333,FALSE,"50x20"
"tai50_20_07","feabcls","MIXH",0.3,FALSE,"50x20"
"tai50_20_07","tsn2","MIXH",0.233333333333333,FALSE,"50x20"
"tai50_20_07","abce3","GT",0.9,TRUE,"50x20"
"tai50_20_07","tsn2","GP",0.366666666666667,FALSE,"50x20"
"tai50_20_07","tsn2","A0",0.233333333333333,FALSE,"50x20"
"tai50_20_07","ga","V2H",0.3,FALSE,"50x20"
"tai50_20_07","abce3","GP",1,TRUE,"50x20"
"tai50_20_07","ga","MIX",0.2,FALSE,"50x20"
"tai50_20_07","ga","MOR",0.666666666666667,FALSE,"50x20"
"tai50_20_07","feabcls","GT",0.433333333333333,FALSE,"50x20"
"tai50_20_07","feabcls","A0",0.133333333333333,FALSE,"50x20"
"tai50_20_07","ga","GP",0.366666666666667,FALSE,"50x20"
"tai50_20_07","abce3","A0",0.766666666666667,FALSE,"50x20"
"tai50_20_07","tsn2","V2H",0.366666666666667,FALSE,"50x20"
"tai50_20_07","feabcls","GP",0.366666666666667,FALSE,"50x20"
"tai50_20_07","abce3","MIX",0.966666666666667,TRUE,"50x20"
"tai50_20_07","tsn2","MIX",0.5,FALSE,"50x20"
"tai50_20_07","abce3","V2H",0.966666666666667,TRUE,"50x20"
"tai50_20_07","abce3","MIXH",1,TRUE,"50x20"
"tai50_20_07","ga","MIXH",0.5,FALSE,"50x20"
"tai50_20_07","feabcls","V2H",0.166666666666667,FALSE,"50x20"
"tai50_20_07","abce3","V2",0.966666666666667,TRUE,"50x20"
"tai50_20_07","abce3","MOR",0.9,TRUE,"50x20"
"tai50_20_08","tsn2","V2",0.366666666666667,FALSE,"50x20"
"tai50_20_08","feabcls","A0",0.0666666666666667,FALSE,"50x20"
"tai50_20_08","tsn2","MIXH",0.4,FALSE,"50x20"
"tai50_20_08","abce3","GT",0.9,TRUE,"50x20"
"tai50_20_08","feabcls","V2H",0.166666666666667,FALSE,"50x20"
"tai50_20_08","feabcls","V2",0.2,FALSE,"50x20"
"tai50_20_08","feabcls","GP",0.3,FALSE,"50x20"
"tai50_20_08","tsn2","GP",0.266666666666667,FALSE,"50x20"
"tai50_20_08","tsn2","MOR",0.4,FALSE,"50x20"
"tai50_20_08","feabcls","GT",0.3,FALSE,"50x20"
"tai50_20_08","abce3","MIX",1,TRUE,"50x20"
"tai50_20_08","tsn2","A0",0.5,FALSE,"50x20"
"tai50_20_08","ga","A0",0.366666666666667,FALSE,"50x20"
"tai50_20_08","ga","V2",0.333333333333333,FALSE,"50x20"
"tai50_20_08","feabcls","MIX",0.366666666666667,FALSE,"50x20"
"tai50_20_08","abce3","GP",1,TRUE,"50x20"
"tai50_20_08","ga","V2H",0.166666666666667,FALSE,"50x20"
"tai50_20_08","feabcls","MOR",0.233333333333333,FALSE,"50x20"
"tai50_20_08","feabcls","MIXH",0.333333333333333,FALSE,"50x20"
"tai50_20_08","tsn2","V2H",0.166666666666667,FALSE,"50x20"
"tai50_20_08","abce3","V2",1,TRUE,"50x20"
"tai50_20_08","ga","GT",0.433333333333333,FALSE,"50x20"
"tai50_20_08","tsn2","MIX",0.2,FALSE,"50x20"
"tai50_20_08","abce3","MIXH",1,TRUE,"50x20"
"tai50_20_08","abce3","MOR",0.966666666666667,TRUE,"50x20"
"tai50_20_08","tsn2","GT",0.466666666666667,FALSE,"50x20"
"tai50_20_08","ga","MOR",0.6,FALSE,"50x20"
"tai50_20_08","ga","GP",0.866666666666667,FALSE,"50x20"
"tai50_20_08","ga","MIX",0.4,FALSE,"50x20"
"tai50_20_08","abce3","A0",0.966666666666667,TRUE,"50x20"
"tai50_20_08","ga","MIXH",0.366666666666667,FALSE,"50x20"
"tai50_20_08","abce3","V2H",0.966666666666667,TRUE,"50x20"
"tai50_20_09","abce3","V2",1,TRUE,"50x20"
"tai50_20_09","abce3","MIX",0.966666666666667,TRUE,"50x20"
"tai50_20_09","abce3","MOR",0.766666666666667,FALSE,"50x20"
"tai50_20_09","abce3","MIXH",1,TRUE,"50x20"
"tai50_20_09","feabcls","MIXH",0.166666666666667,FALSE,"50x20"
"tai50_20_09","tsn2","MOR",0.366666666666667,FALSE,"50x20"
"tai50_20_09","abce3","A0",0.866666666666667,FALSE,"50x20"
"tai50_20_09","feabcls","GT",0.233333333333333,FALSE,"50x20"
"tai50_20_09","feabcls","MIX",0.233333333333333,FALSE,"50x20"
"tai50_20_09","tsn2","GP",0.4,FALSE,"50x20"
"tai50_20_09","feabcls","A0",0.133333333333333,FALSE,"50x20"
"tai50_20_09","abce3","V2H",0.966666666666667,TRUE,"50x20"
"tai50_20_09","ga","V2H",0.333333333333333,FALSE,"50x20"
"tai50_20_09","tsn2","MIX",0.4,FALSE,"50x20"
"tai50_20_09","feabcls","V2H",0.266666666666667,FALSE,"50x20"
"tai50_20_09","feabcls","GP",0.166666666666667,FALSE,"50x20"
"tai50_20_09","ga","GT",0.433333333333333,FALSE,"50x20"
"tai50_20_09","ga","A0",0.3,FALSE,"50x20"
"tai50_20_09","ga","MIX",0.3,FALSE,"50x20"
"tai50_20_09","tsn2","V2H",0.266666666666667,FALSE,"50x20"
"tai50_20_09","abce3","GT",0.966666666666667,TRUE,"50x20"
"tai50_20_09","tsn2","MIXH",0.333333333333333,FALSE,"50x20"
"tai50_20_09","tsn2","V2",0.233333333333333,FALSE,"50x20"
"tai50_20_09","tsn2","GT",0.433333333333333,FALSE,"50x20"
"tai50_20_09","tsn2","A0",0.366666666666667,FALSE,"50x20"
"tai50_20_09","ga","MOR",0.633333333333333,FALSE,"50x20"
"tai50_20_09","ga","MIXH",0.266666666666667,FALSE,"50x20"
"tai50_20_09","feabcls","V2",0.233333333333333,FALSE,"50x20"
"tai50_20_09","abce3","GP",1,TRUE,"50x20"
"tai50_20_09","ga","GP",0.566666666666667,FALSE,"50x20"
"tai50_20_09","feabcls","MOR",0.366666666666667,FALSE,"50x20"
"tai50_20_09","ga","V2",0.2,FALSE,"50x20"
"tai50_20_10","abce3","A0",1,TRUE,"50x20"
"tai50_20_10","abce3","MIXH",0.9,TRUE,"50x20"
"tai50_20_10","abce3","MIX",0.966666666666667,TRUE,"50x20"
"tai50_20_10","abce3","V2H",0.933333333333333,TRUE,"50x20"
"tai50_20_10","feabcls","GT",0.366666666666667,FALSE,"50x20"
"tai50_20_10","tsn2","MOR",0.433333333333333,FALSE,"50x20"
"tai50_20_10","tsn2","V2",0.233333333333333,FALSE,"50x20"
"tai50_20_10","feabcls","GP",0.266666666666667,FALSE,"50x20"
"tai50_20_10","tsn2","A0",0.2,FALSE,"50x20"
"tai50_20_10","tsn2","GT",0.5,FALSE,"50x20"
"tai50_20_10","tsn2","MIX",0.4,FALSE,"50x20"
"tai50_20_10","feabcls","MIX",0.233333333333333,FALSE,"50x20"
"tai50_20_10","ga","V2",0.433333333333333,FALSE,"50x20"
"tai50_20_10","ga","A0",0.3,FALSE,"50x20"
"tai50_20_10","ga","GT",0.3,FALSE,"50x20"
"tai50_20_10","ga","MIX",0.233333333333333,FALSE,"50x20"
"tai50_20_10","abce3","V2",0.9,TRUE,"50x20"
"tai50_20_10","abce3","GT",0.966666666666667,TRUE,"50x20"
"tai50_20_10","feabcls","A0",0.133333333333333,FALSE,"50x20"
"tai50_20_10","feabcls","V2",0.0666666666666667,FALSE,"50x20"
"tai50_20_10","ga","MOR",0.266666666666667,FALSE,"50x20"
"tai50_20_10","ga","V2H",0.333333333333333,FALSE,"50x20"
"tai50_20_10","ga","GP",0.233333333333333,FALSE,"50x20"
"tai50_20_10","ga","MIXH",0.3,FALSE,"50x20"
"tai50_20_10","abce3","MOR",0.866666666666667,FALSE,"50x20"
"tai50_20_10","abce3","GP",0.933333333333333,TRUE,"50x20"
"tai50_20_10","feabcls","V2H",0.0666666666666667,FALSE,"50x20"
"tai50_20_10","feabcls","MOR",0.266666666666667,FALSE,"50x20"
"tai50_20_10","feabcls","MIXH",0.233333333333333,FALSE,"50x20"
"tai50_20_10","tsn2","V2H",0.433333333333333,FALSE,"50x20"
"tai50_20_10","tsn2","GP",0.533333333333333,FALSE,"50x20"
"tai50_20_10","tsn2","MIXH",0.433333333333333,FALSE,"50x20"
