inst,gen,pool_mean,pool_best,pool_sd
ft10,v2,1079.86,988.50,38.09
ft10,graspmor,1366.26,1245.00,66.68
ft10,gtmwkr,1218.00,1125.50,37.59
ft10,gp,1110.38,991.00,48.59
ft10,mix,1131.93,988.50,72.38
tai15_15_01,v2,1474.29,1380.00,47.07
tai15_15_01,graspmor,1658.04,1558.50,68.91
tai15_15_01,gtmwkr,1561.89,1436.00,42.83
tai15_15_01,gp,1494.78,1402.50,45.29
tai15_15_01,mix,1513.62,1380.00,57.82
tai15_15_02,v2,1436.59,1326.00,45.44
tai15_15_02,graspmor,1730.56,1564.00,71.25
tai15_15_02,gtmwkr,1563.76,1468.00,47.02
tai15_15_02,gp,1452.57,1332.00,49.83
tai15_15_02,mix,1481.82,1330.50,73.47
tai15_15_03,v2,1442.86,1346.00,43.46
tai15_15_03,graspmor,1781.07,1584.50,76.57
tai15_15_03,gtmwkr,1592.49,1445.50,43.56
tai15_15_03,gp,1469.56,1337.00,52.16
tai15_15_03,mix,1501.00,1346.00,79.75
tai15_15_04,v2,1409.47,1278.00,40.55
tai15_15_04,graspmor,1933.27,1833.00,44.36
tai15_15_04,gtmwkr,1529.15,1423.00,46.39
tai15_15_04,gp,1420.06,1308.00,46.63
tai15_15_04,mix,1448.62,1292.00,69.01
tai15_15_05,v2,1410.69,1331.00,40.39
tai15_15_05,graspmor,1840.84,1632.50,70.18
tai15_15_05,gtmwkr,1608.60,1481.50,47.98
tai15_15_05,gp,1455.04,1349.00,56.33
tai15_15_05,mix,1495.22,1331.00,97.25
tai15_15_06,v2,1414.11,1329.50,39.91
tai15_15_06,graspmor,1765.82,1645.00,65.86
tai15_15_06,gtmwkr,1512.06,1421.00,38.99
tai15_15_06,gp,1441.19,1344.00,43.66
tai15_15_06,mix,1454.83,1330.00,58.43
tai15_15_07,v2,1405.26,1324.50,35.60
tai15_15_07,graspmor,1774.90,1555.00,89.14
tai15_15_07,gtmwkr,1584.49,1436.50,53.77
tai15_15_07,gp,1486.69,1371.00,55.24
tai15_15_07,mix,1492.61,1324.50,89.79
tai15_15_08,v2,1425.95,1328.00,38.35
tai15_15_08,graspmor,1775.04,1616.50,70.03
tai15_15_08,gtmwkr,1557.50,1453.00,43.96
tai15_15_08,gp,1456.94,1364.00,44.84
tai15_15_08,mix,1478.64,1328.00,68.56
tai15_15_09,v2,1523.02,1414.00,42.97
tai15_15_09,graspmor,1805.56,1647.00,70.25
tai15_15_09,gtmwkr,1652.19,1571.50,42.52
tai15_15_09,gp,1559.59,1449.00,59.60
tai15_15_09,mix,1577.50,1434.50,70.97
tai15_15_10,v2,1461.07,1368.50,38.63
tai15_15_10,graspmor,1814.84,1634.00,99.69
tai15_15_10,gtmwkr,1575.27,1472.00,42.82
tai15_15_10,gp,1502.34,1390.00,55.05
tai15_15_10,mix,1513.03,1386.00,62.51
tai20_20_01,v2,1941.24,1825.00,46.81
tai20_20_01,graspmor,2414.36,2218.00,91.13
tai20_20_01,gtmwkr,2128.88,1973.50,54.89
tai20_20_01,gp,2025.21,1880.00,63.88
tai20_20_01,mix,2031.70,1825.00,92.47
tai20_20_02,v2,1902.28,1783.50,43.45
tai20_20_02,graspmor,2443.07,2256.00,116.98
tai20_20_02,gtmwkr,2071.46,1948.00,50.23
tai20_20_02,gp,1915.78,1804.00,55.88
tai20_20_02,mix,1958.61,1812.00,88.28
tai20_20_03,v2,1829.12,1715.50,50.23
tai20_20_03,graspmor,2321.72,2130.00,95.99
tai20_20_03,gtmwkr,2071.51,1971.50,39.63
tai20_20_03,gp,1891.90,1764.50,55.72
tai20_20_03,mix,1932.12,1726.00,111.21
tai20_20_04,v2,1903.05,1814.00,37.97
tai20_20_04,graspmor,2398.98,2201.00,104.94
tai20_20_04,gtmwkr,2098.88,2002.00,42.32
tai20_20_04,gp,1965.99,1845.00,57.99
tai20_20_04,mix,1988.45,1825.50,91.79
tai20_20_05,v2,1886.75,1774.00,47.32
tai20_20_05,graspmor,2480.91,2242.50,88.69
tai20_20_05,gtmwkr,2053.50,1908.00,42.40
tai20_20_05,gp,1908.26,1781.00,54.46
tai20_20_05,mix,1945.93,1774.00,90.86
tai20_20_06,v2,1912.15,1819.00,41.36
tai20_20_06,graspmor,2495.63,2313.00,82.52
tai20_20_06,gtmwkr,2114.14,2018.00,39.12
tai20_20_06,gp,2003.90,1850.50,62.26
tai20_20_06,mix,2010.99,1836.00,92.20
tai20_20_07,v2,1997.43,1876.00,49.78
tai20_20_07,graspmor,2586.17,2413.00,91.97
tai20_20_07,gtmwkr,2183.11,2059.50,43.40
tai20_20_07,gp,2079.85,1918.00,65.64
tai20_20_07,mix,2088.38,1893.00,91.62
tai20_20_08,v2,1885.54,1764.00,46.94
tai20_20_08,graspmor,2384.40,2222.50,97.09
tai20_20_08,gtmwkr,2045.08,1943.00,45.37
tai20_20_08,gp,1925.17,1803.50,54.83
tai20_20_08,mix,1949.77,1764.00,83.86
tai20_20_09,v2,1906.40,1773.00,46.18
tai20_20_09,graspmor,2523.43,2262.50,96.74
tai20_20_09,gtmwkr,2082.90,1972.50,40.74
tai20_20_09,gp,1934.87,1809.50,62.10
tai20_20_09,mix,1979.40,1814.00,92.14
tai20_20_10,v2,1902.97,1798.50,44.87
tai20_20_10,graspmor,2416.60,2253.00,89.32
tai20_20_10,gtmwkr,2047.76,1939.00,40.43
tai20_20_10,gp,1919.80,1796.50,58.38
tai20_20_10,mix,1958.42,1796.50,83.09
tai30_15_01,v2,2169.98,2009.50,56.12
tai30_15_01,graspmor,2523.60,2311.00,102.33
tai30_15_01,gtmwkr,2416.65,2259.00,54.98
tai30_15_01,gp,2226.61,2065.50,64.44
tai30_15_01,mix,2274.90,2009.50,124.54
tai30_15_02,v2,2226.59,2112.00,51.54
tai30_15_02,graspmor,2835.63,2595.00,107.19
tai30_15_02,gtmwkr,2399.00,2292.50,38.79
tai30_15_02,gp,2223.07,2086.00,54.03
tai30_15_02,mix,2284.34,2086.00,94.96
tai30_15_03,v2,2265.74,2113.00,57.72
tai30_15_03,graspmor,2620.43,2465.50,74.80
tai30_15_03,gtmwkr,2449.61,2373.00,43.49
tai30_15_03,gp,2328.49,2215.00,52.93
tai30_15_03,mix,2346.27,2155.50,87.82
tai30_15_04,v2,2217.98,2125.00,38.70
tai30_15_04,graspmor,2619.32,2415.50,110.44
tai30_15_04,gtmwkr,2356.75,2258.50,40.43
tai30_15_04,gp,2217.03,2091.50,53.07
tai30_15_04,mix,2264.53,2091.50,77.87
tai30_15_05,v2,2209.19,2090.50,42.48
tai30_15_05,graspmor,2697.88,2543.00,77.78
tai30_15_05,gtmwkr,2443.38,2310.50,49.75
tai30_15_05,gp,2268.16,2116.50,54.36
tai30_15_05,mix,2304.98,2090.50,109.30
tai30_15_06,v2,2229.24,2072.00,65.99
tai30_15_06,graspmor,2989.05,2741.00,104.84
tai30_15_06,gtmwkr,2535.75,2394.00,54.16
tai30_15_06,gp,2260.44,2114.00,65.44
tai30_15_06,mix,2342.60,2072.00,153.74
tai30_15_07,v2,2224.25,2109.00,51.33
tai30_15_07,graspmor,2678.94,2487.00,100.42
tai30_15_07,gtmwkr,2397.18,2228.50,52.97
tai30_15_07,gp,2160.47,2027.00,65.23
tai30_15_07,mix,2257.53,2027.00,113.75
tai30_15_08,v2,2040.23,1925.00,47.74
tai30_15_08,graspmor,2673.03,2405.50,116.88
tai30_15_08,gtmwkr,2180.84,2081.50,35.65
tai30_15_08,gp,2055.82,1936.00,49.41
tai30_15_08,mix,2094.01,1941.50,76.88
tai30_15_09,v2,2117.35,2013.50,38.27
tai30_15_09,graspmor,2795.43,2590.00,98.65
tai30_15_09,gtmwkr,2340.06,2260.00,39.26
tai30_15_09,gp,2207.90,2067.50,71.12
tai30_15_09,mix,2222.53,2041.00,101.43
tai30_15_10,v2,2101.92,1981.00,50.53
tai30_15_10,graspmor,2508.41,2314.50,106.44
tai30_15_10,gtmwkr,2344.52,2178.00,49.38
tai30_15_10,gp,2129.51,2006.00,53.32
tai30_15_10,mix,2192.15,1981.00,121.16
tai30_20_01,v2,2517.56,2373.00,52.01
tai30_20_01,graspmor,3050.11,2829.00,108.92
tai30_20_01,gtmwkr,2792.15,2674.00,44.58
tai30_20_01,gp,2588.03,2427.50,67.46
tai30_20_01,mix,2632.24,2373.00,128.17
tai30_20_02,v2,2411.89,2274.00,56.46
tai30_20_02,graspmor,3169.98,2924.50,124.30
tai30_20_02,gtmwkr,2649.62,2534.50,44.53
tai30_20_02,gp,2422.94,2260.50,64.04
tai30_20_02,mix,2493.06,2274.00,122.13
tai30_20_03,v2,2317.51,2182.50,52.73
tai30_20_03,graspmor,3027.26,2818.00,92.87
tai30_20_03,gtmwkr,2514.17,2391.50,45.76
tai30_20_03,gp,2322.86,2163.50,61.31
tai30_20_03,mix,2386.44,2183.00,104.11
tai30_20_04,v2,2444.88,2307.50,59.70
tai30_20_04,graspmor,3140.90,2965.00,77.33
tai30_20_04,gtmwkr,2665.91,2552.50,47.12
tai30_20_04,gp,2482.20,2353.50,60.49
tai30_20_04,mix,2533.36,2341.50,105.88
tai30_20_05,v2,2401.51,2258.50,57.29
tai30_20_05,graspmor,3249.47,2993.50,115.69
tai30_20_05,gtmwkr,2666.48,2514.00,52.56
tai30_20_05,gp,2417.44,2271.50,55.80
tai30_20_05,mix,2497.84,2271.50,134.49
tai30_20_06,v2,2448.12,2304.00,49.89
tai30_20_06,graspmor,3215.55,2954.00,96.52
tai30_20_06,gtmwkr,2652.62,2542.50,42.84
tai30_20_06,gp,2495.59,2340.00,60.55
tai30_20_06,mix,2528.31,2340.00,100.80
tai30_20_07,v2,2278.10,2165.50,47.48
tai30_20_07,graspmor,3204.02,2920.50,83.18
tai30_20_07,gtmwkr,2452.36,2360.00,38.20
tai30_20_07,gp,2301.70,2189.50,52.30
tai30_20_07,mix,2342.54,2165.50,88.15
tai30_20_08,v2,2386.48,2263.50,43.85
tai30_20_08,graspmor,2979.96,2771.00,89.36
tai30_20_08,gtmwkr,2623.64,2502.50,51.76
tai30_20_08,gp,2425.59,2284.00,62.96
tai30_20_08,mix,2473.31,2263.50,117.92
tai30_20_09,v2,2444.79,2317.00,49.80
tai30_20_09,graspmor,2940.75,2765.50,94.36
tai30_20_09,gtmwkr,2631.41,2528.50,46.49
tai30_20_09,gp,2423.37,2290.00,51.89
tai30_20_09,mix,2502.16,2290.00,102.32
tai30_20_10,v2,2413.70,2286.00,49.61
tai30_20_10,graspmor,2983.64,2704.00,101.13
tai30_20_10,gtmwkr,2687.69,2564.50,42.58
tai30_20_10,gp,2435.29,2304.00,50.07
tai30_20_10,mix,2512.29,2291.50,132.98
tai50_15_01,v2,3392.87,3234.00,70.84
tai50_15_01,graspmor,4003.89,3803.00,145.88
tai50_15_01,gtmwkr,3697.75,3532.00,53.87
tai50_15_01,gp,3419.70,3250.50,61.43
tai50_15_01,mix,3503.18,3234.00,151.09
tai50_15_02,v2,3238.63,3067.00,75.44
tai50_15_02,graspmor,3954.65,3717.00,121.13
tai50_15_02,gtmwkr,3498.35,3351.50,59.35
tai50_15_02,gp,3250.20,3114.00,63.59
tai50_15_02,mix,3328.18,3067.00,137.55
tai50_15_03,v2,3123.04,3003.50,54.01
tai50_15_03,graspmor,3605.55,3434.00,94.74
tai50_15_03,gtmwkr,3217.50,3095.00,40.54
tai50_15_03,gp,3051.73,2941.00,47.08
tai50_15_03,mix,3126.80,2962.00,82.54
tai50_15_04,v2,3151.73,3021.50,63.13
tai50_15_04,graspmor,3729.90,3493.50,135.07
tai50_15_04,gtmwkr,3290.33,3156.50,43.59
tai50_15_04,gp,3125.96,2996.00,63.45
tai50_15_04,mix,3188.61,2996.00,92.82
tai50_15_05,v2,3241.42,3101.50,68.39
tai50_15_05,graspmor,3943.40,3654.00,129.19
tai50_15_05,gtmwkr,3436.93,3329.50,42.30
tai50_15_05,gp,3149.91,3026.00,53.46
tai50_15_05,mix,3278.98,3033.00,134.85
tai50_15_06,v2,3201.25,3021.50,57.18
tai50_15_06,graspmor,4230.66,3943.00,164.94
tai50_15_06,gtmwkr,3321.52,3217.50,39.37
tai50_15_06,gp,3147.93,3014.00,57.73
tai50_15_06,mix,3224.67,3014.00,89.97
tai50_15_07,v2,3412.13,3237.50,73.05
tai50_15_07,graspmor,3982.85,3743.00,116.46
tai50_15_07,gtmwkr,3566.92,3452.50,50.35
tai50_15_07,gp,3330.53,3175.50,65.03
tai50_15_07,mix,3439.87,3175.50,117.45
tai50_15_08,v2,3325.47,3145.00,71.25
tai50_15_08,graspmor,3999.18,3730.50,143.47
tai50_15_08,gtmwkr,3545.56,3413.00,50.61
tai50_15_08,gp,3331.66,3202.00,59.91
tai50_15_08,mix,3398.88,3188.00,122.13
tai50_15_09,v2,3203.19,3025.00,64.27
tai50_15_09,graspmor,3951.82,3734.50,111.71
tai50_15_09,gtmwkr,3370.98,3249.50,42.93
tai50_15_09,gp,3124.24,2991.00,55.19
tai50_15_09,mix,3231.99,3014.50,117.17
tai50_15_10,v2,3104.93,2983.00,56.70
tai50_15_10,graspmor,3611.05,3390.00,120.92
tai50_15_10,gtmwkr,3268.44,3159.00,41.84
tai50_15_10,gp,3135.52,3001.50,62.52
tai50_15_10,mix,3164.43,2983.00,87.45
tai50_20_01,v2,3439.25,3267.50,60.62
tai50_20_01,graspmor,4390.91,4101.00,134.86
tai50_20_01,gtmwkr,3620.20,3485.50,44.72
tai50_20_01,gp,3408.33,3241.50,70.72
tai50_20_01,mix,3493.52,3243.50,105.88
tai50_20_02,v2,3470.71,3315.00,56.76
tai50_20_02,graspmor,4361.54,4090.00,139.03
tai50_20_02,gtmwkr,3656.13,3566.50,41.05
tai50_20_02,gp,3409.55,3300.00,52.08
tai50_20_02,mix,3509.55,3304.00,116.42
tai50_20_03,v2,3257.77,3128.00,53.96
tai50_20_03,graspmor,4132.65,3763.00,129.34
tai50_20_03,gtmwkr,3427.99,3318.50,40.87
tai50_20_03,gp,3190.15,3073.50,53.78
tai50_20_03,mix,3291.91,3073.50,111.54
tai50_20_04,v2,3126.76,3015.00,49.23
tai50_20_04,graspmor,4001.21,3766.50,104.65
tai50_20_04,gtmwkr,3452.66,3326.50,41.04
tai50_20_04,gp,3138.75,2999.50,59.71
tai50_20_04,mix,3237.32,2999.50,159.75
tai50_20_05,v2,3331.53,3183.00,66.67
tai50_20_05,graspmor,4131.57,3910.00,122.35
tai50_20_05,gtmwkr,3608.09,3497.00,50.79
tai50_20_05,gp,3349.69,3213.00,57.69
tai50_20_05,mix,3428.17,3202.00,137.30
tai50_20_06,v2,3371.13,3227.00,52.59
tai50_20_06,graspmor,4190.62,3915.00,133.11
tai50_20_06,gtmwkr,3565.33,3461.00,43.02
tai50_20_06,gp,3268.78,3124.00,47.29
tai50_20_06,mix,3403.63,3124.00,130.86
tai50_20_07,v2,3337.22,3164.00,60.11
tai50_20_07,graspmor,4544.43,4197.00,127.70
tai50_20_07,gtmwkr,3574.25,3453.50,42.61
tai50_20_07,gp,3313.80,3169.00,61.29
tai50_20_07,mix,3405.03,3199.50,126.74
tai50_20_08,v2,3224.33,3073.50,50.44
tai50_20_08,graspmor,4243.55,3898.50,138.99
tai50_20_08,gtmwkr,3367.43,3270.50,35.25
tai50_20_08,gp,3138.69,3026.50,54.37
tai50_20_08,mix,3244.48,3029.50,102.50
tai50_20_09,v2,3571.28,3403.50,71.92
tai50_20_09,graspmor,4423.30,4120.00,145.36
tai50_20_09,gtmwkr,3769.37,3645.50,45.85
tai50_20_09,gp,3528.55,3381.00,60.11
tai50_20_09,mix,3629.67,3402.50,119.72
tai50_20_10,v2,3615.49,3467.00,60.65
tai50_20_10,graspmor,4621.22,4264.00,112.57
tai50_20_10,gtmwkr,3758.51,3642.00,45.83
tai50_20_10,gp,3546.59,3413.50,60.19
tai50_20_10,mix,3640.94,3413.50,104.35
