neigh,instance,group,n_runs,best_E,avg_E,sd_E,med_rt
n1,F0.15.0.abz7_06,abz7,30,671.0,679.0667,4.5764,21.898
n1,F0.15.0.abz8_05,abz8,30,680.0,689.5833,5.5431,24.609
n1,F0.15.0.abz9_10,abz9,30,694.0,706.05,5.9572,23.008
n1,F0.15.0.ft10_10,ft10,30,935.5,940.7333,4.8061,4.508
n1,F0.15.0.ft20_05,ft20,30,1166.0,1174.1667,5.6999,7.828
n1,F0.15.0.la21_04,la21,30,1055.5,1066.35,8.7653,7.523
n1,F0.15.0.la24_03,la24,30,944.5,948.9167,4.4375,7.109
n1,F0.15.0.la25_04,la25,30,980.0,990.9,6.1538,7.953
n1,F0.15.0.la27_09,la27,30,1248.5,1262.5833,6.6722,14.203
n1,F0.15.0.la29_03,la29,30,1174.0,1191.5,10.1336,16.797
n1,F0.15.0.la38_06,la38,30,1204.5,1233.1167,11.302,12.406
n1,F0.15.0.la40_05,la40,30,1233.5,1240.4833,7.3067,11.109
n1,tai15_15_01.F.15_01,tai15_15,30,1247.0,1255.4167,6.6515,12.328
n1,tai15_15_02.F.15_01,tai15_15,30,1252.5,1269.3333,7.5388,10.445
n1,tai15_15_03.F.15_01,tai15_15,30,1231.5,1245.9,5.607,12.234
n1,tai15_15_04.F.15_01,tai15_15,30,1186.0,1199.7333,9.0208,13.195
n1,tai15_15_05.F.15_01,tai15_15,30,1243.0,1253.7,5.2434,10.406
n1,tai15_15_06.F.15_01,tai15_15,30,1257.0,1268.15,7.8588,13.359
n1,tai15_15_07.F.15_01,tai15_15,30,1242.0,1259.5333,7.7936,10.609
n1,tai15_15_08.F.15_01,tai15_15,30,1231.0,1250.7333,13.6506,9.148
n1,tai15_15_09.F.15_01,tai15_15,30,1301.0,1311.7,11.187,9.836
n1,tai15_15_10.F.15_01,tai15_15,30,1244.0,1266.9833,21.5541,12.039
n1,tai20_15_01.F.15_01,tai20_15,30,1401.0,1422.5167,17.2329,23.398
n1,tai20_15_02.F.15_01,tai20_15,30,1390.5,1406.5833,9.9932,24.359
n1,tai20_15_03.F.15_01,tai20_15,30,1371.5,1405.8333,14.4397,26.32
n1,tai20_15_04.F.15_01,tai20_15,30,1352.5,1373.9167,8.6882,20.672
n1,tai20_15_05.F.15_01,tai20_15,30,1383.5,1398.85,10.8542,22.188
n1,tai20_15_06.F.15_01,tai20_15,30,1392.0,1414.1,14.5682,26.148
n1,tai20_15_07.F.15_01,tai20_15,30,1492.5,1518.6167,14.1505,21.094
n1,tai20_15_08.F.15_01,tai20_15,30,1437.0,1466.4167,12.6941,26.367
n1,tai20_15_09.F.15_01,tai20_15,30,1367.0,1404.5667,13.9455,25.172
n1,tai20_15_10.F.15_01,tai20_15,30,1383.5,1400.5333,10.7951,23.094
n1,tai20_20_01.F.15_01,tai20_20,30,1685.0,1710.0167,15.7094,33.062
n1,tai20_20_02.F.15_01,tai20_20,30,1630.0,1660.7167,11.2355,32.445
n1,tai20_20_03.F.15_01,tai20_20,30,1598.0,1624.5333,14.4347,33.508
n1,tai20_20_04.F.15_01,tai20_20,30,1666.0,1700.95,17.8757,38.25
n1,tai20_20_05.F.15_01,tai20_20,30,1643.5,1671.8,12.2858,32.742
n1,tai20_20_06.F.15_01,tai20_20,30,1701.0,1721.8,11.649,32.477
n1,tai20_20_07.F.15_01,tai20_20,30,1716.5,1740.6833,11.0262,32.75
n1,tai20_20_08.F.15_01,tai20_20,30,1640.0,1659.3833,9.7261,35.734
n1,tai20_20_09.F.15_01,tai20_20,30,1649.0,1665.7167,7.7955,28.273
n1,tai20_20_10.F.15_01,tai20_20,30,1628.5,1649.2667,11.3074,33.422
n1,tai30_15_01.F.15_01,tai30_15,30,1800.0,1824.0333,16.0811,78.422
n1,tai30_15_02.F.15_01,tai30_15,30,1868.5,1897.8,21.7694,83.211
n1,tai30_15_03.F.15_01,tai30_15,30,1870.0,1895.4,17.4931,72.914
n1,tai30_15_04.F.15_01,tai30_15,30,1901.0,1935.5167,16.8239,66.789
n1,tai30_15_05.F.15_01,tai30_15,30,2007.0,2022.8,12.6584,51.203
n1,tai30_15_06.F.15_01,tai30_15,30,1865.0,1895.6833,19.6458,79.391
n1,tai30_15_07.F.15_01,tai30_15,30,1839.5,1860.35,19.0005,71.742
n1,tai30_15_08.F.15_01,tai30_15,30,1747.5,1770.2167,14.5375,71.648
n1,tai30_15_09.F.15_01,tai30_15,30,1826.5,1863.8167,17.8429,64.844
n1,tai30_15_10.F.15_01,tai30_15,30,1760.0,1784.0667,16.7166,74.82
n1,tai30_20_01.F.15_01,tai30_20,30,2090.0,2162.4333,29.8076,90.523
n1,tai30_20_02.F.15_01,tai30_20,30,2031.5,2077.7167,20.4474,108.148
n1,tai30_20_03.F.15_01,tai30_20,30,1939.0,1989.85,28.6251,106.164
n1,tai30_20_04.F.15_01,tai30_20,30,2072.5,2108.3667,23.1762,92.508
n1,tai30_20_05.F.15_01,tai30_20,30,2049.0,2100.2167,24.5222,84.359
n1,tai30_20_06.F.15_01,tai30_20,30,2101.5,2145.2833,22.1463,101.969
n1,tai30_20_07.F.15_01,tai30_20,30,2005.0,2043.3167,19.9129,97.641
n1,tai30_20_08.F.15_01,tai30_20,30,2026.0,2087.15,18.449,110.734
n1,tai30_20_09.F.15_01,tai30_20,30,2041.0,2077.05,20.7095,102.789
n1,tai30_20_10.F.15_01,tai30_20,30,2023.5,2069.95,23.6899,88.438
n1,tai50_15_01.F.15_01,tai50_15,30,2767.0,2799.0667,23.7899,280.101
n1,tai50_15_02.F.15_01,tai50_15,30,2756.0,2803.5833,23.7204,292.14
n1,tai50_15_03.F.15_01,tai50_15,30,2718.0,2738.0333,18.5783,303.351
n1,tai50_15_04.F.15_01,tai50_15,30,2839.0,2847.4167,9.8647,143.609
n1,tai50_15_05.F.15_01,tai50_15,30,2719.0,2763.1167,27.6564,302.696
n1,tai50_15_06.F.15_01,tai50_15,30,2792.5,2824.6667,24.7753,278.399
n1,tai50_15_07.F.15_01,tai50_15,30,2943.0,2956.05,15.4263,218.461
n1,tai50_15_08.F.15_01,tai50_15,30,2905.0,2907.6,5.6605,213.891
n1,tai50_15_09.F.15_01,tai50_15,30,2685.0,2719.95,22.8497,323.914
n1,tai50_15_10.F.15_01,tai50_15,30,2733.5,2782.55,30.9692,256.125
n1,tai50_20_01.F.15_01,tai50_20,30,2939.5,3003.5167,32.8244,334.953
n1,tai50_20_02.F.15_01,tai50_20,30,3027.0,3083.8667,29.8739,379.344
n1,tai50_20_03.F.15_01,tai50_20,30,2798.5,2877.5,34.7302,402.695
n1,tai50_20_04.F.15_01,tai50_20,30,2764.5,2816.6667,35.0682,405.883
n1,tai50_20_05.F.15_01,tai50_20,30,2797.0,2860.1333,26.2672,395.742
n1,tai50_20_06.F.15_01,tai50_20,30,2902.0,2970.2,29.2874,398.321
n1,tai50_20_07.F.15_01,tai50_20,30,2884.0,2953.2667,41.8086,435.11
n1,tai50_20_08.F.15_01,tai50_20,30,2835.0,2872.6667,31.2336,326.132
n1,tai50_20_09.F.15_01,tai50_20,30,3077.0,3138.5667,36.086,331.258
n1,tai50_20_10.F.15_01,tai50_20,30,3102.0,3176.55,36.1265,351.523
n2,F0.15.0.abz7_06,abz7,30,668.0,675.8833,3.3417,32.055
n2,F0.15.0.abz8_05,abz8,30,674.0,687.8,5.1522,38.609
n2,F0.15.0.abz9_10,abz9,30,694.5,702.6833,4.6097,40.07
n2,F0.15.0.ft10_10,ft10,30,935.5,939.2,4.9158,6.523
n2,F0.15.0.ft20_05,ft20,30,1166.0,1167.7333,3.6853,9.062
n2,F0.15.0.la21_04,la21,30,1052.0,1060.5,5.3272,11.094
n2,F0.15.0.la24_03,la24,30,942.5,947.7833,4.8702,10.305
n2,F0.15.0.la25_04,la25,30,979.0,989.8167,6.1805,10.211
n2,F0.15.0.la27_09,la27,30,1247.0,1255.8833,3.8945,19.156
n2,F0.15.0.la29_03,la29,30,1174.5,1185.1,7.6861,21.289
n2,F0.15.0.la38_06,la38,30,1204.5,1218.8667,11.8721,19.531
n2,F0.15.0.la40_05,la40,30,1230.5,1235.3,3.6592,16.82
n2,tai15_15_01.F.15_01,tai15_15,30,1246.5,1253.8333,5.2017,19.805
n2,tai15_15_02.F.15_01,tai15_15,30,1247.0,1264.5,9.379,18.883
n2,tai15_15_03.F.15_01,tai15_15,30,1234.5,1246.5167,4.8236,22.633
n2,tai15_15_04.F.15_01,tai15_15,30,1179.0,1190.4333,8.4779,20.703
n2,tai15_15_05.F.15_01,tai15_15,30,1237.0,1251.2,5.1572,18.648
n2,tai15_15_06.F.15_01,tai15_15,30,1254.0,1262.3667,6.4567,20.023
n2,tai15_15_07.F.15_01,tai15_15,30,1234.5,1248.7,11.7051,16.266
n2,tai15_15_08.F.15_01,tai15_15,30,1231.0,1245.8833,9.1253,16.797
n2,tai15_15_09.F.15_01,tai15_15,30,1304.0,1308.7333,4.5632,17.008
n2,tai15_15_10.F.15_01,tai15_15,30,1244.0,1268.6667,17.1833,19.25
n2,tai20_15_01.F.15_01,tai20_15,30,1394.5,1412.7333,12.1738,44.594
n2,tai20_15_02.F.15_01,tai20_15,30,1388.5,1397.2167,6.6911,31.297
n2,tai20_15_03.F.15_01,tai20_15,30,1374.0,1394.5333,13.7846,43.344
n2,tai20_15_04.F.15_01,tai20_15,30,1351.0,1369.5333,7.3437,35.258
n2,tai20_15_05.F.15_01,tai20_15,30,1371.5,1392.0333,5.9494,44.414
n2,tai20_15_06.F.15_01,tai20_15,30,1386.5,1404.6167,11.8254,37.93
n2,tai20_15_07.F.15_01,tai20_15,30,1490.0,1507.95,9.8062,40.312
n2,tai20_15_08.F.15_01,tai20_15,30,1428.0,1449.0333,13.3707,44.039
n2,tai20_15_09.F.15_01,tai20_15,30,1358.5,1392.5333,18.0292,47.516
n2,tai20_15_10.F.15_01,tai20_15,30,1377.0,1395.7,12.0678,41.312
n2,tai20_20_01.F.15_01,tai20_20,30,1681.0,1703.5833,12.4818,59.82
n2,tai20_20_02.F.15_01,tai20_20,30,1626.0,1652.8,10.307,58.844
n2,tai20_20_03.F.15_01,tai20_20,30,1585.5,1606.0833,10.8898,49.391
n2,tai20_20_04.F.15_01,tai20_20,30,1667.5,1690.9667,12.2093,57.875
n2,tai20_20_05.F.15_01,tai20_20,30,1637.5,1659.2167,11.5061,58.914
n2,tai20_20_06.F.15_01,tai20_20,30,1697.0,1718.5833,14.1824,54.469
n2,tai20_20_07.F.15_01,tai20_20,30,1717.0,1735.9333,9.8144,57.586
n2,tai20_20_08.F.15_01,tai20_20,30,1638.0,1655.4333,11.44,59.586
n2,tai20_20_09.F.15_01,tai20_20,30,1652.0,1663.7833,9.3723,50.094
n2,tai20_20_10.F.15_01,tai20_20,30,1619.5,1636.95,10.9822,69.773
n2,tai30_15_01.F.15_01,tai30_15,30,1782.0,1798.8333,10.7225,101.875
n2,tai30_15_02.F.15_01,tai30_15,30,1848.0,1868.3833,12.0985,127.109
n2,tai30_15_03.F.15_01,tai30_15,30,1855.0,1870.4667,10.5878,106.296
n2,tai30_15_04.F.15_01,tai30_15,30,1890.0,1914.4167,15.707,97.617
n2,tai30_15_05.F.15_01,tai30_15,30,2007.0,2012.3,4.6565,61.125
n2,tai30_15_06.F.15_01,tai30_15,30,1842.5,1870.3833,18.9512,104.578
n2,tai30_15_07.F.15_01,tai30_15,30,1822.0,1839.1833,9.7322,112.836
n2,tai30_15_08.F.15_01,tai30_15,30,1726.0,1745.7667,10.5909,121.875
n2,tai30_15_09.F.15_01,tai30_15,30,1821.0,1842.9667,11.0375,89.547
n2,tai30_15_10.F.15_01,tai30_15,30,1720.0,1752.8167,13.7273,102.039
n2,tai30_20_01.F.15_01,tai30_20,30,2090.5,2136.9667,22.3367,158.016
n2,tai30_20_02.F.15_01,tai30_20,30,2008.0,2041.5167,17.3987,191.75
n2,tai30_20_03.F.15_01,tai30_20,30,1911.5,1966.8167,23.7735,197.047
n2,tai30_20_04.F.15_01,tai30_20,30,2040.0,2081.5667,22.7762,151.203
n2,tai30_20_05.F.15_01,tai30_20,30,2051.0,2080.3167,14.8315,132.016
n2,tai30_20_06.F.15_01,tai30_20,30,2091.5,2127.0333,22.3849,168.094
n2,tai30_20_07.F.15_01,tai30_20,30,1986.0,2015.3667,16.6428,161.336
n2,tai30_20_08.F.15_01,tai30_20,30,2029.5,2062.5167,18.6008,161.062
n2,tai30_20_09.F.15_01,tai30_20,30,2027.5,2056.4,17.9829,155.359
n2,tai30_20_10.F.15_01,tai30_20,30,2002.0,2042.5,20.5464,163.094
n2,tai50_15_01.F.15_01,tai50_15,30,2760.0,2760.6,2.0485,203.993
n2,tai50_15_02.F.15_01,tai50_15,30,2756.0,2758.8167,4.8928,211.984
n2,tai50_15_03.F.15_01,tai50_15,30,2718.0,2718.0167,0.0913,161.609
n2,tai50_15_04.F.15_01,tai50_15,30,2839.0,2839.5,2.7386,107.531
n2,tai50_15_05.F.15_01,tai50_15,30,2688.0,2702.25,13.7826,244.257
n2,tai50_15_06.F.15_01,tai50_15,30,2784.0,2788.6167,8.3425,155.633
n2,tai50_15_07.F.15_01,tai50_15,30,2943.0,2943.75,2.487,126.906
n2,tai50_15_08.F.15_01,tai50_15,30,2905.0,2905.0,0.0,125.422
n2,tai50_15_09.F.15_01,tai50_15,30,2667.0,2674.9833,11.4962,209.172
n2,tai50_15_10.F.15_01,tai50_15,30,2726.0,2734.1667,14.2782,185.031
n2,tai50_20_01.F.15_01,tai50_20,30,2881.5,2920.55,23.1268,541.953
n2,tai50_20_02.F.15_01,tai50_20,30,2974.0,3012.9667,19.9862,459.851
n2,tai50_20_03.F.15_01,tai50_20,30,2767.5,2801.6833,26.4906,544.61
n2,tai50_20_04.F.15_01,tai50_20,30,2718.0,2742.45,14.5947,520.632
n2,tai50_20_05.F.15_01,tai50_20,30,2757.5,2782.7833,18.9203,574.055
n2,tai50_20_06.F.15_01,tai50_20,30,2879.0,2903.4333,17.9111,527.375
n2,tai50_20_07.F.15_01,tai50_20,30,2855.5,2890.0833,23.1852,584.921
n2,tai50_20_08.F.15_01,tai50_20,30,2792.0,2814.5833,16.1021,421.109
n2,tai50_20_09.F.15_01,tai50_20,30,3071.0,3074.65,7.6532,439.524
n2,tai50_20_10.F.15_01,tai50_20,30,3042.5,3070.9,15.9867,663.672
n3,F0.15.0.abz7_06,abz7,30,671.0,681.1167,4.5004,145.43
n3,F0.15.0.abz8_05,abz8,30,683.0,696.5667,5.661,168.883
n3,F0.15.0.abz9_10,abz9,30,706.0,721.8667,7.5486,158.094
n3,F0.15.0.ft10_10,ft10,30,935.5,953.2167,11.9775,28.641
n3,F0.15.0.ft20_05,ft20,30,1173.0,1180.0333,4.3667,31.258
n3,F0.15.0.la21_04,la21,30,1057.5,1079.0667,13.956,52.688
n3,F0.15.0.la24_03,la24,30,944.0,953.7833,5.9563,42.68
n3,F0.15.0.la25_04,la25,30,984.5,999.7333,11.0872,38.367
n3,F0.15.0.la27_09,la27,30,1256.5,1271.5333,7.9404,71.703
n3,F0.15.0.la29_03,la29,30,1201.5,1222.6,11.5388,82.898
n3,F0.15.0.la38_06,la38,30,1204.5,1239.5833,14.5514,84.117
n3,F0.15.0.la40_05,la40,30,1233.5,1244.9,7.9138,82.516
n3,tai15_15_01.F.15_01,tai15_15,30,1246.5,1264.0167,8.5918,78.93
n3,tai15_15_02.F.15_01,tai15_15,30,1258.0,1276.25,7.5746,75.094
n3,tai15_15_03.F.15_01,tai15_15,30,1240.0,1258.0167,11.479,90.547
n3,tai15_15_04.F.15_01,tai15_15,30,1193.0,1211.6833,12.631,68.562
n3,tai15_15_05.F.15_01,tai15_15,30,1248.0,1259.1,9.0995,79.547
n3,tai15_15_06.F.15_01,tai15_15,30,1259.5,1278.2667,9.9652,83.75
n3,tai15_15_07.F.15_01,tai15_15,30,1242.0,1260.9167,7.7694,67.367
n3,tai15_15_08.F.15_01,tai15_15,30,1231.0,1249.5667,15.3459,77.609
n3,tai15_15_09.F.15_01,tai15_15,30,1307.5,1327.7333,13.3873,64.484
n3,tai15_15_10.F.15_01,tai15_15,30,1273.5,1290.3167,6.2263,72.734
n3,tai20_15_01.F.15_01,tai20_15,30,1419.5,1441.6667,11.9664,174.75
n3,tai20_15_02.F.15_01,tai20_15,30,1394.0,1416.6,14.3223,184.734
n3,tai20_15_03.F.15_01,tai20_15,30,1391.0,1414.2833,12.843,174.937
n3,tai20_15_04.F.15_01,tai20_15,30,1367.5,1379.8167,8.9399,139.555
n3,tai20_15_05.F.15_01,tai20_15,30,1389.0,1410.2333,10.1927,179.461
n3,tai20_15_06.F.15_01,tai20_15,30,1404.5,1434.2833,15.1707,165.953
n3,tai20_15_07.F.15_01,tai20_15,30,1507.0,1534.25,17.5944,169.094
n3,tai20_15_08.F.15_01,tai20_15,30,1469.5,1495.05,12.247,155.43
n3,tai20_15_09.F.15_01,tai20_15,30,1405.0,1427.1667,13.7949,194.68
n3,tai20_15_10.F.15_01,tai20_15,30,1385.0,1412.0167,11.1367,181.93
n3,tai20_20_01.F.15_01,tai20_20,30,1694.0,1723.25,15.3661,249.141
n3,tai20_20_02.F.15_01,tai20_20,30,1646.5,1675.1,14.6978,282.562
n3,tai20_20_03.F.15_01,tai20_20,30,1600.0,1637.0833,13.4978,281.508
n3,tai20_20_04.F.15_01,tai20_20,30,1689.0,1708.9,15.976,207.344
n3,tai20_20_05.F.15_01,tai20_20,30,1655.0,1681.65,14.1721,266.445
n3,tai20_20_06.F.15_01,tai20_20,30,1714.5,1744.75,13.7105,233.047
n3,tai20_20_07.F.15_01,tai20_20,30,1718.5,1767.2333,19.572,258.453
n3,tai20_20_08.F.15_01,tai20_20,30,1639.5,1669.1333,10.5838,333.016
n3,tai20_20_09.F.15_01,tai20_20,30,1656.0,1675.4333,12.4352,282.898
n3,tai20_20_10.F.15_01,tai20_20,30,1636.5,1657.75,11.1994,311.75
n3,tai30_15_01.F.15_01,tai30_15,30,1810.5,1857.55,22.0592,369.743
n3,tai30_15_02.F.15_01,tai30_15,30,1885.0,1924.5,24.3884,563.274
n3,tai30_15_03.F.15_01,tai30_15,30,1881.0,1915.05,16.3925,524.18
n3,tai30_15_04.F.15_01,tai30_15,30,1922.5,1953.5333,14.0141,421.625
n3,tai30_15_05.F.15_01,tai30_15,30,2011.5,2031.8667,12.8398,241.336
n3,tai30_15_06.F.15_01,tai30_15,30,1895.5,1930.2333,19.5323,470.274
n3,tai30_15_07.F.15_01,tai30_15,30,1852.0,1874.65,16.4773,559.555
n3,tai30_15_08.F.15_01,tai30_15,30,1766.5,1788.7667,15.4461,487.515
n3,tai30_15_09.F.15_01,tai30_15,30,1849.0,1888.8333,17.1707,437.297
n3,tai30_15_10.F.15_01,tai30_15,30,1769.0,1808.6,18.1666,458.226
n3,tai30_20_01.F.15_01,tai30_20,30,2157.0,2205.65,23.0898,686.32
n3,tai30_20_02.F.15_01,tai30_20,30,2065.0,2119.75,26.9734,897.156
n3,tai30_20_03.F.15_01,tai30_20,30,2000.0,2041.4167,21.4693,896.648
n3,tai30_20_04.F.15_01,tai30_20,30,2105.0,2147.3333,21.8586,764.328
n3,tai30_20_05.F.15_01,tai30_20,30,2072.0,2119.0833,17.2302,751.343
n3,tai30_20_06.F.15_01,tai30_20,30,2153.0,2194.5667,25.1313,876.539
n3,tai30_20_07.F.15_01,tai30_20,30,2041.0,2085.15,24.5252,865.257
n3,tai30_20_08.F.15_01,tai30_20,30,2069.5,2102.85,18.2545,890.5
n3,tai30_20_09.F.15_01,tai30_20,30,2059.5,2099.25,24.4691,840.953
n3,tai30_20_10.F.15_01,tai30_20,30,2066.0,2108.8167,22.3327,815.196
n3,tai50_15_01.F.15_01,tai50_15,30,2834.0,2883.4667,39.6484,897.407
n3,tai50_15_02.F.15_01,tai50_15,30,2802.0,2838.75,23.0669,899.062
n3,tai50_15_03.F.15_01,tai50_15,30,2731.0,2764.9167,23.4061,899.64
n3,tai50_15_04.F.15_01,tai50_15,30,2839.0,2852.25,14.2325,590.726
n3,tai50_15_05.F.15_01,tai50_15,30,2766.0,2808.05,22.9938,897.0
n3,tai50_15_06.F.15_01,tai50_15,30,2803.0,2847.6333,21.3259,896.992
n3,tai50_15_07.F.15_01,tai50_15,30,2943.0,2968.0667,24.2134,897.312
n3,tai50_15_08.F.15_01,tai50_15,30,2905.0,2922.1833,16.1504,803.156
n3,tai50_15_09.F.15_01,tai50_15,30,2701.0,2770.45,28.1518,898.321
n3,tai50_15_10.F.15_01,tai50_15,30,2753.0,2788.95,20.1205,898.524
n3,tai50_20_01.F.15_01,tai50_20,30,2989.5,3053.3167,30.6775,897.735
n3,tai50_20_02.F.15_01,tai50_20,30,3099.0,3140.2333,28.2067,897.922
n3,tai50_20_03.F.15_01,tai50_20,30,2885.5,2926.3,25.1676,895.907
n3,tai50_20_04.F.15_01,tai50_20,30,2822.5,2850.6333,19.5271,899.929
n3,tai50_20_05.F.15_01,tai50_20,30,2864.5,2923.0333,29.56,897.008
n3,tai50_20_06.F.15_01,tai50_20,30,2977.5,3012.7333,19.2281,897.188
n3,tai50_20_07.F.15_01,tai50_20,30,2979.0,3029.1167,29.8507,897.649
n3,tai50_20_08.F.15_01,tai50_20,30,2886.5,2930.75,30.1464,898.203
n3,tai50_20_09.F.15_01,tai50_20,30,3141.0,3192.1833,29.5671,897.524
n3,tai50_20_10.F.15_01,tai50_20,30,3175.5,3213.4667,20.7655,897.188
n8,F0.15.0.abz7_06,abz7,30,668.0,676.15,3.9021,57.203
n8,F0.15.0.abz8_05,abz8,30,676.0,687.3,5.7709,65.57
n8,F0.15.0.abz9_10,abz9,30,692.5,701.3833,5.338,67.648
n8,F0.15.0.ft10_10,ft10,30,935.5,940.5167,5.4194,12.273
n8,F0.15.0.ft20_05,ft20,30,1166.0,1167.9,4.0288,17.094
n8,F0.15.0.la21_04,la21,30,1052.0,1060.4667,7.1135,19.93
n8,F0.15.0.la24_03,la24,30,940.5,948.2667,5.4815,20.453
n8,F0.15.0.la25_04,la25,30,981.5,988.8333,6.0917,18.938
n8,F0.15.0.la27_09,la27,30,1242.5,1256.5833,5.4852,31.469
n8,F0.15.0.la29_03,la29,30,1174.5,1188.8167,9.2536,41.727
n8,F0.15.0.la38_06,la38,30,1204.5,1218.5167,9.3675,32.984
n8,F0.15.0.la40_05,la40,30,1229.5,1236.9333,6.0824,28.82
n8,tai15_15_01.F.15_01,tai15_15,30,1246.5,1256.6833,7.0996,34.258
n8,tai15_15_02.F.15_01,tai15_15,30,1255.0,1263.5833,5.8562,36.797
n8,tai15_15_03.F.15_01,tai15_15,30,1234.5,1245.7667,5.2862,35.367
n8,tai15_15_04.F.15_01,tai15_15,30,1179.0,1187.4,7.9853,37.391
n8,tai15_15_05.F.15_01,tai15_15,30,1237.0,1247.7,6.0395,33.422
n8,tai15_15_06.F.15_01,tai15_15,30,1258.0,1261.7833,4.3065,32.93
n8,tai15_15_07.F.15_01,tai15_15,30,1234.5,1248.95,11.9101,26.719
n8,tai15_15_08.F.15_01,tai15_15,30,1231.0,1243.5833,9.8323,30.789
n8,tai15_15_09.F.15_01,tai15_15,30,1304.0,1308.8833,5.5966,30.07
n8,tai15_15_10.F.15_01,tai15_15,30,1244.0,1264.6,18.4472,31.352
n8,tai20_15_01.F.15_01,tai20_15,30,1394.5,1415.35,13.2562,65.492
n8,tai20_15_02.F.15_01,tai20_15,30,1389.5,1397.7833,6.7832,58.594
n8,tai20_15_03.F.15_01,tai20_15,30,1369.0,1395.7,12.102,68.398
n8,tai20_15_04.F.15_01,tai20_15,30,1355.0,1371.25,8.3694,55.117
n8,tai20_15_05.F.15_01,tai20_15,30,1376.5,1395.0,9.0639,64.547
n8,tai20_15_06.F.15_01,tai20_15,30,1388.5,1403.9,10.2943,60.188
n8,tai20_15_07.F.15_01,tai20_15,30,1491.5,1508.8833,9.9583,57.703
n8,tai20_15_08.F.15_01,tai20_15,30,1431.5,1457.7667,12.1668,75.156
n8,tai20_15_09.F.15_01,tai20_15,30,1357.5,1390.3833,16.3869,86.328
n8,tai20_15_10.F.15_01,tai20_15,30,1374.5,1395.3667,11.3896,69.625
n8,tai20_20_01.F.15_01,tai20_20,30,1687.0,1705.9833,9.2871,96.828
n8,tai20_20_02.F.15_01,tai20_20,30,1636.0,1654.5833,9.065,90.508
n8,tai20_20_03.F.15_01,tai20_20,30,1585.0,1613.0833,12.8225,85.492
n8,tai20_20_04.F.15_01,tai20_20,30,1666.0,1690.05,13.884,100.516
n8,tai20_20_05.F.15_01,tai20_20,30,1640.5,1664.0667,13.3576,96.852
n8,tai20_20_06.F.15_01,tai20_20,30,1687.0,1719.0667,13.4976,89.0
n8,tai20_20_07.F.15_01,tai20_20,30,1712.0,1735.0833,10.8183,95.094
n8,tai20_20_08.F.15_01,tai20_20,30,1639.0,1657.2,12.0585,98.867
n8,tai20_20_09.F.15_01,tai20_20,30,1648.5,1660.2167,6.3933,82.0
n8,tai20_20_10.F.15_01,tai20_20,30,1617.0,1635.8833,10.3688,102.219
n8,tai30_15_01.F.15_01,tai30_15,30,1773.5,1802.2833,12.8892,171.234
n8,tai30_15_02.F.15_01,tai30_15,30,1842.0,1872.5167,17.87,211.484
n8,tai30_15_03.F.15_01,tai30_15,30,1844.5,1873.2667,14.7009,172.086
n8,tai30_15_04.F.15_01,tai30_15,30,1883.5,1914.1,18.0705,134.578
n8,tai30_15_05.F.15_01,tai30_15,30,2007.0,2012.3333,3.6373,94.047
n8,tai30_15_06.F.15_01,tai30_15,30,1840.5,1871.1167,15.9453,173.539
n8,tai30_15_07.F.15_01,tai30_15,30,1827.0,1842.8333,8.3597,192.188
n8,tai30_15_08.F.15_01,tai30_15,30,1720.0,1747.9333,12.1944,193.312
n8,tai30_15_09.F.15_01,tai30_15,30,1825.0,1841.6,12.7816,142.359
n8,tai30_15_10.F.15_01,tai30_15,30,1730.5,1759.4667,13.3138,152.836
n8,tai30_20_01.F.15_01,tai30_20,30,2103.5,2140.7167,18.4637,257.086
n8,tai30_20_02.F.15_01,tai30_20,30,2007.0,2049.1833,17.909,322.875
n8,tai30_20_03.F.15_01,tai30_20,30,1931.5,1968.0667,19.5337,293.664
n8,tai30_20_04.F.15_01,tai30_20,30,2060.5,2086.6833,18.4655,233.367
n8,tai30_20_05.F.15_01,tai30_20,30,2054.5,2084.3333,19.541,220.031
n8,tai30_20_06.F.15_01,tai30_20,30,2073.0,2127.2,21.7436,275.726
n8,tai30_20_07.F.15_01,tai30_20,30,1993.0,2027.4833,23.8308,273.742
n8,tai30_20_08.F.15_01,tai30_20,30,2031.0,2063.2833,16.7171,267.399
n8,tai30_20_09.F.15_01,tai30_20,30,2023.5,2059.2833,18.5122,229.5
n8,tai30_20_10.F.15_01,tai30_20,30,2023.0,2046.8167,18.8581,264.461
n8,tai50_15_01.F.15_01,tai50_15,30,2760.0,2762.35,5.2901,291.343
n8,tai50_15_02.F.15_01,tai50_15,30,2756.0,2758.7167,5.5518,272.422
n8,tai50_15_03.F.15_01,tai50_15,30,2718.0,2718.35,1.409,233.438
n8,tai50_15_04.F.15_01,tai50_15,30,2839.0,2840.0,3.8056,158.086
n8,tai50_15_05.F.15_01,tai50_15,30,2688.0,2702.5333,13.2587,406.953
n8,tai50_15_06.F.15_01,tai50_15,30,2784.0,2790.25,6.7604,257.992
n8,tai50_15_07.F.15_01,tai50_15,30,2943.0,2943.0,0.0,197.109
n8,tai50_15_08.F.15_01,tai50_15,30,2905.0,2905.0,0.0,184.274
n8,tai50_15_09.F.15_01,tai50_15,30,2667.0,2676.4833,15.3637,385.039
n8,tai50_15_10.F.15_01,tai50_15,30,2726.0,2732.4667,8.3871,261.258
n8,tai50_20_01.F.15_01,tai50_20,30,2881.5,2930.5333,23.5654,783.836
n8,tai50_20_02.F.15_01,tai50_20,30,2964.0,3014.85,30.5558,653.336
n8,tai50_20_03.F.15_01,tai50_20,30,2766.5,2800.8333,22.7241,749.883
n8,tai50_20_04.F.15_01,tai50_20,30,2705.5,2740.8333,16.9387,688.696
n8,tai50_20_05.F.15_01,tai50_20,30,2754.5,2788.1333,19.4049,741.328
n8,tai50_20_06.F.15_01,tai50_20,30,2871.5,2900.6,22.335,654.867
n8,tai50_20_07.F.15_01,tai50_20,30,2862.0,2888.4,18.4888,787.649
n8,tai50_20_08.F.15_01,tai50_20,30,2791.5,2816.0,14.172,534.461
n8,tai50_20_09.F.15_01,tai50_20,30,3071.0,3082.5667,16.9139,460.976
n8,tai50_20_10.F.15_01,tai50_20,30,3049.0,3081.8667,21.192,701.399
next,F0.15.0.abz7_06,abz7,30,671.0,677.2667,3.6145,29.078
next,F0.15.0.abz8_05,abz8,30,680.0,687.0,4.0236,31.68
next,F0.15.0.abz9_10,abz9,30,696.5,705.8,5.9908,30.32
next,F0.15.0.ft10_10,ft10,30,935.5,939.0,4.2851,4.836
next,F0.15.0.ft20_05,ft20,30,1166.0,1168.3667,4.1893,9.789
next,F0.15.0.la21_04,la21,30,1052.0,1061.45,6.1789,8.062
next,F0.15.0.la24_03,la24,30,940.5,947.7333,5.1239,7.898
next,F0.15.0.la25_04,la25,30,984.5,992.2167,6.2749,8.805
next,F0.15.0.la27_09,la27,30,1246.0,1258.65,5.8798,18.258
next,F0.15.0.la29_03,la29,30,1174.0,1188.3167,10.6654,20.641
next,F0.15.0.la38_06,la38,30,1204.5,1218.4667,9.8742,14.102
next,F0.15.0.la40_05,la40,30,1229.5,1235.9,5.9819,13.336
next,tai15_15_01.F.15_01,tai15_15,30,1246.5,1256.2,7.0118,15.812
next,tai15_15_02.F.15_01,tai15_15,30,1260.5,1265.7167,5.8585,13.438
next,tai15_15_03.F.15_01,tai15_15,30,1234.0,1244.6333,6.9901,14.883
next,tai15_15_04.F.15_01,tai15_15,30,1179.0,1194.1333,9.5194,13.57
next,tai15_15_05.F.15_01,tai15_15,30,1241.5,1252.0,5.2736,13.242
next,tai15_15_06.F.15_01,tai15_15,30,1257.5,1265.85,9.4332,15.586
next,tai15_15_07.F.15_01,tai15_15,30,1234.5,1250.65,11.6664,12.547
next,tai15_15_08.F.15_01,tai15_15,30,1237.5,1247.3167,9.5452,11.367
next,tai15_15_09.F.15_01,tai15_15,30,1304.0,1313.4667,8.684,13.023
next,tai15_15_10.F.15_01,tai15_15,30,1244.0,1274.5,16.8344,14.375
next,tai20_15_01.F.15_01,tai20_15,30,1389.0,1414.15,12.3051,32.172
next,tai20_15_02.F.15_01,tai20_15,30,1390.0,1401.9,7.6692,30.062
next,tai20_15_03.F.15_01,tai20_15,30,1369.0,1399.45,12.0869,31.562
next,tai20_15_04.F.15_01,tai20_15,30,1357.5,1368.65,6.649,27.711
next,tai20_15_05.F.15_01,tai20_15,30,1379.5,1399.75,9.3096,31.703
next,tai20_15_06.F.15_01,tai20_15,30,1370.0,1406.4167,14.1872,28.273
next,tai20_15_07.F.15_01,tai20_15,30,1489.5,1514.55,10.6991,27.109
next,tai20_15_08.F.15_01,tai20_15,30,1425.5,1454.0833,16.4165,36.844
next,tai20_15_09.F.15_01,tai20_15,30,1368.0,1394.1333,16.5597,35.031
next,tai20_15_10.F.15_01,tai20_15,30,1383.0,1400.0333,10.2258,32.312
next,tai20_20_01.F.15_01,tai20_20,30,1676.0,1711.5167,13.0922,44.07
next,tai20_20_02.F.15_01,tai20_20,30,1632.0,1655.4167,11.1247,42.617
next,tai20_20_03.F.15_01,tai20_20,30,1594.5,1615.4833,12.2104,40.555
next,tai20_20_04.F.15_01,tai20_20,30,1664.5,1698.0333,13.8868,41.891
next,tai20_20_05.F.15_01,tai20_20,30,1638.5,1667.1,12.5954,45.844
next,tai20_20_06.F.15_01,tai20_20,30,1695.5,1721.85,13.3217,44.523
next,tai20_20_07.F.15_01,tai20_20,30,1710.5,1741.5667,13.7545,45.07
next,tai20_20_08.F.15_01,tai20_20,30,1639.0,1659.1333,12.0851,44.93
next,tai20_20_09.F.15_01,tai20_20,30,1647.5,1664.1167,9.4447,37.336
next,tai20_20_10.F.15_01,tai20_20,30,1625.0,1644.1,13.4974,46.914
next,tai30_15_01.F.15_01,tai30_15,30,1778.5,1801.8667,11.6958,95.594
next,tai30_15_02.F.15_01,tai30_15,30,1844.5,1876.3333,16.875,123.851
next,tai30_15_03.F.15_01,tai30_15,30,1859.5,1876.05,12.0762,90.484
next,tai30_15_04.F.15_01,tai30_15,30,1893.5,1917.3,15.0026,82.812
next,tai30_15_05.F.15_01,tai30_15,30,2007.0,2013.0833,3.2166,65.531
next,tai30_15_06.F.15_01,tai30_15,30,1845.0,1875.9833,16.7736,103.766
next,tai30_15_07.F.15_01,tai30_15,30,1835.0,1850.45,16.2026,105.734
next,tai30_15_08.F.15_01,tai30_15,30,1724.5,1757.8833,15.9058,96.211
next,tai30_15_09.F.15_01,tai30_15,30,1821.0,1851.3333,18.6766,85.648
next,tai30_15_10.F.15_01,tai30_15,30,1748.0,1770.5833,14.7812,95.547
next,tai30_20_01.F.15_01,tai30_20,30,2093.5,2143.7667,26.3713,120.898
next,tai30_20_02.F.15_01,tai30_20,30,2022.5,2049.2,14.2905,129.656
next,tai30_20_03.F.15_01,tai30_20,30,1932.0,1975.7167,19.1845,127.469
next,tai30_20_04.F.15_01,tai30_20,30,2055.0,2095.5333,19.4887,109.0
next,tai30_20_05.F.15_01,tai30_20,30,2069.5,2092.4167,17.444,99.914
next,tai30_20_06.F.15_01,tai30_20,30,2095.0,2126.1833,17.9239,135.828
next,tai30_20_07.F.15_01,tai30_20,30,1985.5,2022.9833,21.239,123.031
next,tai30_20_08.F.15_01,tai30_20,30,2043.0,2074.5667,18.6745,128.125
next,tai30_20_09.F.15_01,tai30_20,30,2031.5,2067.2833,19.1021,111.82
next,tai30_20_10.F.15_01,tai30_20,30,1994.5,2047.9333,22.2659,121.391
next,tai50_15_01.F.15_01,tai50_15,30,2760.0,2769.6167,12.3921,352.383
next,tai50_15_02.F.15_01,tai50_15,30,2756.0,2770.0,15.8147,337.305
next,tai50_15_03.F.15_01,tai50_15,30,2718.0,2721.1667,7.8084,297.188
next,tai50_15_04.F.15_01,tai50_15,30,2839.0,2839.5,2.7386,145.969
next,tai50_15_05.F.15_01,tai50_15,30,2688.0,2719.2,19.9757,418.187
next,tai50_15_06.F.15_01,tai50_15,30,2784.0,2803.4,16.8279,361.633
next,tai50_15_07.F.15_01,tai50_15,30,2943.0,2943.25,0.774,194.719
next,tai50_15_08.F.15_01,tai50_15,30,2905.0,2905.0,0.0,197.047
next,tai50_15_09.F.15_01,tai50_15,30,2667.0,2689.05,19.3824,405.336
next,tai50_15_10.F.15_01,tai50_15,30,2726.0,2743.2333,14.5007,367.578
next,tai50_20_01.F.15_01,tai50_20,30,2902.5,2945.05,24.3991,604.305
next,tai50_20_02.F.15_01,tai50_20,30,2984.0,3028.65,27.4044,594.507
next,tai50_20_03.F.15_01,tai50_20,30,2778.5,2821.1333,25.6407,569.867
next,tai50_20_04.F.15_01,tai50_20,30,2725.5,2766.1,26.2759,663.289
next,tai50_20_05.F.15_01,tai50_20,30,2755.0,2801.9167,25.8327,780.5
next,tai50_20_06.F.15_01,tai50_20,30,2890.5,2927.3667,25.0578,789.0
next,tai50_20_07.F.15_01,tai50_20,30,2865.0,2909.5167,22.5115,850.985
next,tai50_20_08.F.15_01,tai50_20,30,2800.5,2827.6667,13.7905,691.89
next,tai50_20_09.F.15_01,tai50_20,30,3071.0,3093.6333,26.2508,667.743
next,tai50_20_10.F.15_01,tai50_20,30,3069.5,3120.75,25.3567,727.312
